id,edi_code,name,district_id/id,country_id:id,state_id:id
cit_1,1,ASUNCION (DISTRITO),py_ctrm_fcws.distri_1,base.py,py_ctrm_fcws.state_py_1
cit_1,1,ASUNCION (DISTRITO),py_ctrm_fcws.distri_1,base.py,py_ctrm_fcws.state_py_1
cit_1,1,ASUNCION (DISTRITO),py_ctrm_fcws.distri_1,base.py,py_ctrm_fcws.state_py_1
cit_1,1,ASUNCION (DISTRITO),py_ctrm_fcws.distri_1,base.py,py_ctrm_fcws.state_py_1
cit_1,1,ASUNCION (DISTRITO),py_ctrm_fcws.distri_1,base.py,py_ctrm_fcws.state_py_1
cit_1,1,ASUNCION (DISTRITO),py_ctrm_fcws.distri_1,base.py,py_ctrm_fcws.state_py_1
cit_1,1,ASUNCION (DISTRITO),py_ctrm_fcws.distri_1,base.py,py_ctrm_fcws.state_py_1
cit_1,1,ASUNCION (DISTRITO),py_ctrm_fcws.distri_1,base.py,py_ctrm_fcws.state_py_1
cit_1,1,ASUNCION (DISTRITO),py_ctrm_fcws.distri_1,base.py,py_ctrm_fcws.state_py_1
cit_1,1,ASUNCION (DISTRITO),py_ctrm_fcws.distri_1,base.py,py_ctrm_fcws.state_py_1
cit_1,1,ASUNCION (DISTRITO),py_ctrm_fcws.distri_1,base.py,py_ctrm_fcws.state_py_1
cit_1,1,ASUNCION (DISTRITO),py_ctrm_fcws.distri_1,base.py,py_ctrm_fcws.state_py_1
cit_1,1,ASUNCION (DISTRITO),py_ctrm_fcws.distri_1,base.py,py_ctrm_fcws.state_py_1
cit_1,1,ASUNCION (DISTRITO),py_ctrm_fcws.distri_1,base.py,py_ctrm_fcws.state_py_1
cit_1,1,ASUNCION (DISTRITO),py_ctrm_fcws.distri_1,base.py,py_ctrm_fcws.state_py_1
cit_1,1,ASUNCION (DISTRITO),py_ctrm_fcws.distri_1,base.py,py_ctrm_fcws.state_py_1
cit_1,1,ASUNCION (DISTRITO),py_ctrm_fcws.distri_1,base.py,py_ctrm_fcws.state_py_1
cit_1,1,ASUNCION (DISTRITO),py_ctrm_fcws.distri_1,base.py,py_ctrm_fcws.state_py_1
cit_1,1,ASUNCION (DISTRITO),py_ctrm_fcws.distri_1,base.py,py_ctrm_fcws.state_py_1
cit_1,1,ASUNCION (DISTRITO),py_ctrm_fcws.distri_1,base.py,py_ctrm_fcws.state_py_1
cit_1,1,ASUNCION (DISTRITO),py_ctrm_fcws.distri_1,base.py,py_ctrm_fcws.state_py_1
cit_1,1,ASUNCION (DISTRITO),py_ctrm_fcws.distri_1,base.py,py_ctrm_fcws.state_py_1
cit_1,1,ASUNCION (DISTRITO),py_ctrm_fcws.distri_1,base.py,py_ctrm_fcws.state_py_1
cit_1,1,ASUNCION (DISTRITO),py_ctrm_fcws.distri_1,base.py,py_ctrm_fcws.state_py_1
cit_1,1,ASUNCION (DISTRITO),py_ctrm_fcws.distri_1,base.py,py_ctrm_fcws.state_py_1
cit_1,1,ASUNCION (DISTRITO),py_ctrm_fcws.distri_1,base.py,py_ctrm_fcws.state_py_1
cit_1,1,ASUNCION (DISTRITO),py_ctrm_fcws.distri_1,base.py,py_ctrm_fcws.state_py_1
cit_1,1,ASUNCION (DISTRITO),py_ctrm_fcws.distri_1,base.py,py_ctrm_fcws.state_py_1
cit_1,1,ASUNCION (DISTRITO),py_ctrm_fcws.distri_1,base.py,py_ctrm_fcws.state_py_1
cit_1,1,ASUNCION (DISTRITO),py_ctrm_fcws.distri_1,base.py,py_ctrm_fcws.state_py_1
cit_1,1,ASUNCION (DISTRITO),py_ctrm_fcws.distri_1,base.py,py_ctrm_fcws.state_py_1
cit_1,1,ASUNCION (DISTRITO),py_ctrm_fcws.distri_1,base.py,py_ctrm_fcws.state_py_1
cit_1,1,ASUNCION (DISTRITO),py_ctrm_fcws.distri_1,base.py,py_ctrm_fcws.state_py_1
cit_1,1,ASUNCION (DISTRITO),py_ctrm_fcws.distri_1,base.py,py_ctrm_fcws.state_py_1
cit_1,1,ASUNCION (DISTRITO),py_ctrm_fcws.distri_1,base.py,py_ctrm_fcws.state_py_1
cit_1,1,ASUNCION (DISTRITO),py_ctrm_fcws.distri_1,base.py,py_ctrm_fcws.state_py_1
cit_1,1,ASUNCION (DISTRITO),py_ctrm_fcws.distri_1,base.py,py_ctrm_fcws.state_py_1
cit_1,1,ASUNCION (DISTRITO),py_ctrm_fcws.distri_1,base.py,py_ctrm_fcws.state_py_1
cit_1,1,ASUNCION (DISTRITO),py_ctrm_fcws.distri_1,base.py,py_ctrm_fcws.state_py_1
cit_1,1,ASUNCION (DISTRITO),py_ctrm_fcws.distri_1,base.py,py_ctrm_fcws.state_py_1
cit_1,1,ASUNCION (DISTRITO),py_ctrm_fcws.distri_1,base.py,py_ctrm_fcws.state_py_1
cit_1,1,ASUNCION (DISTRITO),py_ctrm_fcws.distri_1,base.py,py_ctrm_fcws.state_py_1
cit_1,1,ASUNCION (DISTRITO),py_ctrm_fcws.distri_1,base.py,py_ctrm_fcws.state_py_1
cit_1,1,ASUNCION (DISTRITO),py_ctrm_fcws.distri_1,base.py,py_ctrm_fcws.state_py_1
cit_1,1,ASUNCION (DISTRITO),py_ctrm_fcws.distri_1,base.py,py_ctrm_fcws.state_py_1
cit_1,1,ASUNCION (DISTRITO),py_ctrm_fcws.distri_1,base.py,py_ctrm_fcws.state_py_1
cit_1,1,ASUNCION (DISTRITO),py_ctrm_fcws.distri_1,base.py,py_ctrm_fcws.state_py_1
cit_1,1,ASUNCION (DISTRITO),py_ctrm_fcws.distri_1,base.py,py_ctrm_fcws.state_py_1
cit_1,1,ASUNCION (DISTRITO),py_ctrm_fcws.distri_1,base.py,py_ctrm_fcws.state_py_1
cit_1,1,ASUNCION (DISTRITO),py_ctrm_fcws.distri_1,base.py,py_ctrm_fcws.state_py_1
cit_1,1,ASUNCION (DISTRITO),py_ctrm_fcws.distri_1,base.py,py_ctrm_fcws.state_py_1
cit_1,1,ASUNCION (DISTRITO),py_ctrm_fcws.distri_1,base.py,py_ctrm_fcws.state_py_1
cit_1,1,ASUNCION (DISTRITO),py_ctrm_fcws.distri_1,base.py,py_ctrm_fcws.state_py_1
cit_1,1,ASUNCION (DISTRITO),py_ctrm_fcws.distri_1,base.py,py_ctrm_fcws.state_py_1
cit_1,1,ASUNCION (DISTRITO),py_ctrm_fcws.distri_1,base.py,py_ctrm_fcws.state_py_1
cit_1,1,ASUNCION (DISTRITO),py_ctrm_fcws.distri_1,base.py,py_ctrm_fcws.state_py_1
cit_1,1,ASUNCION (DISTRITO),py_ctrm_fcws.distri_1,base.py,py_ctrm_fcws.state_py_1
cit_1,1,ASUNCION (DISTRITO),py_ctrm_fcws.distri_1,base.py,py_ctrm_fcws.state_py_1
cit_1,1,ASUNCION (DISTRITO),py_ctrm_fcws.distri_1,base.py,py_ctrm_fcws.state_py_1
cit_1,1,ASUNCION (DISTRITO),py_ctrm_fcws.distri_1,base.py,py_ctrm_fcws.state_py_1
cit_1,1,ASUNCION (DISTRITO),py_ctrm_fcws.distri_1,base.py,py_ctrm_fcws.state_py_1
cit_1,1,ASUNCION (DISTRITO),py_ctrm_fcws.distri_1,base.py,py_ctrm_fcws.state_py_1
cit_1,1,ASUNCION (DISTRITO),py_ctrm_fcws.distri_1,base.py,py_ctrm_fcws.state_py_1
cit_1,1,ASUNCION (DISTRITO),py_ctrm_fcws.distri_1,base.py,py_ctrm_fcws.state_py_1
cit_1,1,ASUNCION (DISTRITO),py_ctrm_fcws.distri_1,base.py,py_ctrm_fcws.state_py_1
cit_1,1,ASUNCION (DISTRITO),py_ctrm_fcws.distri_1,base.py,py_ctrm_fcws.state_py_1
cit_1,1,ASUNCION (DISTRITO),py_ctrm_fcws.distri_1,base.py,py_ctrm_fcws.state_py_1
cit_1,1,ASUNCION (DISTRITO),py_ctrm_fcws.distri_1,base.py,py_ctrm_fcws.state_py_1
cit_1,1,ASUNCION (DISTRITO),py_ctrm_fcws.distri_1,base.py,py_ctrm_fcws.state_py_1
cit_1,1,ASUNCION (DISTRITO),py_ctrm_fcws.distri_1,base.py,py_ctrm_fcws.state_py_1
cit_1,1,ASUNCION (DISTRITO),py_ctrm_fcws.distri_1,base.py,py_ctrm_fcws.state_py_1
cit_1,1,ASUNCION (DISTRITO),py_ctrm_fcws.distri_1,base.py,py_ctrm_fcws.state_py_1
cit_1,1,ASUNCION (DISTRITO),py_ctrm_fcws.distri_1,base.py,py_ctrm_fcws.state_py_1
cit_1,1,ASUNCION (DISTRITO),py_ctrm_fcws.distri_1,base.py,py_ctrm_fcws.state_py_1
cit_1,1,ASUNCION (DISTRITO),py_ctrm_fcws.distri_1,base.py,py_ctrm_fcws.state_py_1
cit_1,1,ASUNCION (DISTRITO),py_ctrm_fcws.distri_1,base.py,py_ctrm_fcws.state_py_1
cit_1,1,ASUNCION (DISTRITO),py_ctrm_fcws.distri_1,base.py,py_ctrm_fcws.state_py_1
cit_1,1,ASUNCION (DISTRITO),py_ctrm_fcws.distri_1,base.py,py_ctrm_fcws.state_py_1
cit_1,1,ASUNCION (DISTRITO),py_ctrm_fcws.distri_1,base.py,py_ctrm_fcws.state_py_1
cit_1,1,ASUNCION (DISTRITO),py_ctrm_fcws.distri_1,base.py,py_ctrm_fcws.state_py_1
cit_1,1,ASUNCION (DISTRITO),py_ctrm_fcws.distri_1,base.py,py_ctrm_fcws.state_py_1
cit_1,1,ASUNCION (DISTRITO),py_ctrm_fcws.distri_1,base.py,py_ctrm_fcws.state_py_1
cit_3,3,CONCEPCION (MUNICIPIO),py_ctrm_fcws.distri_2,base.py,py_ctrm_fcws.state_py_2
cit_3,3,CONCEPCION (MUNICIPIO),py_ctrm_fcws.distri_2,base.py,py_ctrm_fcws.state_py_2
cit_3,3,CONCEPCION (MUNICIPIO),py_ctrm_fcws.distri_2,base.py,py_ctrm_fcws.state_py_2
cit_3,3,CONCEPCION (MUNICIPIO),py_ctrm_fcws.distri_2,base.py,py_ctrm_fcws.state_py_2
cit_3,3,CONCEPCION (MUNICIPIO),py_ctrm_fcws.distri_2,base.py,py_ctrm_fcws.state_py_2
cit_3,3,CONCEPCION (MUNICIPIO),py_ctrm_fcws.distri_2,base.py,py_ctrm_fcws.state_py_2
cit_3,3,CONCEPCION (MUNICIPIO),py_ctrm_fcws.distri_2,base.py,py_ctrm_fcws.state_py_2
cit_3,3,CONCEPCION (MUNICIPIO),py_ctrm_fcws.distri_2,base.py,py_ctrm_fcws.state_py_2
cit_3,3,CONCEPCION (MUNICIPIO),py_ctrm_fcws.distri_2,base.py,py_ctrm_fcws.state_py_2
cit_3,3,CONCEPCION (MUNICIPIO),py_ctrm_fcws.distri_2,base.py,py_ctrm_fcws.state_py_2
cit_3,3,CONCEPCION (MUNICIPIO),py_ctrm_fcws.distri_2,base.py,py_ctrm_fcws.state_py_2
cit_3,3,CONCEPCION (MUNICIPIO),py_ctrm_fcws.distri_2,base.py,py_ctrm_fcws.state_py_2
cit_3,3,CONCEPCION (MUNICIPIO),py_ctrm_fcws.distri_2,base.py,py_ctrm_fcws.state_py_2
cit_3,3,CONCEPCION (MUNICIPIO),py_ctrm_fcws.distri_2,base.py,py_ctrm_fcws.state_py_2
cit_3,3,CONCEPCION (MUNICIPIO),py_ctrm_fcws.distri_2,base.py,py_ctrm_fcws.state_py_2
cit_3,3,CONCEPCION (MUNICIPIO),py_ctrm_fcws.distri_2,base.py,py_ctrm_fcws.state_py_2
cit_3,3,CONCEPCION (MUNICIPIO),py_ctrm_fcws.distri_2,base.py,py_ctrm_fcws.state_py_2
cit_3,3,CONCEPCION (MUNICIPIO),py_ctrm_fcws.distri_2,base.py,py_ctrm_fcws.state_py_2
cit_4,4,ABASTO CUE,py_ctrm_fcws.distri_2,base.py,py_ctrm_fcws.state_py_2
cit_5,5,AGUA FRIA,py_ctrm_fcws.distri_2,base.py,py_ctrm_fcws.state_py_2
cit_6,6,AGUARA,py_ctrm_fcws.distri_2,base.py,py_ctrm_fcws.state_py_2
cit_7,7,AGUERO CUE,py_ctrm_fcws.distri_2,base.py,py_ctrm_fcws.state_py_2
cit_8,8,ALBASTI,py_ctrm_fcws.distri_2,base.py,py_ctrm_fcws.state_py_2
cit_9,9,ALBERTO CUE,py_ctrm_fcws.distri_2,base.py,py_ctrm_fcws.state_py_2
cit_10,10,ANEGADIZO,py_ctrm_fcws.distri_2,base.py,py_ctrm_fcws.state_py_2
cit_11,11,AQUIDABAN,py_ctrm_fcws.distri_2,base.py,py_ctrm_fcws.state_py_2
cit_12,12,AQUINO CUE,py_ctrm_fcws.distri_2,base.py,py_ctrm_fcws.state_py_2
cit_13,13,ARCE CUE,py_ctrm_fcws.distri_2,base.py,py_ctrm_fcws.state_py_2
cit_14,14,ARMANDIA,py_ctrm_fcws.distri_2,base.py,py_ctrm_fcws.state_py_2
cit_15,15,ARRECIFE,py_ctrm_fcws.distri_2,base.py,py_ctrm_fcws.state_py_2
cit_16,16,ARROYITO,py_ctrm_fcws.distri_2,base.py,py_ctrm_fcws.state_py_2
cit_17,17,BARRERO CUA,py_ctrm_fcws.distri_2,base.py,py_ctrm_fcws.state_py_2
cit_18,18,BARRERO SAY-YU,py_ctrm_fcws.distri_2,base.py,py_ctrm_fcws.state_py_2
cit_19,19,BARRIO INMACULADA,py_ctrm_fcws.distri_2,base.py,py_ctrm_fcws.state_py_2
cit_20,20,BARRIO NORTE,py_ctrm_fcws.distri_2,base.py,py_ctrm_fcws.state_py_2
cit_21,21,BARRIO SAN ANTONIO,py_ctrm_fcws.distri_2,base.py,py_ctrm_fcws.state_py_2
cit_22,22,BELLA LOMA,py_ctrm_fcws.distri_2,base.py,py_ctrm_fcws.state_py_2
cit_23,23,BELEN,py_ctrm_fcws.distri_2,base.py,py_ctrm_fcws.state_py_2
cit_24,24,BLAS CUE,py_ctrm_fcws.distri_2,base.py,py_ctrm_fcws.state_py_2
cit_25,25,BOGADO CUE,py_ctrm_fcws.distri_2,base.py,py_ctrm_fcws.state_py_2
cit_26,26,BOQUERON,py_ctrm_fcws.distri_2,base.py,py_ctrm_fcws.state_py_2
cit_27,27,C.EPOPEYA NACIONAL,py_ctrm_fcws.distri_2,base.py,py_ctrm_fcws.state_py_2
cit_28,28,C.EMIL. ROMERO PEREIRA,py_ctrm_fcws.distri_2,base.py,py_ctrm_fcws.state_py_2
cit_29,29,C. JORGE MIRANDA,py_ctrm_fcws.distri_2,base.py,py_ctrm_fcws.state_py_2
cit_30,30,C.RECONSTRUCCION,py_ctrm_fcws.distri_2,base.py,py_ctrm_fcws.state_py_2
cit_31,31,C.N.GONZALEZ,py_ctrm_fcws.distri_2,base.py,py_ctrm_fcws.state_py_2
cit_32,32,CABO CUE,py_ctrm_fcws.distri_2,base.py,py_ctrm_fcws.state_py_2
cit_33,33,CAMBA CUA,py_ctrm_fcws.distri_2,base.py,py_ctrm_fcws.state_py_2
cit_34,34,CAMPO HERMOSO,py_ctrm_fcws.distri_2,base.py,py_ctrm_fcws.state_py_2
cit_35,35,CAMPOS RAFAEL,py_ctrm_fcws.distri_2,base.py,py_ctrm_fcws.state_py_2
cit_36,36,CANCHA CUE,py_ctrm_fcws.distri_2,base.py,py_ctrm_fcws.state_py_2
cit_37,37,CAPILLA,py_ctrm_fcws.distri_2,base.py,py_ctrm_fcws.state_py_2
cit_38,38,CAPILLA LORETO,py_ctrm_fcws.distri_2,base.py,py_ctrm_fcws.state_py_2
cit_39,39,CARRETA PASO,py_ctrm_fcws.distri_2,base.py,py_ctrm_fcws.state_py_2
cit_40,40,CAZAL BOQUERON,py_ctrm_fcws.distri_2,base.py,py_ctrm_fcws.state_py_2
cit_41,41,CAZAL CUE,py_ctrm_fcws.distri_2,base.py,py_ctrm_fcws.state_py_2
cit_42,42,CAÑETE CUE,py_ctrm_fcws.distri_2,base.py,py_ctrm_fcws.state_py_2
cit_43,43,COL.CNEL MONGELOS,py_ctrm_fcws.distri_2,base.py,py_ctrm_fcws.state_py_2
cit_44,44,COL.COE PORA,py_ctrm_fcws.distri_2,base.py,py_ctrm_fcws.state_py_2
cit_45,45,COL.E.R. PEREIRA,py_ctrm_fcws.distri_2,base.py,py_ctrm_fcws.state_py_2
cit_46,46,COL.EXCOMBATIENTES,py_ctrm_fcws.distri_2,base.py,py_ctrm_fcws.state_py_2
cit_47,47,COL.F.C.C. NORTE,py_ctrm_fcws.distri_2,base.py,py_ctrm_fcws.state_py_2
cit_48,48,COL.FERNANDO DE LA MORA,py_ctrm_fcws.distri_2,base.py,py_ctrm_fcws.state_py_2
cit_49,49,COL. GRAL.DIAZ,py_ctrm_fcws.distri_2,base.py,py_ctrm_fcws.state_py_2
cit_50,50,COL. HERNANDARIAS,py_ctrm_fcws.distri_2,base.py,py_ctrm_fcws.state_py_2
cit_51,51,COL. JUGADILLA,py_ctrm_fcws.distri_2,base.py,py_ctrm_fcws.state_py_2
cit_52,52,COL. MARIA AUXILIADORA,py_ctrm_fcws.distri_2,base.py,py_ctrm_fcws.state_py_2
cit_53,53,COL. PORA,py_ctrm_fcws.distri_2,base.py,py_ctrm_fcws.state_py_2
cit_54,54,COL. SAN CARLOS,py_ctrm_fcws.distri_2,base.py,py_ctrm_fcws.state_py_2
cit_55,55,COL. SARGENTO,py_ctrm_fcws.distri_2,base.py,py_ctrm_fcws.state_py_2
cit_56,56,COL. YBAGOTY,py_ctrm_fcws.distri_2,base.py,py_ctrm_fcws.state_py_2
cit_57,57,COL. ZONA OLEROS,py_ctrm_fcws.distri_2,base.py,py_ctrm_fcws.state_py_2
cit_58,58,COSTA DE SEDA,py_ctrm_fcws.distri_2,base.py,py_ctrm_fcws.state_py_2
cit_59,59,COE PORA,py_ctrm_fcws.distri_2,base.py,py_ctrm_fcws.state_py_2
cit_60,60,CUENCA CUE,py_ctrm_fcws.distri_2,base.py,py_ctrm_fcws.state_py_2
cit_61,61,CUETO POTRERO,py_ctrm_fcws.distri_2,base.py,py_ctrm_fcws.state_py_2
cit_62,62,CURUZU ÑU,py_ctrm_fcws.distri_2,base.py,py_ctrm_fcws.state_py_2
cit_63,63,CURUÑI,py_ctrm_fcws.distri_2,base.py,py_ctrm_fcws.state_py_2
cit_64,64,CANDIDO SILVA,py_ctrm_fcws.distri_2,base.py,py_ctrm_fcws.state_py_2
cit_65,65,DIEGO CUE,py_ctrm_fcws.distri_2,base.py,py_ctrm_fcws.state_py_2
cit_66,66,DUARTE CUE,py_ctrm_fcws.distri_2,base.py,py_ctrm_fcws.state_py_2
cit_67,67,ECHAGUE CUE,py_ctrm_fcws.distri_2,base.py,py_ctrm_fcws.state_py_2
cit_68,68,ESTABLECIMIENTO,py_ctrm_fcws.distri_2,base.py,py_ctrm_fcws.state_py_2
cit_69,69,ESTRIBO DE PALTA,py_ctrm_fcws.distri_2,base.py,py_ctrm_fcws.state_py_2
cit_70,70,F. DE PINEDO,py_ctrm_fcws.distri_2,base.py,py_ctrm_fcws.state_py_2
cit_71,71,FERROCARRIL C. NORTE,py_ctrm_fcws.distri_2,base.py,py_ctrm_fcws.state_py_2
cit_72,72,FUERTE RISSO,py_ctrm_fcws.distri_2,base.py,py_ctrm_fcws.state_py_2
cit_73,73,GAONA CUE,py_ctrm_fcws.distri_2,base.py,py_ctrm_fcws.state_py_2
cit_74,74,GARAY CUE,py_ctrm_fcws.distri_2,base.py,py_ctrm_fcws.state_py_2
cit_75,75,GRAL. DIAZ,py_ctrm_fcws.distri_2,base.py,py_ctrm_fcws.state_py_2
cit_76,76,HEROES DEL CHACO,py_ctrm_fcws.distri_2,base.py,py_ctrm_fcws.state_py_2
cit_77,77,INMACULADA,py_ctrm_fcws.distri_2,base.py,py_ctrm_fcws.state_py_2
cit_78,78,ISLA NOVILLO,py_ctrm_fcws.distri_2,base.py,py_ctrm_fcws.state_py_2
cit_79,79,ISLA R.,py_ctrm_fcws.distri_2,base.py,py_ctrm_fcws.state_py_2
cit_80,80,ISLA REAL,py_ctrm_fcws.distri_2,base.py,py_ctrm_fcws.state_py_2
cit_81,81,ISLA VALDEZ,py_ctrm_fcws.distri_2,base.py,py_ctrm_fcws.state_py_2
cit_82,82,ISLA YBATE,py_ctrm_fcws.distri_2,base.py,py_ctrm_fcws.state_py_2
cit_83,83,ITA PUCU MI,py_ctrm_fcws.distri_2,base.py,py_ctrm_fcws.state_py_2
cit_84,84,ITACURUBI,py_ctrm_fcws.distri_2,base.py,py_ctrm_fcws.state_py_2
cit_85,85,JARDIN EUROPA,py_ctrm_fcws.distri_2,base.py,py_ctrm_fcws.state_py_2
cit_86,86,JHUGUA CANTERO,py_ctrm_fcws.distri_2,base.py,py_ctrm_fcws.state_py_2
cit_87,87,JHUGUA CHOJA,py_ctrm_fcws.distri_2,base.py,py_ctrm_fcws.state_py_2
cit_88,88,JHUGUA CUE,py_ctrm_fcws.distri_2,base.py,py_ctrm_fcws.state_py_2
cit_89,89,JHUGUA GUAZU,py_ctrm_fcws.distri_2,base.py,py_ctrm_fcws.state_py_2
cit_90,90,JHUGUA RIVAS,py_ctrm_fcws.distri_2,base.py,py_ctrm_fcws.state_py_2
cit_91,91,JHUGUA TIMBO,py_ctrm_fcws.distri_2,base.py,py_ctrm_fcws.state_py_2
cit_92,92,JHUGUA TORALES,py_ctrm_fcws.distri_2,base.py,py_ctrm_fcws.state_py_2
cit_93,93,LA CANELA,py_ctrm_fcws.distri_2,base.py,py_ctrm_fcws.state_py_2
cit_94,94,LA CONCHA,py_ctrm_fcws.distri_2,base.py,py_ctrm_fcws.state_py_2
cit_95,95,LABITA,py_ctrm_fcws.distri_2,base.py,py_ctrm_fcws.state_py_2
cit_96,96,LAGUNA,py_ctrm_fcws.distri_2,base.py,py_ctrm_fcws.state_py_2
cit_97,97,LAGUNA ÑARO,py_ctrm_fcws.distri_2,base.py,py_ctrm_fcws.state_py_2
cit_98,98,LLANO,py_ctrm_fcws.distri_2,base.py,py_ctrm_fcws.state_py_2
cit_99,99,LOMA,py_ctrm_fcws.distri_2,base.py,py_ctrm_fcws.state_py_2
cit_100,100,LOMA PYTA,py_ctrm_fcws.distri_2,base.py,py_ctrm_fcws.state_py_2
cit_101,101,MALDONADO,py_ctrm_fcws.distri_2,base.py,py_ctrm_fcws.state_py_2
cit_102,102,MANCUELLO CUE,py_ctrm_fcws.distri_2,base.py,py_ctrm_fcws.state_py_2
cit_103,103,MBATOVI,py_ctrm_fcws.distri_2,base.py,py_ctrm_fcws.state_py_2
cit_104,104,MBOCAYATY,py_ctrm_fcws.distri_2,base.py,py_ctrm_fcws.state_py_2
cit_105,105,MBOREBI YCUA,py_ctrm_fcws.distri_2,base.py,py_ctrm_fcws.state_py_2
cit_106,106,MONTAÑAS,py_ctrm_fcws.distri_2,base.py,py_ctrm_fcws.state_py_2
cit_107,107,OCAMPOS,py_ctrm_fcws.distri_2,base.py,py_ctrm_fcws.state_py_2
cit_108,108,OJEDA CUE,py_ctrm_fcws.distri_2,base.py,py_ctrm_fcws.state_py_2
cit_109,109,PASO BARRETO,py_ctrm_fcws.distri_2,base.py,py_ctrm_fcws.state_py_2
cit_110,110,PASO URUNDEY,py_ctrm_fcws.distri_2,base.py,py_ctrm_fcws.state_py_2
cit_111,111,PASO ITA,py_ctrm_fcws.distri_2,base.py,py_ctrm_fcws.state_py_2
cit_112,112,PEGUAJHO,py_ctrm_fcws.distri_2,base.py,py_ctrm_fcws.state_py_2
cit_113,113,PEGUAJHO MI,py_ctrm_fcws.distri_2,base.py,py_ctrm_fcws.state_py_2
cit_114,114,PEROY,py_ctrm_fcws.distri_2,base.py,py_ctrm_fcws.state_py_2
cit_115,115,PICADA GUY,py_ctrm_fcws.distri_2,base.py,py_ctrm_fcws.state_py_2
cit_116,116,PLANAS,py_ctrm_fcws.distri_2,base.py,py_ctrm_fcws.state_py_2
cit_117,117,POTRERITO,py_ctrm_fcws.distri_2,base.py,py_ctrm_fcws.state_py_2
cit_118,118,POTRERO ESTRELLA,py_ctrm_fcws.distri_2,base.py,py_ctrm_fcws.state_py_2
cit_119,119,POTRERO ROMERO,py_ctrm_fcws.distri_2,base.py,py_ctrm_fcws.state_py_2
cit_120,120,PROSPERIDAD,py_ctrm_fcws.distri_2,base.py,py_ctrm_fcws.state_py_2
cit_121,121,PUENTE CAÑON,py_ctrm_fcws.distri_2,base.py,py_ctrm_fcws.state_py_2
cit_122,122,PUERTO ABENTE,py_ctrm_fcws.distri_2,base.py,py_ctrm_fcws.state_py_2
cit_123,123,PUERTO DOS,py_ctrm_fcws.distri_2,base.py,py_ctrm_fcws.state_py_2
cit_124,124,QUINTA ALICELICA,py_ctrm_fcws.distri_2,base.py,py_ctrm_fcws.state_py_2
cit_125,125,REQUEJO,py_ctrm_fcws.distri_2,base.py,py_ctrm_fcws.state_py_2
cit_126,126,RINCON,py_ctrm_fcws.distri_2,base.py,py_ctrm_fcws.state_py_2
cit_127,127,RINCON CIERVO,py_ctrm_fcws.distri_2,base.py,py_ctrm_fcws.state_py_2
cit_128,128,RINCON CUE,py_ctrm_fcws.distri_2,base.py,py_ctrm_fcws.state_py_2
cit_129,129,RINCON ZARZA,py_ctrm_fcws.distri_2,base.py,py_ctrm_fcws.state_py_2
cit_130,130,RINCON DE LUNA,py_ctrm_fcws.distri_2,base.py,py_ctrm_fcws.state_py_2
cit_131,131,RIVAS CUE,py_ctrm_fcws.distri_2,base.py,py_ctrm_fcws.state_py_2
cit_132,132,ROJAS MI,py_ctrm_fcws.distri_2,base.py,py_ctrm_fcws.state_py_2
cit_133,133,ROSALIA,py_ctrm_fcws.distri_2,base.py,py_ctrm_fcws.state_py_2
cit_134,134,RURAL,py_ctrm_fcws.distri_2,base.py,py_ctrm_fcws.state_py_2
cit_135,135,S. ISABEL,py_ctrm_fcws.distri_2,base.py,py_ctrm_fcws.state_py_2
cit_136,136,SAGRADA FAMILIA,py_ctrm_fcws.distri_2,base.py,py_ctrm_fcws.state_py_2
cit_137,137,SALADERO RISSO,py_ctrm_fcws.distri_2,base.py,py_ctrm_fcws.state_py_2
cit_138,138,SALEITA,py_ctrm_fcws.distri_2,base.py,py_ctrm_fcws.state_py_2
cit_139,139,SALINARES,py_ctrm_fcws.distri_2,base.py,py_ctrm_fcws.state_py_2
cit_140,140,SALINARES CUE,py_ctrm_fcws.distri_2,base.py,py_ctrm_fcws.state_py_2
cit_141,141,SAN ANTONIO,py_ctrm_fcws.distri_2,base.py,py_ctrm_fcws.state_py_2
cit_142,142,SAN LORENZO,py_ctrm_fcws.distri_2,base.py,py_ctrm_fcws.state_py_2
cit_143,143,SAN MIGUEL,py_ctrm_fcws.distri_2,base.py,py_ctrm_fcws.state_py_2
cit_144,144,SAN NICOLAS,py_ctrm_fcws.distri_2,base.py,py_ctrm_fcws.state_py_2
cit_145,145,SAN RAFAEL,py_ctrm_fcws.distri_2,base.py,py_ctrm_fcws.state_py_2
cit_146,146,SAN SALVADOR,py_ctrm_fcws.distri_2,base.py,py_ctrm_fcws.state_py_2
cit_147,147,SANCHEZ CUE,py_ctrm_fcws.distri_2,base.py,py_ctrm_fcws.state_py_2
cit_148,148,SANTA CUE,py_ctrm_fcws.distri_2,base.py,py_ctrm_fcws.state_py_2
cit_149,149,SANTA MARIA DE LA S.,py_ctrm_fcws.distri_2,base.py,py_ctrm_fcws.state_py_2
cit_150,150,SIERVO POTRERO,py_ctrm_fcws.distri_2,base.py,py_ctrm_fcws.state_py_2
cit_934,934,SOLALINDE,py_ctrm_fcws.distri_2,base.py,py_ctrm_fcws.state_py_2
cit_935,935,STA. TOMASA,py_ctrm_fcws.distri_2,base.py,py_ctrm_fcws.state_py_2
cit_936,936,BUBURBANA,py_ctrm_fcws.distri_2,base.py,py_ctrm_fcws.state_py_2
cit_937,937,TABATINGA,py_ctrm_fcws.distri_2,base.py,py_ctrm_fcws.state_py_2
cit_938,938,TACUATI,py_ctrm_fcws.distri_2,base.py,py_ctrm_fcws.state_py_2
cit_939,939,TAGATIVO MI,py_ctrm_fcws.distri_2,base.py,py_ctrm_fcws.state_py_2
cit_940,940,TATAYYUA,py_ctrm_fcws.distri_2,base.py,py_ctrm_fcws.state_py_2
cit_941,941,TAYATY MI,py_ctrm_fcws.distri_2,base.py,py_ctrm_fcws.state_py_2
cit_942,942,TEODORO CUE,py_ctrm_fcws.distri_2,base.py,py_ctrm_fcws.state_py_2
cit_943,943,TOLDO CUE,py_ctrm_fcws.distri_2,base.py,py_ctrm_fcws.state_py_2
cit_944,944,TOLEDO CUE,py_ctrm_fcws.distri_2,base.py,py_ctrm_fcws.state_py_2
cit_945,945,TORALES,py_ctrm_fcws.distri_2,base.py,py_ctrm_fcws.state_py_2
cit_946,946,TRANQUERA,py_ctrm_fcws.distri_2,base.py,py_ctrm_fcws.state_py_2
cit_947,947,TRES ALTAS,py_ctrm_fcws.distri_2,base.py,py_ctrm_fcws.state_py_2
cit_948,948,VILLA ARMANDO,py_ctrm_fcws.distri_2,base.py,py_ctrm_fcws.state_py_2
cit_949,949,VILLA FERNANDO,py_ctrm_fcws.distri_2,base.py,py_ctrm_fcws.state_py_2
cit_950,950,VILLA LOMA,py_ctrm_fcws.distri_2,base.py,py_ctrm_fcws.state_py_2
cit_951,951,VILLA NUEVA,py_ctrm_fcws.distri_2,base.py,py_ctrm_fcws.state_py_2
cit_952,952,YAGUARETE POTRERO,py_ctrm_fcws.distri_2,base.py,py_ctrm_fcws.state_py_2
cit_953,953,YAPEPO,py_ctrm_fcws.distri_2,base.py,py_ctrm_fcws.state_py_2
cit_954,954,YBACUMI,py_ctrm_fcws.distri_2,base.py,py_ctrm_fcws.state_py_2
cit_955,955,IBAÑEZ ÑU,py_ctrm_fcws.distri_2,base.py,py_ctrm_fcws.state_py_2
cit_956,956,YBYRATY,py_ctrm_fcws.distri_2,base.py,py_ctrm_fcws.state_py_2
cit_957,957,YCUA CARANDA,py_ctrm_fcws.distri_2,base.py,py_ctrm_fcws.state_py_2
cit_958,958,YCUA GUAZU,py_ctrm_fcws.distri_2,base.py,py_ctrm_fcws.state_py_2
cit_959,959,YCUA PORA,py_ctrm_fcws.distri_2,base.py,py_ctrm_fcws.state_py_2
cit_960,960,YPANE,py_ctrm_fcws.distri_2,base.py,py_ctrm_fcws.state_py_2
cit_961,961,YPANE CUE,py_ctrm_fcws.distri_2,base.py,py_ctrm_fcws.state_py_2
cit_962,962,YPANE JHU,py_ctrm_fcws.distri_2,base.py,py_ctrm_fcws.state_py_2
cit_963,963,YUIY,py_ctrm_fcws.distri_2,base.py,py_ctrm_fcws.state_py_2
cit_964,964,YUTY,py_ctrm_fcws.distri_2,base.py,py_ctrm_fcws.state_py_2
cit_965,965,ZANJA CUE,py_ctrm_fcws.distri_2,base.py,py_ctrm_fcws.state_py_2
cit_966,966,ZAPATERO CUE,py_ctrm_fcws.distri_2,base.py,py_ctrm_fcws.state_py_2
cit_967,967,ÑU APUA,py_ctrm_fcws.distri_2,base.py,py_ctrm_fcws.state_py_2
cit_968,968,ÑUMI,py_ctrm_fcws.distri_2,base.py,py_ctrm_fcws.state_py_2
cit_6154,6154,PINDURA,py_ctrm_fcws.distri_2,base.py,py_ctrm_fcws.state_py_2
cit_6155,6155,POTRERO FRENTE Y OTRO,py_ctrm_fcws.distri_2,base.py,py_ctrm_fcws.state_py_2
cit_6156,6156,RECALDE CUE,py_ctrm_fcws.distri_2,base.py,py_ctrm_fcws.state_py_2
cit_6157,6157,RINCON LOMA,py_ctrm_fcws.distri_2,base.py,py_ctrm_fcws.state_py_2
cit_6158,6158,ROMERO PATIÑO,py_ctrm_fcws.distri_2,base.py,py_ctrm_fcws.state_py_2
cit_6159,6159,SALADILLO,py_ctrm_fcws.distri_2,base.py,py_ctrm_fcws.state_py_2
cit_6160,6160,SAN ANTONIO DE LA SIERRA,py_ctrm_fcws.distri_2,base.py,py_ctrm_fcws.state_py_2
cit_6161,6161,SANJITA,py_ctrm_fcws.distri_2,base.py,py_ctrm_fcws.state_py_2
cit_6216,6216,VILLA SANA,py_ctrm_fcws.distri_2,base.py,py_ctrm_fcws.state_py_2
cit_6217,6217,YBYRAIPETY,py_ctrm_fcws.distri_2,base.py,py_ctrm_fcws.state_py_2
cit_6218,6218,YGATIGO,py_ctrm_fcws.distri_2,base.py,py_ctrm_fcws.state_py_2
cit_6219,6219,YUQUERI,py_ctrm_fcws.distri_2,base.py,py_ctrm_fcws.state_py_2
cit_6220,6220,ÑA VENTURA CUE,py_ctrm_fcws.distri_2,base.py,py_ctrm_fcws.state_py_2
cit_969,969,SAN LAZARO,py_ctrm_fcws.distri_3,base.py,py_ctrm_fcws.state_py_2
cit_970,970,COL. SAN LAZARO,py_ctrm_fcws.distri_3,base.py,py_ctrm_fcws.state_py_2
cit_971,971,CONFLUENCIA,py_ctrm_fcws.distri_3,base.py,py_ctrm_fcws.state_py_2
cit_972,972,PUERTO RISSO,py_ctrm_fcws.distri_3,base.py,py_ctrm_fcws.state_py_2
cit_973,973,SALADERO R.,py_ctrm_fcws.distri_3,base.py,py_ctrm_fcws.state_py_2
cit_974,974,VALLE MI,py_ctrm_fcws.distri_3,base.py,py_ctrm_fcws.state_py_2
cit_6221,6221,LOMA SAN MIGUEL,py_ctrm_fcws.distri_3,base.py,py_ctrm_fcws.state_py_2
cit_975,975,SAN CARLOS,py_ctrm_fcws.distri_4,base.py,py_ctrm_fcws.state_py_2
cit_976,976,ARRECIFE,py_ctrm_fcws.distri_4,base.py,py_ctrm_fcws.state_py_2
cit_977,977,CERRO PAIVA,py_ctrm_fcws.distri_4,base.py,py_ctrm_fcws.state_py_2
cit_978,978,CONCEPCION,py_ctrm_fcws.distri_4,base.py,py_ctrm_fcws.state_py_2
cit_979,979,GAONA CUE,py_ctrm_fcws.distri_4,base.py,py_ctrm_fcws.state_py_2
cit_980,980,INVERNADA VIEJO,py_ctrm_fcws.distri_4,base.py,py_ctrm_fcws.state_py_2
cit_981,981,OJEDA CUE,py_ctrm_fcws.distri_4,base.py,py_ctrm_fcws.state_py_2
cit_982,982,PONCIERRE,py_ctrm_fcws.distri_4,base.py,py_ctrm_fcws.state_py_2
cit_983,983,POTRERO,py_ctrm_fcws.distri_4,base.py,py_ctrm_fcws.state_py_2
cit_984,984,POTRERO ESTRELLA,py_ctrm_fcws.distri_4,base.py,py_ctrm_fcws.state_py_2
cit_985,985,PUERTO MAX Y OTRO,py_ctrm_fcws.distri_4,base.py,py_ctrm_fcws.state_py_2
cit_986,986,RECALDE CUE,py_ctrm_fcws.distri_4,base.py,py_ctrm_fcws.state_py_2
cit_987,987,SAN BLAS,py_ctrm_fcws.distri_4,base.py,py_ctrm_fcws.state_py_2
cit_988,988,SAN CARLOS,py_ctrm_fcws.distri_4,base.py,py_ctrm_fcws.state_py_2
cit_989,989,SAN FERNANDO,py_ctrm_fcws.distri_4,base.py,py_ctrm_fcws.state_py_2
cit_990,990,SANTA ROSA,py_ctrm_fcws.distri_4,base.py,py_ctrm_fcws.state_py_2
cit_991,991,VILLAMAYOR CUE,py_ctrm_fcws.distri_4,base.py,py_ctrm_fcws.state_py_2
cit_992,992,UGARTE CUE,py_ctrm_fcws.distri_4,base.py,py_ctrm_fcws.state_py_2
cit_993,993,URAN CUE Y OTRO,py_ctrm_fcws.distri_4,base.py,py_ctrm_fcws.state_py_2
cit_6222,6222,CABALLERO CUE,py_ctrm_fcws.distri_4,base.py,py_ctrm_fcws.state_py_2
cit_6223,6223,LOMA PORA,py_ctrm_fcws.distri_4,base.py,py_ctrm_fcws.state_py_2
cit_6224,6224,POTRERO MBAREGUI,py_ctrm_fcws.distri_4,base.py,py_ctrm_fcws.state_py_2
cit_6225,6225,SAN RAFAEL,py_ctrm_fcws.distri_4,base.py,py_ctrm_fcws.state_py_2
cit_6226,6226,ÑU PYHAJHU,py_ctrm_fcws.distri_4,base.py,py_ctrm_fcws.state_py_2
cit_994,994,BELEN,py_ctrm_fcws.distri_5,base.py,py_ctrm_fcws.state_py_2
cit_994,994,BELEN,py_ctrm_fcws.distri_5,base.py,py_ctrm_fcws.state_py_2
cit_994,994,BELEN,py_ctrm_fcws.distri_5,base.py,py_ctrm_fcws.state_py_2
cit_994,994,BELEN,py_ctrm_fcws.distri_5,base.py,py_ctrm_fcws.state_py_2
cit_995,995,BELEN COSTA,py_ctrm_fcws.distri_5,base.py,py_ctrm_fcws.state_py_2
cit_996,996,COL.E.R.GONZALEZ,py_ctrm_fcws.distri_5,base.py,py_ctrm_fcws.state_py_2
cit_997,997,E.R.PEREIRA,py_ctrm_fcws.distri_5,base.py,py_ctrm_fcws.state_py_2
cit_998,998,COL.GRAL.DIAZ,py_ctrm_fcws.distri_5,base.py,py_ctrm_fcws.state_py_2
cit_999,999,CULI LOMA,py_ctrm_fcws.distri_5,base.py,py_ctrm_fcws.state_py_2
cit_1000,1000,FDO.DE LA MORA,py_ctrm_fcws.distri_5,base.py,py_ctrm_fcws.state_py_2
cit_1001,1001,FERROCARRIL NORTE,py_ctrm_fcws.distri_5,base.py,py_ctrm_fcws.state_py_2
cit_1002,1002,ITA CORA,py_ctrm_fcws.distri_5,base.py,py_ctrm_fcws.state_py_2
cit_1003,1003,LEMO,py_ctrm_fcws.distri_5,base.py,py_ctrm_fcws.state_py_2
cit_1004,1004,LOMA PYTA,py_ctrm_fcws.distri_5,base.py,py_ctrm_fcws.state_py_2
cit_1005,1005,PASO URUNDEY,py_ctrm_fcws.distri_5,base.py,py_ctrm_fcws.state_py_2
cit_1006,1006,PEGUAJHO LOMA,py_ctrm_fcws.distri_5,base.py,py_ctrm_fcws.state_py_2
cit_1007,1007,PEGUAJHO MI,py_ctrm_fcws.distri_5,base.py,py_ctrm_fcws.state_py_2
cit_1008,1008,REQUEJO,py_ctrm_fcws.distri_5,base.py,py_ctrm_fcws.state_py_2
cit_1009,1009,TORALES CUE,py_ctrm_fcws.distri_5,base.py,py_ctrm_fcws.state_py_2
cit_1010,1010,TORRES CUE,py_ctrm_fcws.distri_5,base.py,py_ctrm_fcws.state_py_2
cit_1011,1011,TORIN CUE,py_ctrm_fcws.distri_5,base.py,py_ctrm_fcws.state_py_2
cit_1012,1012,URUNDEY,py_ctrm_fcws.distri_5,base.py,py_ctrm_fcws.state_py_2
cit_1013,1013,YBYRA PETEI,py_ctrm_fcws.distri_5,base.py,py_ctrm_fcws.state_py_2
cit_6227,6227,COL.F.DE LA MORA,py_ctrm_fcws.distri_5,base.py,py_ctrm_fcws.state_py_2
cit_1014,1014,LORETO,py_ctrm_fcws.distri_6,base.py,py_ctrm_fcws.state_py_2
cit_1014,1014,LORETO,py_ctrm_fcws.distri_6,base.py,py_ctrm_fcws.state_py_2
cit_1014,1014,LORETO,py_ctrm_fcws.distri_6,base.py,py_ctrm_fcws.state_py_2
cit_1014,1014,LORETO,py_ctrm_fcws.distri_6,base.py,py_ctrm_fcws.state_py_2
cit_1015,1015,AQUIDABAN,py_ctrm_fcws.distri_6,base.py,py_ctrm_fcws.state_py_2
cit_1016,1016,C. MARIA AUXILIADORA,py_ctrm_fcws.distri_6,base.py,py_ctrm_fcws.state_py_2
cit_1017,1017,C.SAN ALFREDO,py_ctrm_fcws.distri_6,base.py,py_ctrm_fcws.state_py_2
cit_1018,1018,CAÑADA,py_ctrm_fcws.distri_6,base.py,py_ctrm_fcws.state_py_2
cit_1019,1019,CNEL.EDUARDO SANCHEZ,py_ctrm_fcws.distri_6,base.py,py_ctrm_fcws.state_py_2
cit_1020,1020,COL.CNEL.MARTINEZ,py_ctrm_fcws.distri_6,base.py,py_ctrm_fcws.state_py_2
cit_1021,1021,COL.COE PORA,py_ctrm_fcws.distri_6,base.py,py_ctrm_fcws.state_py_2
cit_1022,1022,COL.GRAL.DIAZ,py_ctrm_fcws.distri_6,base.py,py_ctrm_fcws.state_py_2
cit_1023,1023,COL.R.L.PETTIT,py_ctrm_fcws.distri_6,base.py,py_ctrm_fcws.state_py_2
cit_1024,1024,COL.RECONSTRUCCION,py_ctrm_fcws.distri_6,base.py,py_ctrm_fcws.state_py_2
cit_1025,1025,COE PORA,py_ctrm_fcws.distri_6,base.py,py_ctrm_fcws.state_py_2
cit_1026,1026,DOMINGO NIGO,py_ctrm_fcws.distri_6,base.py,py_ctrm_fcws.state_py_2
cit_1027,1027,DOMINGO VIEJO,py_ctrm_fcws.distri_6,base.py,py_ctrm_fcws.state_py_2
cit_1028,1028,DOMINGUEZ,py_ctrm_fcws.distri_6,base.py,py_ctrm_fcws.state_py_2
cit_1029,1029,ESTANCIA AGUAI,py_ctrm_fcws.distri_6,base.py,py_ctrm_fcws.state_py_2
cit_1030,1030,FDO.DE LA MORA,py_ctrm_fcws.distri_6,base.py,py_ctrm_fcws.state_py_2
cit_1031,1031,GRAL.DIAZ,py_ctrm_fcws.distri_6,base.py,py_ctrm_fcws.state_py_2
cit_1032,1032,ISLERIA,py_ctrm_fcws.distri_6,base.py,py_ctrm_fcws.state_py_2
cit_1033,1033,JHUGUA BARRETO,py_ctrm_fcws.distri_6,base.py,py_ctrm_fcws.state_py_2
cit_1034,1034,JHUGUA MARIN,py_ctrm_fcws.distri_6,base.py,py_ctrm_fcws.state_py_2
cit_1035,1035,JHUGUA RIVAS,py_ctrm_fcws.distri_6,base.py,py_ctrm_fcws.state_py_2
cit_1036,1036,JHUGUA TORALES,py_ctrm_fcws.distri_6,base.py,py_ctrm_fcws.state_py_2
cit_1037,1037,JOSE BERGES,py_ctrm_fcws.distri_6,base.py,py_ctrm_fcws.state_py_2
cit_1038,1038,LAGUNA,py_ctrm_fcws.distri_6,base.py,py_ctrm_fcws.state_py_2
cit_1039,1039,PASO VEGA,py_ctrm_fcws.distri_6,base.py,py_ctrm_fcws.state_py_2
cit_1040,1040,POTRERO LAGUNA,py_ctrm_fcws.distri_6,base.py,py_ctrm_fcws.state_py_2
cit_1041,1041,SAN ALFONSO,py_ctrm_fcws.distri_6,base.py,py_ctrm_fcws.state_py_2
cit_1042,1042,TACUARITA,py_ctrm_fcws.distri_6,base.py,py_ctrm_fcws.state_py_2
cit_1043,1043,UGARTE CUE,py_ctrm_fcws.distri_6,base.py,py_ctrm_fcws.state_py_2
cit_1044,1044,YCUA PORA,py_ctrm_fcws.distri_6,base.py,py_ctrm_fcws.state_py_2
cit_1045,1045,YCUA SARA,py_ctrm_fcws.distri_6,base.py,py_ctrm_fcws.state_py_2
cit_1046,1046,HORQUETA,py_ctrm_fcws.distri_7,base.py,py_ctrm_fcws.state_py_2
cit_1046,1046,HORQUETA,py_ctrm_fcws.distri_7,base.py,py_ctrm_fcws.state_py_2
cit_1046,1046,HORQUETA,py_ctrm_fcws.distri_7,base.py,py_ctrm_fcws.state_py_2
cit_1046,1046,HORQUETA,py_ctrm_fcws.distri_7,base.py,py_ctrm_fcws.state_py_2
cit_1046,1046,HORQUETA,py_ctrm_fcws.distri_7,base.py,py_ctrm_fcws.state_py_2
cit_1047,1047,AGA GUYJHO,py_ctrm_fcws.distri_7,base.py,py_ctrm_fcws.state_py_2
cit_1048,1048,AGAGUIGO,py_ctrm_fcws.distri_7,base.py,py_ctrm_fcws.state_py_2
cit_1049,1049,AGUARA,py_ctrm_fcws.distri_7,base.py,py_ctrm_fcws.state_py_2
cit_1050,1050,AGUSTIN DE PINEDO,py_ctrm_fcws.distri_7,base.py,py_ctrm_fcws.state_py_2
cit_1051,1051,AGUERITO,py_ctrm_fcws.distri_7,base.py,py_ctrm_fcws.state_py_2
cit_1052,1052,ALAZAN,py_ctrm_fcws.distri_7,base.py,py_ctrm_fcws.state_py_2
cit_1053,1053,ANGELITO,py_ctrm_fcws.distri_7,base.py,py_ctrm_fcws.state_py_2
cit_1054,1054,ANGUA RUGUA,py_ctrm_fcws.distri_7,base.py,py_ctrm_fcws.state_py_2
cit_1055,1055,ARROYITO,py_ctrm_fcws.distri_7,base.py,py_ctrm_fcws.state_py_2
cit_1056,1056,ARROYO BLANCO,py_ctrm_fcws.distri_7,base.py,py_ctrm_fcws.state_py_2
cit_1057,1057,ARROYO CALE,py_ctrm_fcws.distri_7,base.py,py_ctrm_fcws.state_py_2
cit_1058,1058,ARROYO PRIMOR,py_ctrm_fcws.distri_7,base.py,py_ctrm_fcws.state_py_2
cit_1059,1059,ARROYO DE ORO,py_ctrm_fcws.distri_7,base.py,py_ctrm_fcws.state_py_2
cit_1060,1060,AZOTEY,py_ctrm_fcws.distri_7,base.py,py_ctrm_fcws.state_py_2
cit_1061,1061,BALAS CUE,py_ctrm_fcws.distri_7,base.py,py_ctrm_fcws.state_py_2
cit_1062,1062,BARRERITO,py_ctrm_fcws.distri_7,base.py,py_ctrm_fcws.state_py_2
cit_1063,1063,BELEN CUE,py_ctrm_fcws.distri_7,base.py,py_ctrm_fcws.state_py_2
cit_1064,1064,BONETE VILLALBA CUE,py_ctrm_fcws.distri_7,base.py,py_ctrm_fcws.state_py_2
cit_1065,1065,BONITA,py_ctrm_fcws.distri_7,base.py,py_ctrm_fcws.state_py_2
cit_1066,1066,BUENA VISTA,py_ctrm_fcws.distri_7,base.py,py_ctrm_fcws.state_py_2
cit_1067,1067,C.EXCOMBATIENTES,py_ctrm_fcws.distri_7,base.py,py_ctrm_fcws.state_py_2
cit_1068,1068,CAAGATA,py_ctrm_fcws.distri_7,base.py,py_ctrm_fcws.state_py_2
cit_1069,1069,CAPIIBARY,py_ctrm_fcws.distri_7,base.py,py_ctrm_fcws.state_py_2
cit_1070,1070,CAPUSY SARY,py_ctrm_fcws.distri_7,base.py,py_ctrm_fcws.state_py_2
cit_1071,1071,CARAGUATAY,py_ctrm_fcws.distri_7,base.py,py_ctrm_fcws.state_py_2
cit_1072,1072,CAROLINA,py_ctrm_fcws.distri_7,base.py,py_ctrm_fcws.state_py_2
cit_1073,1073,CAROVENI VIEJO,py_ctrm_fcws.distri_7,base.py,py_ctrm_fcws.state_py_2
cit_1074,1074,CAA YATA,py_ctrm_fcws.distri_7,base.py,py_ctrm_fcws.state_py_2
cit_1075,1075,CAÑADA,py_ctrm_fcws.distri_7,base.py,py_ctrm_fcws.state_py_2
cit_1076,1076,CERRITO,py_ctrm_fcws.distri_7,base.py,py_ctrm_fcws.state_py_2
cit_1077,1077,CERRO MEMBY,py_ctrm_fcws.distri_7,base.py,py_ctrm_fcws.state_py_2
cit_1078,1078,CERRO SARAMBY,py_ctrm_fcws.distri_7,base.py,py_ctrm_fcws.state_py_2
cit_1079,1079,COL.CUARTELERO,py_ctrm_fcws.distri_7,base.py,py_ctrm_fcws.state_py_2
cit_1080,1080,COL.H.MENDOZA,py_ctrm_fcws.distri_7,base.py,py_ctrm_fcws.state_py_2
cit_1081,1081,COL.J. M. FRUTOS,py_ctrm_fcws.distri_7,base.py,py_ctrm_fcws.state_py_2
cit_1082,1082,COL. JOSE BERGES,py_ctrm_fcws.distri_7,base.py,py_ctrm_fcws.state_py_2
cit_1083,1083,COMPAÑIA AGAGUIGO,py_ctrm_fcws.distri_7,base.py,py_ctrm_fcws.state_py_2
cit_1084,1084,COSTA CLAVEL,py_ctrm_fcws.distri_7,base.py,py_ctrm_fcws.state_py_2
cit_1085,1085,CUERO FRESCO,py_ctrm_fcws.distri_7,base.py,py_ctrm_fcws.state_py_2
cit_1086,1086,CURUZU,py_ctrm_fcws.distri_7,base.py,py_ctrm_fcws.state_py_2
cit_1087,1087,DOMINGO NIGO,py_ctrm_fcws.distri_7,base.py,py_ctrm_fcws.state_py_2
cit_1088,1088,ESTERO COSTA,py_ctrm_fcws.distri_7,base.py,py_ctrm_fcws.state_py_2
cit_1089,1089,FRACCION SIETE,py_ctrm_fcws.distri_7,base.py,py_ctrm_fcws.state_py_2
cit_1090,1090,FRACCION STEFANO,py_ctrm_fcws.distri_7,base.py,py_ctrm_fcws.state_py_2
cit_1091,1091,JHUGUA CARE,py_ctrm_fcws.distri_7,base.py,py_ctrm_fcws.state_py_2
cit_1092,1092,JHUGUA ÑU,py_ctrm_fcws.distri_7,base.py,py_ctrm_fcws.state_py_2
cit_1093,1093,JHUGUA KYA,py_ctrm_fcws.distri_7,base.py,py_ctrm_fcws.state_py_2
cit_1094,1094,JHYATY,py_ctrm_fcws.distri_7,base.py,py_ctrm_fcws.state_py_2
cit_1095,1095,JOSE BERGES,py_ctrm_fcws.distri_7,base.py,py_ctrm_fcws.state_py_2
cit_1096,1096,LAGUNA JHETA,py_ctrm_fcws.distri_7,base.py,py_ctrm_fcws.state_py_2
cit_1097,1097,LAGUNA PERE,py_ctrm_fcws.distri_7,base.py,py_ctrm_fcws.state_py_2
cit_1098,1098,LIMEÑO CUE,py_ctrm_fcws.distri_7,base.py,py_ctrm_fcws.state_py_2
cit_1099,1099,LOPE CUE Y OTRO,py_ctrm_fcws.distri_7,base.py,py_ctrm_fcws.state_py_2
cit_1100,1100,LUCERO CUE,py_ctrm_fcws.distri_7,base.py,py_ctrm_fcws.state_py_2
cit_1101,1101,MANZANILLA,py_ctrm_fcws.distri_7,base.py,py_ctrm_fcws.state_py_2
cit_1102,1102,MBUTU ÑU,py_ctrm_fcws.distri_7,base.py,py_ctrm_fcws.state_py_2
cit_1103,1103,MBY JHOBY,py_ctrm_fcws.distri_7,base.py,py_ctrm_fcws.state_py_2
cit_1104,1104,MOJON VUELTA,py_ctrm_fcws.distri_7,base.py,py_ctrm_fcws.state_py_2
cit_1105,1105,NARANJA TY,py_ctrm_fcws.distri_7,base.py,py_ctrm_fcws.state_py_2
cit_1106,1106,PALACIOS CUE,py_ctrm_fcws.distri_7,base.py,py_ctrm_fcws.state_py_2
cit_1107,1107,PASO CORA,py_ctrm_fcws.distri_7,base.py,py_ctrm_fcws.state_py_2
cit_1108,1108,PASO PYKY,py_ctrm_fcws.distri_7,base.py,py_ctrm_fcws.state_py_2
cit_1109,1109,PASO TITY,py_ctrm_fcws.distri_7,base.py,py_ctrm_fcws.state_py_2
cit_1110,1110,PASO TRANQUERA,py_ctrm_fcws.distri_7,base.py,py_ctrm_fcws.state_py_2
cit_1111,1111,PASO TYbase.py,py_ctrm_fcws.distri_7,base.py,py_ctrm_fcws.state_py_2
cit_1112,1112,PEGUAJHO TY,py_ctrm_fcws.distri_7,base.py,py_ctrm_fcws.state_py_2
cit_1113,1113,PEGUAJHO TYbase.py,py_ctrm_fcws.distri_7,base.py,py_ctrm_fcws.state_py_2
cit_1114,1114,PLANCHADA OCHO,py_ctrm_fcws.distri_7,base.py,py_ctrm_fcws.state_py_2
cit_1115,1115,PRIMAVERA,py_ctrm_fcws.distri_7,base.py,py_ctrm_fcws.state_py_2
cit_1116,1116,PUERTO TACUARA,py_ctrm_fcws.distri_7,base.py,py_ctrm_fcws.state_py_2
cit_1117,1117,PUNTA,py_ctrm_fcws.distri_7,base.py,py_ctrm_fcws.state_py_2
cit_1118,1118,RECALDE CUE,py_ctrm_fcws.distri_7,base.py,py_ctrm_fcws.state_py_2
cit_1119,1119,SOCIO CUE,py_ctrm_fcws.distri_7,base.py,py_ctrm_fcws.state_py_2
cit_1120,1120,T. GUAZU,py_ctrm_fcws.distri_7,base.py,py_ctrm_fcws.state_py_2
cit_1121,1121,TABACUE,py_ctrm_fcws.distri_7,base.py,py_ctrm_fcws.state_py_2
cit_1122,1122,TACUATI LOMA,py_ctrm_fcws.distri_7,base.py,py_ctrm_fcws.state_py_2
cit_1123,1123,TAPY TAGUA,py_ctrm_fcws.distri_7,base.py,py_ctrm_fcws.state_py_2
cit_1124,1124,TARUMA,py_ctrm_fcws.distri_7,base.py,py_ctrm_fcws.state_py_2
cit_1125,1125,TAVY LOMA,py_ctrm_fcws.distri_7,base.py,py_ctrm_fcws.state_py_2
cit_1126,1126,TUCURU,py_ctrm_fcws.distri_7,base.py,py_ctrm_fcws.state_py_2
cit_1127,1127,TOTORA,py_ctrm_fcws.distri_7,base.py,py_ctrm_fcws.state_py_2
cit_1128,1128,YACARE,py_ctrm_fcws.distri_7,base.py,py_ctrm_fcws.state_py_2
cit_1129,1129,YAGUARETE CUA,py_ctrm_fcws.distri_7,base.py,py_ctrm_fcws.state_py_2
cit_1130,1130,YBYCUI ÑU,py_ctrm_fcws.distri_7,base.py,py_ctrm_fcws.state_py_2
cit_1131,1131,YERBAL GUARAYABY,py_ctrm_fcws.distri_7,base.py,py_ctrm_fcws.state_py_2
cit_1132,1132,YPUCU,py_ctrm_fcws.distri_7,base.py,py_ctrm_fcws.state_py_2
cit_1133,1133,ZANGUINA CUE,py_ctrm_fcws.distri_7,base.py,py_ctrm_fcws.state_py_2
cit_1134,1134,ZONA A.,py_ctrm_fcws.distri_7,base.py,py_ctrm_fcws.state_py_2
cit_6228,6228,SALINAS,py_ctrm_fcws.distri_7,base.py,py_ctrm_fcws.state_py_2
cit_6229,6229,TAJHYI,py_ctrm_fcws.distri_7,base.py,py_ctrm_fcws.state_py_2
cit_6230,6230,TOPYTANGUA,py_ctrm_fcws.distri_7,base.py,py_ctrm_fcws.state_py_2
cit_6231,6231,YBY YAU,py_ctrm_fcws.distri_7,base.py,py_ctrm_fcws.state_py_2
cit_6232,6232,ZANJA CUE,py_ctrm_fcws.distri_7,base.py,py_ctrm_fcws.state_py_2
cit_1135,1135,SAN SALVADOR,py_ctrm_fcws.distri_8,base.py,py_ctrm_fcws.state_py_2
cit_1136,1136,YBY YA'U,py_ctrm_fcws.distri_9,base.py,py_ctrm_fcws.state_py_2
cit_1137,1137,ANGELITO,py_ctrm_fcws.distri_9,base.py,py_ctrm_fcws.state_py_2
cit_1138,1138,ARROYO 7,py_ctrm_fcws.distri_9,base.py,py_ctrm_fcws.state_py_2
cit_1139,1139,BONETE,py_ctrm_fcws.distri_9,base.py,py_ctrm_fcws.state_py_2
cit_1140,1140,RETIRO ZELEY,py_ctrm_fcws.distri_9,base.py,py_ctrm_fcws.state_py_2
cit_1141,1141,CAAGATA,py_ctrm_fcws.distri_9,base.py,py_ctrm_fcws.state_py_2
cit_1142,1142,CAROLINA,py_ctrm_fcws.distri_9,base.py,py_ctrm_fcws.state_py_2
cit_1143,1143,CERRO ANGELITO,py_ctrm_fcws.distri_9,base.py,py_ctrm_fcws.state_py_2
cit_1144,1144,COL. EPOE. NAL.,py_ctrm_fcws.distri_9,base.py,py_ctrm_fcws.state_py_2
cit_1145,1145,ESTACION SAN ANTONIO,py_ctrm_fcws.distri_9,base.py,py_ctrm_fcws.state_py_2
cit_1146,1146,JHYATY,py_ctrm_fcws.distri_9,base.py,py_ctrm_fcws.state_py_2
cit_1147,1147,LAGUNA JHU,py_ctrm_fcws.distri_9,base.py,py_ctrm_fcws.state_py_2
cit_1148,1148,MBOCAYA,py_ctrm_fcws.distri_9,base.py,py_ctrm_fcws.state_py_2
cit_1149,1149,POCITO CUE,py_ctrm_fcws.distri_9,base.py,py_ctrm_fcws.state_py_2
cit_1150,1150,PRIMAVERA,py_ctrm_fcws.distri_9,base.py,py_ctrm_fcws.state_py_2
cit_1151,1151,RETIRO SANJITA,py_ctrm_fcws.distri_9,base.py,py_ctrm_fcws.state_py_2
cit_1152,1152,RETIRO TAPYTA GUA,py_ctrm_fcws.distri_9,base.py,py_ctrm_fcws.state_py_2
cit_1153,1153,RETIRO ZELEY,py_ctrm_fcws.distri_9,base.py,py_ctrm_fcws.state_py_2
cit_1154,1154,RETIRO ÑANDUCUA,py_ctrm_fcws.distri_9,base.py,py_ctrm_fcws.state_py_2
cit_1155,1155,SAN PEDRO,py_ctrm_fcws.distri_9,base.py,py_ctrm_fcws.state_py_2
cit_1156,1156,SANZA RECADO,py_ctrm_fcws.distri_9,base.py,py_ctrm_fcws.state_py_2
cit_6233,6233,ALAMBRE GUAJHA,py_ctrm_fcws.distri_9,base.py,py_ctrm_fcws.state_py_2
cit_6234,6234,CAMPANARIO,py_ctrm_fcws.distri_9,base.py,py_ctrm_fcws.state_py_2
cit_6235,6235,ESTACION SANGUINA,py_ctrm_fcws.distri_9,base.py,py_ctrm_fcws.state_py_2
cit_6236,6236,RAYA VAI,py_ctrm_fcws.distri_9,base.py,py_ctrm_fcws.state_py_2
cit_6237,6237,RUBIO CUE,py_ctrm_fcws.distri_9,base.py,py_ctrm_fcws.state_py_2
cit_6423,6423,SARGENTO JOSE FELIX LOPEZ,py_ctrm_fcws.distri_270,base.py,py_ctrm_fcws.state_py_2
cit_6434,6434,ARROYITO,py_ctrm_fcws.distri_286,base.py,py_ctrm_fcws.state_py_2
cit_151,151,TACURUTY,py_ctrm_fcws.distri_10,base.py,py_ctrm_fcws.state_py_3
cit_152,152,TAPE CAAGUY,py_ctrm_fcws.distri_10,base.py,py_ctrm_fcws.state_py_3
cit_153,153,TAYI CARE,py_ctrm_fcws.distri_10,base.py,py_ctrm_fcws.state_py_3
cit_154,154,TORO PASO,py_ctrm_fcws.distri_10,base.py,py_ctrm_fcws.state_py_3
cit_155,155,TUPI JHU,py_ctrm_fcws.distri_10,base.py,py_ctrm_fcws.state_py_3
cit_156,156,TUYU JHU,py_ctrm_fcws.distri_10,base.py,py_ctrm_fcws.state_py_3
cit_157,157,VALIENTE - CUE,py_ctrm_fcws.distri_10,base.py,py_ctrm_fcws.state_py_3
cit_158,158,VALLE - I,py_ctrm_fcws.distri_10,base.py,py_ctrm_fcws.state_py_3
cit_159,159,YACARE - ÑU,py_ctrm_fcws.distri_10,base.py,py_ctrm_fcws.state_py_3
cit_160,160,YACARE - E,py_ctrm_fcws.distri_10,base.py,py_ctrm_fcws.state_py_3
cit_161,161,YAPEPO,py_ctrm_fcws.distri_10,base.py,py_ctrm_fcws.state_py_3
cit_162,162,YCUA - PORA,py_ctrm_fcws.distri_10,base.py,py_ctrm_fcws.state_py_3
cit_163,163,YCUA CURUZU,py_ctrm_fcws.distri_10,base.py,py_ctrm_fcws.state_py_3
cit_164,164,YGATYMI,py_ctrm_fcws.distri_10,base.py,py_ctrm_fcws.state_py_3
cit_165,165,YPANE,py_ctrm_fcws.distri_10,base.py,py_ctrm_fcws.state_py_3
cit_166,166,YPAYERE,py_ctrm_fcws.distri_10,base.py,py_ctrm_fcws.state_py_3
cit_167,167,YUQUYTY,py_ctrm_fcws.distri_10,base.py,py_ctrm_fcws.state_py_3
cit_168,168,YUQUYRY GUAZU,py_ctrm_fcws.distri_10,base.py,py_ctrm_fcws.state_py_3
cit_169,169,ZANJITA,py_ctrm_fcws.distri_10,base.py,py_ctrm_fcws.state_py_3
cit_170,170,ZOLABARRIENTA,py_ctrm_fcws.distri_10,base.py,py_ctrm_fcws.state_py_3
cit_171,171,ÑANDUCUA,py_ctrm_fcws.distri_10,base.py,py_ctrm_fcws.state_py_3
cit_172,172,ÑANDUROCAY,py_ctrm_fcws.distri_10,base.py,py_ctrm_fcws.state_py_3
cit_173,173,ÑU - PORA,py_ctrm_fcws.distri_10,base.py,py_ctrm_fcws.state_py_3
cit_1157,1157,SAN PEDRO DE YCUAMANDYYU,py_ctrm_fcws.distri_10,base.py,py_ctrm_fcws.state_py_3
cit_1157,1157,SAN PEDRO DE YCUAMANDYYU,py_ctrm_fcws.distri_10,base.py,py_ctrm_fcws.state_py_3
cit_1157,1157,SAN PEDRO DE YCUAMANDYYU,py_ctrm_fcws.distri_10,base.py,py_ctrm_fcws.state_py_3
cit_1157,1157,SAN PEDRO DE YCUAMANDYYU,py_ctrm_fcws.distri_10,base.py,py_ctrm_fcws.state_py_3
cit_1157,1157,SAN PEDRO DE YCUAMANDYYU,py_ctrm_fcws.distri_10,base.py,py_ctrm_fcws.state_py_3
cit_1157,1157,SAN PEDRO DE YCUAMANDYYU,py_ctrm_fcws.distri_10,base.py,py_ctrm_fcws.state_py_3
cit_1157,1157,SAN PEDRO DE YCUAMANDYYU,py_ctrm_fcws.distri_10,base.py,py_ctrm_fcws.state_py_3
cit_1157,1157,SAN PEDRO DE YCUAMANDYYU,py_ctrm_fcws.distri_10,base.py,py_ctrm_fcws.state_py_3
cit_1157,1157,SAN PEDRO DE YCUAMANDYYU,py_ctrm_fcws.distri_10,base.py,py_ctrm_fcws.state_py_3
cit_1158,1158,AGUARAY - MI,py_ctrm_fcws.distri_10,base.py,py_ctrm_fcws.state_py_3
cit_1159,1159,ARAZA,py_ctrm_fcws.distri_10,base.py,py_ctrm_fcws.state_py_3
cit_1160,1160,ARROYO BLANCO,py_ctrm_fcws.distri_10,base.py,py_ctrm_fcws.state_py_3
cit_1161,1161,BARRANQUERITA,py_ctrm_fcws.distri_10,base.py,py_ctrm_fcws.state_py_3
cit_1162,1162,BUENA QUEMADA,py_ctrm_fcws.distri_10,base.py,py_ctrm_fcws.state_py_3
cit_1163,1163,CACHITO - CUE,py_ctrm_fcws.distri_10,base.py,py_ctrm_fcws.state_py_3
cit_1164,1164,CAMPO GRANDE,py_ctrm_fcws.distri_10,base.py,py_ctrm_fcws.state_py_3
cit_1165,1165,CARANDAYTY,py_ctrm_fcws.distri_10,base.py,py_ctrm_fcws.state_py_3
cit_1166,1166,CARRETILLA,py_ctrm_fcws.distri_10,base.py,py_ctrm_fcws.state_py_3
cit_1167,1167,CAYE LOMA,py_ctrm_fcws.distri_10,base.py,py_ctrm_fcws.state_py_3
cit_1168,1168,CAÑADA,py_ctrm_fcws.distri_10,base.py,py_ctrm_fcws.state_py_3
cit_1169,1169,CENIZAL,py_ctrm_fcws.distri_10,base.py,py_ctrm_fcws.state_py_3
cit_1170,1170,CERRITO,py_ctrm_fcws.distri_10,base.py,py_ctrm_fcws.state_py_3
cit_1171,1171,CHACO - I,py_ctrm_fcws.distri_10,base.py,py_ctrm_fcws.state_py_3
cit_1172,1172,CHALO - CUE,py_ctrm_fcws.distri_10,base.py,py_ctrm_fcws.state_py_3
cit_1173,1173,CHAURIA,py_ctrm_fcws.distri_10,base.py,py_ctrm_fcws.state_py_3
cit_1174,1174,CIERVO BARRERO,py_ctrm_fcws.distri_10,base.py,py_ctrm_fcws.state_py_3
cit_1175,1175,COL. SAN BLAS,py_ctrm_fcws.distri_10,base.py,py_ctrm_fcws.state_py_3
cit_1176,1176,COL. SAN PABLO,py_ctrm_fcws.distri_10,base.py,py_ctrm_fcws.state_py_3
cit_1177,1177,COL. SUSANA,py_ctrm_fcws.distri_10,base.py,py_ctrm_fcws.state_py_3
cit_1178,1178,CORREA RUGUA,py_ctrm_fcws.distri_10,base.py,py_ctrm_fcws.state_py_3
cit_1179,1179,COSTA PUCU,py_ctrm_fcws.distri_10,base.py,py_ctrm_fcws.state_py_3
cit_1180,1180,CURUPAYTY,py_ctrm_fcws.distri_10,base.py,py_ctrm_fcws.state_py_3
cit_1181,1181,CABAYU CARUJHA,py_ctrm_fcws.distri_10,base.py,py_ctrm_fcws.state_py_3
cit_1182,1182,DIEGO LOMA,py_ctrm_fcws.distri_10,base.py,py_ctrm_fcws.state_py_3
cit_1183,1183,DOME - CUE,py_ctrm_fcws.distri_10,base.py,py_ctrm_fcws.state_py_3
cit_1184,1184,DOMINGUEZ - CUE,py_ctrm_fcws.distri_10,base.py,py_ctrm_fcws.state_py_3
cit_1185,1185,ESTACION ITACURUBI,py_ctrm_fcws.distri_10,base.py,py_ctrm_fcws.state_py_3
cit_1186,1186,GIMENEZ - CUE,py_ctrm_fcws.distri_10,base.py,py_ctrm_fcws.state_py_3
cit_1187,1187,ISLA ALTA,py_ctrm_fcws.distri_10,base.py,py_ctrm_fcws.state_py_3
cit_1188,1188,ISLA CUBA Y OTRO,py_ctrm_fcws.distri_10,base.py,py_ctrm_fcws.state_py_3
cit_1189,1189,ISLA CUÑA,py_ctrm_fcws.distri_10,base.py,py_ctrm_fcws.state_py_3
cit_1190,1190,ITACURU,py_ctrm_fcws.distri_10,base.py,py_ctrm_fcws.state_py_3
cit_1191,1191,JEJUI,py_ctrm_fcws.distri_10,base.py,py_ctrm_fcws.state_py_3
cit_1192,1192,JHUGUA I,py_ctrm_fcws.distri_10,base.py,py_ctrm_fcws.state_py_3
cit_1193,1193,JHUGUA - GUAZU,py_ctrm_fcws.distri_10,base.py,py_ctrm_fcws.state_py_3
cit_1194,1194,JHUGUA COSTA,py_ctrm_fcws.distri_10,base.py,py_ctrm_fcws.state_py_3
cit_1195,1195,LA NIÑA,py_ctrm_fcws.distri_10,base.py,py_ctrm_fcws.state_py_3
cit_1196,1196,LAGUNA VERA,py_ctrm_fcws.distri_10,base.py,py_ctrm_fcws.state_py_3
cit_1197,1197,LOMA TACUARA,py_ctrm_fcws.distri_10,base.py,py_ctrm_fcws.state_py_3
cit_1198,1198,MBOIY,py_ctrm_fcws.distri_10,base.py,py_ctrm_fcws.state_py_3
cit_1199,1199,MBOPICUA,py_ctrm_fcws.distri_10,base.py,py_ctrm_fcws.state_py_3
cit_1200,1200,MBOREBI COSTA,py_ctrm_fcws.distri_10,base.py,py_ctrm_fcws.state_py_3
cit_1201,1201,MERCADO LOMA,py_ctrm_fcws.distri_10,base.py,py_ctrm_fcws.state_py_3
cit_1202,1202,MONTANIA RUGUA,py_ctrm_fcws.distri_10,base.py,py_ctrm_fcws.state_py_3
cit_1203,1203,MONTE CAAGUY,py_ctrm_fcws.distri_10,base.py,py_ctrm_fcws.state_py_3
cit_1204,1204,MONTE GRANDE,py_ctrm_fcws.distri_10,base.py,py_ctrm_fcws.state_py_3
cit_1205,1205,MONTIEL LOMA,py_ctrm_fcws.distri_10,base.py,py_ctrm_fcws.state_py_3
cit_1206,1206,MONTIEL - CUE,py_ctrm_fcws.distri_10,base.py,py_ctrm_fcws.state_py_3
cit_1207,1207,MORALES - CUE,py_ctrm_fcws.distri_10,base.py,py_ctrm_fcws.state_py_3
cit_1208,1208,NARANJA TY,py_ctrm_fcws.distri_10,base.py,py_ctrm_fcws.state_py_3
cit_1209,1209,PAVON - CUE,py_ctrm_fcws.distri_10,base.py,py_ctrm_fcws.state_py_3
cit_1210,1210,PETRONITA,py_ctrm_fcws.distri_10,base.py,py_ctrm_fcws.state_py_3
cit_1211,1211,PINOZA,py_ctrm_fcws.distri_10,base.py,py_ctrm_fcws.state_py_3
cit_1212,1212,PIRIPUCU,py_ctrm_fcws.distri_10,base.py,py_ctrm_fcws.state_py_3
cit_1213,1213,POTRERO NOVILLO,py_ctrm_fcws.distri_10,base.py,py_ctrm_fcws.state_py_3
cit_1214,1214,POTRERO PORA,py_ctrm_fcws.distri_10,base.py,py_ctrm_fcws.state_py_3
cit_1215,1215,POTRERO PUCU,py_ctrm_fcws.distri_10,base.py,py_ctrm_fcws.state_py_3
cit_1216,1216,POTRERO base.py,py_ctrm_fcws.distri_10,base.py,py_ctrm_fcws.state_py_3
cit_1217,1217,PUERTO CAAGUY,py_ctrm_fcws.distri_10,base.py,py_ctrm_fcws.state_py_3
cit_1218,1218,PUERTO JEJUI,py_ctrm_fcws.distri_10,base.py,py_ctrm_fcws.state_py_3
cit_1219,1219,PUERTO MI,py_ctrm_fcws.distri_10,base.py,py_ctrm_fcws.state_py_3
cit_1220,1220,PUERTO YBAPOBO,py_ctrm_fcws.distri_10,base.py,py_ctrm_fcws.state_py_3
cit_1221,1221,QUIÑONEZ - CUE,py_ctrm_fcws.distri_10,base.py,py_ctrm_fcws.state_py_3
cit_1222,1222,ROSARIO LOMA,py_ctrm_fcws.distri_10,base.py,py_ctrm_fcws.state_py_3
cit_1223,1223,RUGUA,py_ctrm_fcws.distri_10,base.py,py_ctrm_fcws.state_py_3
cit_1224,1224,SAN ANTONIO,py_ctrm_fcws.distri_10,base.py,py_ctrm_fcws.state_py_3
cit_1225,1225,SAN DIEGO LOMA,py_ctrm_fcws.distri_10,base.py,py_ctrm_fcws.state_py_3
cit_1226,1226,SAN MIGUEL,py_ctrm_fcws.distri_10,base.py,py_ctrm_fcws.state_py_3
cit_1227,1227,SANTA ROSA,py_ctrm_fcws.distri_10,base.py,py_ctrm_fcws.state_py_3
cit_6162,6162,SARGENTO LOMA,py_ctrm_fcws.distri_10,base.py,py_ctrm_fcws.state_py_3
cit_6163,6163,TUPI PYTA,py_ctrm_fcws.distri_10,base.py,py_ctrm_fcws.state_py_3
cit_6164,6164,YACARE ÑEE,py_ctrm_fcws.distri_10,base.py,py_ctrm_fcws.state_py_3
cit_6165,6165,YCUA MANDIYU,py_ctrm_fcws.distri_10,base.py,py_ctrm_fcws.state_py_3
cit_6165,6165,YCUA MANDIYU,py_ctrm_fcws.distri_10,base.py,py_ctrm_fcws.state_py_3
cit_6165,6165,YCUA MANDIYU,py_ctrm_fcws.distri_10,base.py,py_ctrm_fcws.state_py_3
cit_6165,6165,YCUA MANDIYU,py_ctrm_fcws.distri_10,base.py,py_ctrm_fcws.state_py_3
cit_6166,6166,YVAJHAI,py_ctrm_fcws.distri_10,base.py,py_ctrm_fcws.state_py_3
cit_6238,6238,AGUARAY SECO,py_ctrm_fcws.distri_10,base.py,py_ctrm_fcws.state_py_3
cit_6239,6239,CAAPUCU - MI,py_ctrm_fcws.distri_10,base.py,py_ctrm_fcws.state_py_3
cit_6240,6240,CASTILLO - CUE,py_ctrm_fcws.distri_10,base.py,py_ctrm_fcws.state_py_3
cit_174,174,ANTEQUERA,py_ctrm_fcws.distri_11,base.py,py_ctrm_fcws.state_py_3
cit_174,174,ANTEQUERA,py_ctrm_fcws.distri_11,base.py,py_ctrm_fcws.state_py_3
cit_174,174,ANTEQUERA,py_ctrm_fcws.distri_11,base.py,py_ctrm_fcws.state_py_3
cit_174,174,ANTEQUERA,py_ctrm_fcws.distri_11,base.py,py_ctrm_fcws.state_py_3
cit_175,175,COL. ANTEQUERA,py_ctrm_fcws.distri_11,base.py,py_ctrm_fcws.state_py_3
cit_176,176,PINOZA,py_ctrm_fcws.distri_11,base.py,py_ctrm_fcws.state_py_3
cit_177,177,GRAL. E.AQUINO,py_ctrm_fcws.distri_12,base.py,py_ctrm_fcws.state_py_3
cit_177,177,GRAL. E.AQUINO,py_ctrm_fcws.distri_12,base.py,py_ctrm_fcws.state_py_3
cit_177,177,GRAL. E.AQUINO,py_ctrm_fcws.distri_12,base.py,py_ctrm_fcws.state_py_3
cit_177,177,GRAL. E.AQUINO,py_ctrm_fcws.distri_12,base.py,py_ctrm_fcws.state_py_3
cit_177,177,GRAL. E.AQUINO,py_ctrm_fcws.distri_12,base.py,py_ctrm_fcws.state_py_3
cit_177,177,GRAL. E.AQUINO,py_ctrm_fcws.distri_12,base.py,py_ctrm_fcws.state_py_3
cit_177,177,GRAL. E.AQUINO,py_ctrm_fcws.distri_12,base.py,py_ctrm_fcws.state_py_3
cit_177,177,GRAL. E.AQUINO,py_ctrm_fcws.distri_12,base.py,py_ctrm_fcws.state_py_3
cit_177,177,GRAL. E.AQUINO,py_ctrm_fcws.distri_12,base.py,py_ctrm_fcws.state_py_3
cit_177,177,GRAL. E.AQUINO,py_ctrm_fcws.distri_12,base.py,py_ctrm_fcws.state_py_3
cit_177,177,GRAL. E.AQUINO,py_ctrm_fcws.distri_12,base.py,py_ctrm_fcws.state_py_3
cit_178,178,1RO. DE MARZO,py_ctrm_fcws.distri_12,base.py,py_ctrm_fcws.state_py_3
cit_179,179,AGUILERA CUE,py_ctrm_fcws.distri_12,base.py,py_ctrm_fcws.state_py_3
cit_180,180,ARAZA,py_ctrm_fcws.distri_12,base.py,py_ctrm_fcws.state_py_3
cit_181,181,ARAZAPETY,py_ctrm_fcws.distri_12,base.py,py_ctrm_fcws.state_py_3
cit_182,182,CHAMORRO CUE,py_ctrm_fcws.distri_12,base.py,py_ctrm_fcws.state_py_3
cit_183,183,COL. GRAL. AQUINO,py_ctrm_fcws.distri_12,base.py,py_ctrm_fcws.state_py_3
cit_184,184,COL. MBATETE,py_ctrm_fcws.distri_12,base.py,py_ctrm_fcws.state_py_3
cit_185,185,COL. SAN JOSE,py_ctrm_fcws.distri_12,base.py,py_ctrm_fcws.state_py_3
cit_186,186,COL. TRANQUERA,py_ctrm_fcws.distri_12,base.py,py_ctrm_fcws.state_py_3
cit_187,187,COL. TRINAQUIA,py_ctrm_fcws.distri_12,base.py,py_ctrm_fcws.state_py_3
cit_188,188,COL. YURUHEI,py_ctrm_fcws.distri_12,base.py,py_ctrm_fcws.state_py_3
cit_189,189,JHUGUA POI,py_ctrm_fcws.distri_12,base.py,py_ctrm_fcws.state_py_3
cit_190,190,MANDIYUTY CUE,py_ctrm_fcws.distri_12,base.py,py_ctrm_fcws.state_py_3
cit_191,191,MUNICIPIO,py_ctrm_fcws.distri_12,base.py,py_ctrm_fcws.state_py_3
cit_192,192,OCIOSO,py_ctrm_fcws.distri_12,base.py,py_ctrm_fcws.state_py_3
cit_193,193,PARAY,py_ctrm_fcws.distri_12,base.py,py_ctrm_fcws.state_py_3
cit_194,194,PINDOTY,py_ctrm_fcws.distri_12,base.py,py_ctrm_fcws.state_py_3
cit_195,195,POLENTO CUE,py_ctrm_fcws.distri_12,base.py,py_ctrm_fcws.state_py_3
cit_196,196,POTRERO - CUE,py_ctrm_fcws.distri_12,base.py,py_ctrm_fcws.state_py_3
cit_197,197,REDONDO,py_ctrm_fcws.distri_12,base.py,py_ctrm_fcws.state_py_3
cit_198,198,SAN FRANCISCO,py_ctrm_fcws.distri_12,base.py,py_ctrm_fcws.state_py_3
cit_199,199,SAN PEDRO,py_ctrm_fcws.distri_12,base.py,py_ctrm_fcws.state_py_3
cit_200,200,SANTA CLARA,py_ctrm_fcws.distri_12,base.py,py_ctrm_fcws.state_py_3
cit_201,201,VALLE - MI,py_ctrm_fcws.distri_12,base.py,py_ctrm_fcws.state_py_3
cit_202,202,YCUA PINDO,py_ctrm_fcws.distri_12,base.py,py_ctrm_fcws.state_py_3
cit_203,203,YURUJHEI,py_ctrm_fcws.distri_12,base.py,py_ctrm_fcws.state_py_3
cit_204,204,ÑANDEYARA,py_ctrm_fcws.distri_12,base.py,py_ctrm_fcws.state_py_3
cit_205,205,ÑANDUEVA - I,py_ctrm_fcws.distri_12,base.py,py_ctrm_fcws.state_py_3
cit_206,206,ITACURUBI DEL ROSARIO,py_ctrm_fcws.distri_13,base.py,py_ctrm_fcws.state_py_3
cit_207,207,AGUAPEY,py_ctrm_fcws.distri_13,base.py,py_ctrm_fcws.state_py_3
cit_208,208,AGUAY - CUE,py_ctrm_fcws.distri_13,base.py,py_ctrm_fcws.state_py_3
cit_209,209,AMANECER,py_ctrm_fcws.distri_13,base.py,py_ctrm_fcws.state_py_3
cit_210,210,AZCURRA,py_ctrm_fcws.distri_13,base.py,py_ctrm_fcws.state_py_3
cit_211,211,BARRERO,py_ctrm_fcws.distri_13,base.py,py_ctrm_fcws.state_py_3
cit_212,212,BOLAS - CUA,py_ctrm_fcws.distri_13,base.py,py_ctrm_fcws.state_py_3
cit_213,213,BOQUERON,py_ctrm_fcws.distri_13,base.py,py_ctrm_fcws.state_py_3
cit_214,214,CABAYU RAY CARAJHU,py_ctrm_fcws.distri_13,base.py,py_ctrm_fcws.state_py_3
cit_215,215,CABAYU ROY,py_ctrm_fcws.distri_13,base.py,py_ctrm_fcws.state_py_3
cit_216,216,CAPILLA JHUGUA,py_ctrm_fcws.distri_13,base.py,py_ctrm_fcws.state_py_3
cit_217,217,CAPILLA LOMA,py_ctrm_fcws.distri_13,base.py,py_ctrm_fcws.state_py_3
cit_218,218,CAPILLA RUGUA,py_ctrm_fcws.distri_13,base.py,py_ctrm_fcws.state_py_3
cit_219,219,CARIY,py_ctrm_fcws.distri_13,base.py,py_ctrm_fcws.state_py_3
cit_220,220,CAROLINA,py_ctrm_fcws.distri_13,base.py,py_ctrm_fcws.state_py_3
cit_221,221,COL. A. CATIGLIONI,py_ctrm_fcws.distri_13,base.py,py_ctrm_fcws.state_py_3
cit_222,222,COL. CHORE,py_ctrm_fcws.distri_13,base.py,py_ctrm_fcws.state_py_3
cit_223,223,COL. COSTA GALVAN,py_ctrm_fcws.distri_13,base.py,py_ctrm_fcws.state_py_3
cit_224,224,COL. FRIESLAND,py_ctrm_fcws.distri_13,base.py,py_ctrm_fcws.state_py_3
cit_225,225,COL. GUERRA DEL CHACO,py_ctrm_fcws.distri_13,base.py,py_ctrm_fcws.state_py_3
cit_226,226,COL. JHUGUA,py_ctrm_fcws.distri_13,base.py,py_ctrm_fcws.state_py_3
cit_227,227,COL. LIBERACION,py_ctrm_fcws.distri_13,base.py,py_ctrm_fcws.state_py_3
cit_228,228,COL. SAN ROQUE,py_ctrm_fcws.distri_13,base.py,py_ctrm_fcws.state_py_3
cit_229,229,COL. TUYANGO,py_ctrm_fcws.distri_13,base.py,py_ctrm_fcws.state_py_3
cit_230,230,COL. VALLEMI,py_ctrm_fcws.distri_13,base.py,py_ctrm_fcws.state_py_3
cit_231,231,CORRALES,py_ctrm_fcws.distri_13,base.py,py_ctrm_fcws.state_py_3
cit_232,232,CURUZU - ÑU,py_ctrm_fcws.distri_13,base.py,py_ctrm_fcws.state_py_3
cit_233,233,FRANCO - CUE,py_ctrm_fcws.distri_13,base.py,py_ctrm_fcws.state_py_3
cit_234,234,GUARIA RUGUA,py_ctrm_fcws.distri_13,base.py,py_ctrm_fcws.state_py_3
cit_235,235,GUYRATY,py_ctrm_fcws.distri_13,base.py,py_ctrm_fcws.state_py_3
cit_236,236,ISLA CARAYA,py_ctrm_fcws.distri_13,base.py,py_ctrm_fcws.state_py_3
cit_237,237,ISLA CURUZU,py_ctrm_fcws.distri_13,base.py,py_ctrm_fcws.state_py_3
cit_238,238,ISLA GUAZU,py_ctrm_fcws.distri_13,base.py,py_ctrm_fcws.state_py_3
cit_239,239,ISLERIAS,py_ctrm_fcws.distri_13,base.py,py_ctrm_fcws.state_py_3
cit_240,240,ITA PORA,py_ctrm_fcws.distri_13,base.py,py_ctrm_fcws.state_py_3
cit_241,241,JHUGUA REY,py_ctrm_fcws.distri_13,base.py,py_ctrm_fcws.state_py_3
cit_242,242,LAGUNA MOJON,py_ctrm_fcws.distri_13,base.py,py_ctrm_fcws.state_py_3
cit_243,243,LAS DOS MARIAS,py_ctrm_fcws.distri_13,base.py,py_ctrm_fcws.state_py_3
cit_244,244,MARTINEZ - CUE,py_ctrm_fcws.distri_13,base.py,py_ctrm_fcws.state_py_3
cit_245,245,MBARETE,py_ctrm_fcws.distri_13,base.py,py_ctrm_fcws.state_py_3
cit_246,246,MBOCAYATY,py_ctrm_fcws.distri_13,base.py,py_ctrm_fcws.state_py_3
cit_247,247,MBOCAYA,py_ctrm_fcws.distri_13,base.py,py_ctrm_fcws.state_py_3
cit_248,248,NAVIDAD,py_ctrm_fcws.distri_13,base.py,py_ctrm_fcws.state_py_3
cit_249,249,NEGRO - CUE,py_ctrm_fcws.distri_13,base.py,py_ctrm_fcws.state_py_3
cit_250,250,OCIOSO,py_ctrm_fcws.distri_13,base.py,py_ctrm_fcws.state_py_3
cit_251,251,OVECHA RETA,py_ctrm_fcws.distri_13,base.py,py_ctrm_fcws.state_py_3
cit_252,252,PEGUAJHO,py_ctrm_fcws.distri_13,base.py,py_ctrm_fcws.state_py_3
cit_253,253,PICADA,py_ctrm_fcws.distri_13,base.py,py_ctrm_fcws.state_py_3
cit_254,254,PICADA DEL PUEBLO,py_ctrm_fcws.distri_13,base.py,py_ctrm_fcws.state_py_3
cit_255,255,PIRAY,py_ctrm_fcws.distri_13,base.py,py_ctrm_fcws.state_py_3
cit_256,256,PIRAYUI,py_ctrm_fcws.distri_13,base.py,py_ctrm_fcws.state_py_3
cit_257,257,PLATERO - CUE,py_ctrm_fcws.distri_13,base.py,py_ctrm_fcws.state_py_3
cit_258,258,QUIRAITY,py_ctrm_fcws.distri_13,base.py,py_ctrm_fcws.state_py_3
cit_259,259,QUIRATY Y OTROS,py_ctrm_fcws.distri_13,base.py,py_ctrm_fcws.state_py_3
cit_260,260,RIO RUGUA,py_ctrm_fcws.distri_13,base.py,py_ctrm_fcws.state_py_3
cit_261,261,RIVEROS - CUE,py_ctrm_fcws.distri_13,base.py,py_ctrm_fcws.state_py_3
cit_262,262,RODEO TAYI,py_ctrm_fcws.distri_13,base.py,py_ctrm_fcws.state_py_3
cit_263,263,SAN PEDRO,py_ctrm_fcws.distri_13,base.py,py_ctrm_fcws.state_py_3
cit_264,264,SANTA LUCIA,py_ctrm_fcws.distri_13,base.py,py_ctrm_fcws.state_py_3
cit_265,265,TAPARI,py_ctrm_fcws.distri_13,base.py,py_ctrm_fcws.state_py_3
cit_266,266,TAPIRACUAI,py_ctrm_fcws.distri_13,base.py,py_ctrm_fcws.state_py_3
cit_267,267,VACA JHU,py_ctrm_fcws.distri_13,base.py,py_ctrm_fcws.state_py_3
cit_2149,2149,VENTURA - CUE,py_ctrm_fcws.distri_13,base.py,py_ctrm_fcws.state_py_3
cit_2150,2150,YURUJHEI,py_ctrm_fcws.distri_13,base.py,py_ctrm_fcws.state_py_3
cit_6307,6307,YTATY,py_ctrm_fcws.distri_13,base.py,py_ctrm_fcws.state_py_3
cit_334,334,ARROYO SAN JOSE,py_ctrm_fcws.distri_14,base.py,py_ctrm_fcws.state_py_3
cit_335,335,BARRIENTOS - CUE,py_ctrm_fcws.distri_14,base.py,py_ctrm_fcws.state_py_3
cit_336,336,BOGADO - CUE,py_ctrm_fcws.distri_14,base.py,py_ctrm_fcws.state_py_3
cit_337,337,CABEZADA,py_ctrm_fcws.distri_14,base.py,py_ctrm_fcws.state_py_3
cit_338,338,CAIVO,py_ctrm_fcws.distri_14,base.py,py_ctrm_fcws.state_py_3
cit_339,339,CAMPO DE ITAPEY,py_ctrm_fcws.distri_14,base.py,py_ctrm_fcws.state_py_3
cit_340,340,CANGUERY,py_ctrm_fcws.distri_14,base.py,py_ctrm_fcws.state_py_3
cit_341,341,CAPIIBARY,py_ctrm_fcws.distri_14,base.py,py_ctrm_fcws.state_py_3
cit_342,342,CARABIY,py_ctrm_fcws.distri_14,base.py,py_ctrm_fcws.state_py_3
cit_343,343,CARANDY POTRERO,py_ctrm_fcws.distri_14,base.py,py_ctrm_fcws.state_py_3
cit_344,344,CARAPICUA,py_ctrm_fcws.distri_14,base.py,py_ctrm_fcws.state_py_3
cit_345,345,CAÑADA DE LOURDES,py_ctrm_fcws.distri_14,base.py,py_ctrm_fcws.state_py_3
cit_346,346,CENIZAL,py_ctrm_fcws.distri_14,base.py,py_ctrm_fcws.state_py_3
cit_347,347,CERRITO,py_ctrm_fcws.distri_14,base.py,py_ctrm_fcws.state_py_3
cit_348,348,CERRITO APEPU,py_ctrm_fcws.distri_14,base.py,py_ctrm_fcws.state_py_3
cit_349,349,PERRO PAU,py_ctrm_fcws.distri_14,base.py,py_ctrm_fcws.state_py_3
cit_350,350,COE POTI,py_ctrm_fcws.distri_14,base.py,py_ctrm_fcws.state_py_3
cit_351,351,COE PYTA,py_ctrm_fcws.distri_14,base.py,py_ctrm_fcws.state_py_3
cit_352,352,COL. CARPA - CUE,py_ctrm_fcws.distri_14,base.py,py_ctrm_fcws.state_py_3
cit_353,353,COL. DEFENSORES DEL CHACO,py_ctrm_fcws.distri_14,base.py,py_ctrm_fcws.state_py_3
cit_354,354,COL. J.R. CHAVEZ,py_ctrm_fcws.distri_14,base.py,py_ctrm_fcws.state_py_3
cit_355,355,COL. NATIVIDAD,py_ctrm_fcws.distri_14,base.py,py_ctrm_fcws.state_py_3
cit_356,356,COL. REP. DEL NORTE,py_ctrm_fcws.distri_14,base.py,py_ctrm_fcws.state_py_3
cit_357,357,COL. REPATRIADOS,py_ctrm_fcws.distri_14,base.py,py_ctrm_fcws.state_py_3
cit_358,358,COL. COE POTY,py_ctrm_fcws.distri_14,base.py,py_ctrm_fcws.state_py_3
cit_359,359,COSTA PUCU,py_ctrm_fcws.distri_14,base.py,py_ctrm_fcws.state_py_3
cit_360,360,CUPI - I,py_ctrm_fcws.distri_14,base.py,py_ctrm_fcws.state_py_3
cit_361,361,CARDENAS,py_ctrm_fcws.distri_14,base.py,py_ctrm_fcws.state_py_3
cit_362,362,ESCALERA - CUE,py_ctrm_fcws.distri_14,base.py,py_ctrm_fcws.state_py_3
cit_363,363,ESTERO PEGUAJHO,py_ctrm_fcws.distri_14,base.py,py_ctrm_fcws.state_py_3
cit_364,364,GIMENEZ,py_ctrm_fcws.distri_14,base.py,py_ctrm_fcws.state_py_3
cit_365,365,GUAICA,py_ctrm_fcws.distri_14,base.py,py_ctrm_fcws.state_py_3
cit_366,366,GUAY CURUGUA,py_ctrm_fcws.distri_14,base.py,py_ctrm_fcws.state_py_3
cit_367,367,GUAZURETA,py_ctrm_fcws.distri_14,base.py,py_ctrm_fcws.state_py_3
cit_368,368,GUAZU RETA,py_ctrm_fcws.distri_14,base.py,py_ctrm_fcws.state_py_3
cit_369,369,HACHITA,py_ctrm_fcws.distri_14,base.py,py_ctrm_fcws.state_py_3
cit_370,370,INDALECIO - CUE,py_ctrm_fcws.distri_14,base.py,py_ctrm_fcws.state_py_3
cit_371,371,INDUSTRIAL - CUE,py_ctrm_fcws.distri_14,base.py,py_ctrm_fcws.state_py_3
cit_372,372,ISLA GUAZU,py_ctrm_fcws.distri_14,base.py,py_ctrm_fcws.state_py_3
cit_373,373,ISLA YATEBU,py_ctrm_fcws.distri_14,base.py,py_ctrm_fcws.state_py_3
cit_374,374,ITA BEBU,py_ctrm_fcws.distri_14,base.py,py_ctrm_fcws.state_py_3
cit_375,375,ITAPEY,py_ctrm_fcws.distri_14,base.py,py_ctrm_fcws.state_py_3
cit_376,376,ITAY,py_ctrm_fcws.distri_14,base.py,py_ctrm_fcws.state_py_3
cit_377,377,JARDIN,py_ctrm_fcws.distri_14,base.py,py_ctrm_fcws.state_py_3
cit_378,378,JHU,py_ctrm_fcws.distri_14,base.py,py_ctrm_fcws.state_py_3
cit_379,379,JUSTO - CUE,py_ctrm_fcws.distri_14,base.py,py_ctrm_fcws.state_py_3
cit_380,380,LAGUNA PYTA,py_ctrm_fcws.distri_14,base.py,py_ctrm_fcws.state_py_3
cit_381,381,LOMA FLORIDA,py_ctrm_fcws.distri_14,base.py,py_ctrm_fcws.state_py_3
cit_382,382,MARTINEZ - CUE,py_ctrm_fcws.distri_14,base.py,py_ctrm_fcws.state_py_3
cit_383,383,MBARIGUI,py_ctrm_fcws.distri_14,base.py,py_ctrm_fcws.state_py_3
cit_384,384,MBOY,py_ctrm_fcws.distri_14,base.py,py_ctrm_fcws.state_py_3
cit_385,385,MBURICA POTRERO,py_ctrm_fcws.distri_14,base.py,py_ctrm_fcws.state_py_3
cit_386,386,MBUTUY,py_ctrm_fcws.distri_14,base.py,py_ctrm_fcws.state_py_3
cit_387,387,MOIY LOMA,py_ctrm_fcws.distri_14,base.py,py_ctrm_fcws.state_py_3
cit_388,388,MOJON,py_ctrm_fcws.distri_14,base.py,py_ctrm_fcws.state_py_3
cit_389,389,MONTE,py_ctrm_fcws.distri_14,base.py,py_ctrm_fcws.state_py_3
cit_390,390,MONTE ALTO,py_ctrm_fcws.distri_14,base.py,py_ctrm_fcws.state_py_3
cit_391,391,MOVIRE TOQUE,py_ctrm_fcws.distri_14,base.py,py_ctrm_fcws.state_py_3
cit_392,392,MUNICIPIO,py_ctrm_fcws.distri_14,base.py,py_ctrm_fcws.state_py_3
cit_393,393,NARANJATY APUA,py_ctrm_fcws.distri_14,base.py,py_ctrm_fcws.state_py_3
cit_394,394,NAVIDAD,py_ctrm_fcws.distri_14,base.py,py_ctrm_fcws.state_py_3
cit_395,395,NOGUEIRE - CUE,py_ctrm_fcws.distri_14,base.py,py_ctrm_fcws.state_py_3
cit_396,396,NOVIRETA - CUE,py_ctrm_fcws.distri_14,base.py,py_ctrm_fcws.state_py_3
cit_397,397,NOVIRETA,py_ctrm_fcws.distri_14,base.py,py_ctrm_fcws.state_py_3
cit_398,398,OCULTO,py_ctrm_fcws.distri_14,base.py,py_ctrm_fcws.state_py_3
cit_399,399,ORTELLADO - CUE,py_ctrm_fcws.distri_14,base.py,py_ctrm_fcws.state_py_3
cit_400,400,ORUE - CUE,py_ctrm_fcws.distri_14,base.py,py_ctrm_fcws.state_py_3
cit_401,401,OVANDO - CUE,py_ctrm_fcws.distri_14,base.py,py_ctrm_fcws.state_py_3
cit_402,402,PANAMBI,py_ctrm_fcws.distri_14,base.py,py_ctrm_fcws.state_py_3
cit_403,403,PARAJE CARABY,py_ctrm_fcws.distri_14,base.py,py_ctrm_fcws.state_py_3
cit_404,404,PARAJE GUAICA,py_ctrm_fcws.distri_14,base.py,py_ctrm_fcws.state_py_3
cit_405,405,PARAJE YBU,py_ctrm_fcws.distri_14,base.py,py_ctrm_fcws.state_py_3
cit_406,406,PEREZ - CUE,py_ctrm_fcws.distri_14,base.py,py_ctrm_fcws.state_py_3
cit_407,407,PETY DY,py_ctrm_fcws.distri_14,base.py,py_ctrm_fcws.state_py_3
cit_408,408,PINDOSA,py_ctrm_fcws.distri_14,base.py,py_ctrm_fcws.state_py_3
cit_409,409,PINDOTI,py_ctrm_fcws.distri_14,base.py,py_ctrm_fcws.state_py_3
cit_410,410,PINDURA,py_ctrm_fcws.distri_14,base.py,py_ctrm_fcws.state_py_3
cit_411,411,POTRERO,py_ctrm_fcws.distri_14,base.py,py_ctrm_fcws.state_py_3
cit_412,412,POTRERO OSUNA,py_ctrm_fcws.distri_14,base.py,py_ctrm_fcws.state_py_3
cit_413,413,POTRERO POI,py_ctrm_fcws.distri_14,base.py,py_ctrm_fcws.state_py_3
cit_414,414,POTRERO YBATE,py_ctrm_fcws.distri_14,base.py,py_ctrm_fcws.state_py_3
cit_415,415,PUESTO LAUREL,py_ctrm_fcws.distri_14,base.py,py_ctrm_fcws.state_py_3
cit_416,416,QUIÑONEZ - CUE,py_ctrm_fcws.distri_14,base.py,py_ctrm_fcws.state_py_3
cit_417,417,RIO CORRIENTES,py_ctrm_fcws.distri_14,base.py,py_ctrm_fcws.state_py_3
cit_418,418,RUA,py_ctrm_fcws.distri_14,base.py,py_ctrm_fcws.state_py_3
cit_419,419,SAMUHU,py_ctrm_fcws.distri_14,base.py,py_ctrm_fcws.state_py_3
cit_420,420,SAN ANTONIO,py_ctrm_fcws.distri_14,base.py,py_ctrm_fcws.state_py_3
cit_421,421,SAN CARLOS,py_ctrm_fcws.distri_14,base.py,py_ctrm_fcws.state_py_3
cit_422,422,SAN ISIDRO,py_ctrm_fcws.distri_14,base.py,py_ctrm_fcws.state_py_3
cit_423,423,SAN JOAQUIN,py_ctrm_fcws.distri_14,base.py,py_ctrm_fcws.state_py_3
cit_424,424,SAN JUAN,py_ctrm_fcws.distri_14,base.py,py_ctrm_fcws.state_py_3
cit_425,425,SAN RAFAEL,py_ctrm_fcws.distri_14,base.py,py_ctrm_fcws.state_py_3
cit_426,426,SANTA ANA,py_ctrm_fcws.distri_14,base.py,py_ctrm_fcws.state_py_3
cit_427,427,SANTA BARBARA,py_ctrm_fcws.distri_14,base.py,py_ctrm_fcws.state_py_3
cit_428,428,SANTA ROSA,py_ctrm_fcws.distri_14,base.py,py_ctrm_fcws.state_py_3
cit_429,429,SANTA TERESA,py_ctrm_fcws.distri_14,base.py,py_ctrm_fcws.state_py_3
cit_430,430,SIRA TY,py_ctrm_fcws.distri_14,base.py,py_ctrm_fcws.state_py_3
cit_431,431,SOMURIO,py_ctrm_fcws.distri_14,base.py,py_ctrm_fcws.state_py_3
cit_432,432,SYRATY,py_ctrm_fcws.distri_14,base.py,py_ctrm_fcws.state_py_3
cit_433,433,TABAI,py_ctrm_fcws.distri_14,base.py,py_ctrm_fcws.state_py_3
cit_434,434,TACUAPI-I,py_ctrm_fcws.distri_14,base.py,py_ctrm_fcws.state_py_3
cit_435,435,TACUARAS,py_ctrm_fcws.distri_14,base.py,py_ctrm_fcws.state_py_3
cit_436,436,TACURUTY,py_ctrm_fcws.distri_14,base.py,py_ctrm_fcws.state_py_3
cit_437,437,TANARA,py_ctrm_fcws.distri_14,base.py,py_ctrm_fcws.state_py_3
cit_438,438,TOBAY,py_ctrm_fcws.distri_14,base.py,py_ctrm_fcws.state_py_3
cit_439,439,TORIN - CUE,py_ctrm_fcws.distri_14,base.py,py_ctrm_fcws.state_py_3
cit_440,440,TORO PIRU,py_ctrm_fcws.distri_14,base.py,py_ctrm_fcws.state_py_3
cit_441,441,VACA JHU,py_ctrm_fcws.distri_14,base.py,py_ctrm_fcws.state_py_3
cit_442,442,VACA RETA,py_ctrm_fcws.distri_14,base.py,py_ctrm_fcws.state_py_3
cit_443,443,VILLAR - CUE,py_ctrm_fcws.distri_14,base.py,py_ctrm_fcws.state_py_3
cit_444,444,YACAREY,py_ctrm_fcws.distri_14,base.py,py_ctrm_fcws.state_py_3
cit_445,445,YAGUARETA,py_ctrm_fcws.distri_14,base.py,py_ctrm_fcws.state_py_3
cit_446,446,YATAITY,py_ctrm_fcws.distri_14,base.py,py_ctrm_fcws.state_py_3
cit_447,447,YBAREG,py_ctrm_fcws.distri_14,base.py,py_ctrm_fcws.state_py_3
cit_448,448,YBARUNDY,py_ctrm_fcws.distri_14,base.py,py_ctrm_fcws.state_py_3
cit_449,449,YBYRAYU,py_ctrm_fcws.distri_14,base.py,py_ctrm_fcws.state_py_3
cit_450,450,YBYRA,py_ctrm_fcws.distri_14,base.py,py_ctrm_fcws.state_py_3
cit_451,451,YBU,py_ctrm_fcws.distri_14,base.py,py_ctrm_fcws.state_py_3
cit_452,452,YCUA RUGUA,py_ctrm_fcws.distri_14,base.py,py_ctrm_fcws.state_py_3
cit_453,453,YERBAL,py_ctrm_fcws.distri_14,base.py,py_ctrm_fcws.state_py_3
cit_454,454,YERBAL LAUREL,py_ctrm_fcws.distri_14,base.py,py_ctrm_fcws.state_py_3
cit_455,455,YERBAL PINDO,py_ctrm_fcws.distri_14,base.py,py_ctrm_fcws.state_py_3
cit_456,456,YERBAL POTRERITO,py_ctrm_fcws.distri_14,base.py,py_ctrm_fcws.state_py_3
cit_457,457,YSATY TUYA,py_ctrm_fcws.distri_14,base.py,py_ctrm_fcws.state_py_3
cit_458,458,YTAPEBY,py_ctrm_fcws.distri_14,base.py,py_ctrm_fcws.state_py_3
cit_459,459,YTAbase.py,py_ctrm_fcws.distri_14,base.py,py_ctrm_fcws.state_py_3
cit_460,460,ZANJA JHU,py_ctrm_fcws.distri_14,base.py,py_ctrm_fcws.state_py_3
cit_461,461,ZONA A,py_ctrm_fcws.distri_14,base.py,py_ctrm_fcws.state_py_3
cit_462,462,ZONA YACARE,py_ctrm_fcws.distri_14,base.py,py_ctrm_fcws.state_py_3
cit_463,463,ÑANDY PA,py_ctrm_fcws.distri_14,base.py,py_ctrm_fcws.state_py_3
cit_464,464,ÑATIURYMI,py_ctrm_fcws.distri_14,base.py,py_ctrm_fcws.state_py_3
cit_465,465,ÑU PYHAJHU,py_ctrm_fcws.distri_14,base.py,py_ctrm_fcws.state_py_3
cit_466,466,ÑUMI,py_ctrm_fcws.distri_14,base.py,py_ctrm_fcws.state_py_3
cit_467,467,ÑU POI,py_ctrm_fcws.distri_14,base.py,py_ctrm_fcws.state_py_3
cit_2151,2151,SAN ESTANISLAO,py_ctrm_fcws.distri_14,base.py,py_ctrm_fcws.state_py_3
cit_2151,2151,SAN ESTANISLAO,py_ctrm_fcws.distri_14,base.py,py_ctrm_fcws.state_py_3
cit_2151,2151,SAN ESTANISLAO,py_ctrm_fcws.distri_14,base.py,py_ctrm_fcws.state_py_3
cit_2151,2151,SAN ESTANISLAO,py_ctrm_fcws.distri_14,base.py,py_ctrm_fcws.state_py_3
cit_2151,2151,SAN ESTANISLAO,py_ctrm_fcws.distri_14,base.py,py_ctrm_fcws.state_py_3
cit_2151,2151,SAN ESTANISLAO,py_ctrm_fcws.distri_14,base.py,py_ctrm_fcws.state_py_3
cit_2151,2151,SAN ESTANISLAO,py_ctrm_fcws.distri_14,base.py,py_ctrm_fcws.state_py_3
cit_2152,2152,12 DE diciembre,py_ctrm_fcws.distri_14,base.py,py_ctrm_fcws.state_py_3
cit_2153,2153,APARAU,py_ctrm_fcws.distri_14,base.py,py_ctrm_fcws.state_py_3
cit_6178,6178,YBYRABY,py_ctrm_fcws.distri_14,base.py,py_ctrm_fcws.state_py_3
cit_6179,6179,YCYA POI,py_ctrm_fcws.distri_14,base.py,py_ctrm_fcws.state_py_3
cit_6180,6180,YHU,py_ctrm_fcws.distri_14,base.py,py_ctrm_fcws.state_py_3
cit_6181,6181,YURU CAI,py_ctrm_fcws.distri_14,base.py,py_ctrm_fcws.state_py_3
cit_6182,6182,ZONA Y SAN JOSE,py_ctrm_fcws.distri_14,base.py,py_ctrm_fcws.state_py_3
cit_468,468,AGUARAY GUAZU,py_ctrm_fcws.distri_15,base.py,py_ctrm_fcws.state_py_3
cit_469,469,ASTIGARRAGA - CUE,py_ctrm_fcws.distri_15,base.py,py_ctrm_fcws.state_py_3
cit_470,470,AÑARETA,py_ctrm_fcws.distri_15,base.py,py_ctrm_fcws.state_py_3
cit_471,471,CAPIITINDY,py_ctrm_fcws.distri_15,base.py,py_ctrm_fcws.state_py_3
cit_472,472,CARAI  TUYA,py_ctrm_fcws.distri_15,base.py,py_ctrm_fcws.state_py_3
cit_473,473,CEDRON - CUE,py_ctrm_fcws.distri_15,base.py,py_ctrm_fcws.state_py_3
cit_474,474,COL. MAYOR HERMOSA,py_ctrm_fcws.distri_15,base.py,py_ctrm_fcws.state_py_3
cit_475,475,COL. SUSANA,py_ctrm_fcws.distri_15,base.py,py_ctrm_fcws.state_py_3
cit_476,476,COL. YBYPE,py_ctrm_fcws.distri_15,base.py,py_ctrm_fcws.state_py_3
cit_477,477,COSTA PUCU,py_ctrm_fcws.distri_15,base.py,py_ctrm_fcws.state_py_3
cit_478,478,ISLA SALE,py_ctrm_fcws.distri_15,base.py,py_ctrm_fcws.state_py_3
cit_479,479,ITANARA,py_ctrm_fcws.distri_15,base.py,py_ctrm_fcws.state_py_3
cit_480,480,LIMA - TUYA,py_ctrm_fcws.distri_15,base.py,py_ctrm_fcws.state_py_3
cit_481,481,MARTINEZ - CUE,py_ctrm_fcws.distri_15,base.py,py_ctrm_fcws.state_py_3
cit_482,482,MBOCAYATY,py_ctrm_fcws.distri_15,base.py,py_ctrm_fcws.state_py_3
cit_483,483,ORQUETA,py_ctrm_fcws.distri_15,base.py,py_ctrm_fcws.state_py_3
cit_484,484,REDUCCION - CUE,py_ctrm_fcws.distri_15,base.py,py_ctrm_fcws.state_py_3
cit_485,485,RINCONADA,py_ctrm_fcws.distri_15,base.py,py_ctrm_fcws.state_py_3
cit_486,486,ROSA DE AGUARA,py_ctrm_fcws.distri_15,base.py,py_ctrm_fcws.state_py_3
cit_487,487,SAN JOSE,py_ctrm_fcws.distri_15,base.py,py_ctrm_fcws.state_py_3
cit_488,488,SANTA MARIA,py_ctrm_fcws.distri_15,base.py,py_ctrm_fcws.state_py_3
cit_489,489,SANTA ROSA,py_ctrm_fcws.distri_15,base.py,py_ctrm_fcws.state_py_3
cit_490,490,SEP. CUAPE CUAPUCU,py_ctrm_fcws.distri_15,base.py,py_ctrm_fcws.state_py_3
cit_491,491,SEPULTURA,py_ctrm_fcws.distri_15,base.py,py_ctrm_fcws.state_py_3
cit_492,492,YUQUERY,py_ctrm_fcws.distri_15,base.py,py_ctrm_fcws.state_py_3
cit_6183,6183,LIMA,py_ctrm_fcws.distri_15,base.py,py_ctrm_fcws.state_py_3
cit_6183,6183,LIMA,py_ctrm_fcws.distri_15,base.py,py_ctrm_fcws.state_py_3
cit_6183,6183,LIMA,py_ctrm_fcws.distri_15,base.py,py_ctrm_fcws.state_py_3
cit_6184,6184,BOCA - CUE,py_ctrm_fcws.distri_15,base.py,py_ctrm_fcws.state_py_3
cit_6185,6185,COL. NARANJITO,py_ctrm_fcws.distri_15,base.py,py_ctrm_fcws.state_py_3
cit_6186,6186,LAGUNA - CUE,py_ctrm_fcws.distri_15,base.py,py_ctrm_fcws.state_py_3
cit_6187,6187,PASO TUNA,py_ctrm_fcws.distri_15,base.py,py_ctrm_fcws.state_py_3
cit_6188,6188,SAN RAMON Y OTROS,py_ctrm_fcws.distri_15,base.py,py_ctrm_fcws.state_py_3
cit_6189,6189,ÑUAY,py_ctrm_fcws.distri_15,base.py,py_ctrm_fcws.state_py_3
cit_493,493,NUEVA GERMANIA,py_ctrm_fcws.distri_16,base.py,py_ctrm_fcws.state_py_3
cit_494,494,CHACO-I,py_ctrm_fcws.distri_16,base.py,py_ctrm_fcws.state_py_3
cit_495,495,CHAMORRO CUE,py_ctrm_fcws.distri_16,base.py,py_ctrm_fcws.state_py_3
cit_496,496,COL. NUEVA ITALIA,py_ctrm_fcws.distri_16,base.py,py_ctrm_fcws.state_py_3
cit_497,497,COSTA NORTE,py_ctrm_fcws.distri_16,base.py,py_ctrm_fcws.state_py_3
cit_498,498,LAGUNA BLANCA,py_ctrm_fcws.distri_16,base.py,py_ctrm_fcws.state_py_3
cit_499,499,RINCON,py_ctrm_fcws.distri_16,base.py,py_ctrm_fcws.state_py_3
cit_500,500,SANTA ROSA,py_ctrm_fcws.distri_16,base.py,py_ctrm_fcws.state_py_3
cit_6190,6190,COL. NUEVA GERMANIA,py_ctrm_fcws.distri_16,base.py,py_ctrm_fcws.state_py_3
cit_6191,6191,TACURUTY,py_ctrm_fcws.distri_16,base.py,py_ctrm_fcws.state_py_3
cit_501,501,TACUATI,py_ctrm_fcws.distri_17,base.py,py_ctrm_fcws.state_py_3
cit_501,501,TACUATI,py_ctrm_fcws.distri_17,base.py,py_ctrm_fcws.state_py_3
cit_501,501,TACUATI,py_ctrm_fcws.distri_17,base.py,py_ctrm_fcws.state_py_3
cit_501,501,TACUATI,py_ctrm_fcws.distri_17,base.py,py_ctrm_fcws.state_py_3
cit_501,501,TACUATI,py_ctrm_fcws.distri_17,base.py,py_ctrm_fcws.state_py_3
cit_501,501,TACUATI,py_ctrm_fcws.distri_17,base.py,py_ctrm_fcws.state_py_3
cit_502,502,8 DE diciembre,py_ctrm_fcws.distri_17,base.py,py_ctrm_fcws.state_py_3
cit_503,503,ACA POI,py_ctrm_fcws.distri_17,base.py,py_ctrm_fcws.state_py_3
cit_504,504,AGUARA RUGUAY,py_ctrm_fcws.distri_17,base.py,py_ctrm_fcws.state_py_3
cit_505,505,AGUERITO,py_ctrm_fcws.distri_17,base.py,py_ctrm_fcws.state_py_3
cit_506,506,APAREJO,py_ctrm_fcws.distri_17,base.py,py_ctrm_fcws.state_py_3
cit_507,507,ARROYO ITA,py_ctrm_fcws.distri_17,base.py,py_ctrm_fcws.state_py_3
cit_508,508,BARRERITO,py_ctrm_fcws.distri_17,base.py,py_ctrm_fcws.state_py_3
cit_509,509,CACHITO - CUE,py_ctrm_fcws.distri_17,base.py,py_ctrm_fcws.state_py_3
cit_510,510,CARAGUATAY,py_ctrm_fcws.distri_17,base.py,py_ctrm_fcws.state_py_3
cit_511,511,CAÑADA,py_ctrm_fcws.distri_17,base.py,py_ctrm_fcws.state_py_3
cit_512,512,CAÑADA APAREJO,py_ctrm_fcws.distri_17,base.py,py_ctrm_fcws.state_py_3
cit_513,513,CAÑADA A. CORDRO,py_ctrm_fcws.distri_17,base.py,py_ctrm_fcws.state_py_3
cit_514,514,COL. SAN JUAN,py_ctrm_fcws.distri_17,base.py,py_ctrm_fcws.state_py_3
cit_515,515,CORORO,py_ctrm_fcws.distri_17,base.py,py_ctrm_fcws.state_py_3
cit_516,516,COSTA POI,py_ctrm_fcws.distri_17,base.py,py_ctrm_fcws.state_py_3
cit_517,517,DIANA,py_ctrm_fcws.distri_17,base.py,py_ctrm_fcws.state_py_3
cit_518,518,JHUGERIYLOVY,py_ctrm_fcws.distri_17,base.py,py_ctrm_fcws.state_py_3
cit_519,519,JHUGUA JHOBY,py_ctrm_fcws.distri_17,base.py,py_ctrm_fcws.state_py_3
cit_520,520,JIMENEZ,py_ctrm_fcws.distri_17,base.py,py_ctrm_fcws.state_py_3
cit_521,521,JUGUA FELIPE,py_ctrm_fcws.distri_17,base.py,py_ctrm_fcws.state_py_3
cit_522,522,JUGUA SAN FELIPE,py_ctrm_fcws.distri_17,base.py,py_ctrm_fcws.state_py_3
cit_523,523,LAGUNA SAN JOSE,py_ctrm_fcws.distri_17,base.py,py_ctrm_fcws.state_py_3
cit_524,524,LOMA PYTA,py_ctrm_fcws.distri_17,base.py,py_ctrm_fcws.state_py_3
cit_1228,1228,MARCIA CUE,py_ctrm_fcws.distri_17,base.py,py_ctrm_fcws.state_py_3
cit_1229,1229,MINGUE VUELTA,py_ctrm_fcws.distri_17,base.py,py_ctrm_fcws.state_py_3
cit_1230,1230,MUNICIPIO,py_ctrm_fcws.distri_17,base.py,py_ctrm_fcws.state_py_3
cit_1231,1231,PASO ITA,py_ctrm_fcws.distri_17,base.py,py_ctrm_fcws.state_py_3
cit_1232,1232,PATRIA - CUE,py_ctrm_fcws.distri_17,base.py,py_ctrm_fcws.state_py_3
cit_1233,1233,PAVON CUE,py_ctrm_fcws.distri_17,base.py,py_ctrm_fcws.state_py_3
cit_1234,1234,PIRIPUCU,py_ctrm_fcws.distri_17,base.py,py_ctrm_fcws.state_py_3
cit_1235,1235,POSITOS,py_ctrm_fcws.distri_17,base.py,py_ctrm_fcws.state_py_3
cit_1236,1236,POTRERO NARANJO,py_ctrm_fcws.distri_17,base.py,py_ctrm_fcws.state_py_3
cit_1237,1237,PUNTA RIEL,py_ctrm_fcws.distri_17,base.py,py_ctrm_fcws.state_py_3
cit_1238,1238,PYCUCU,py_ctrm_fcws.distri_17,base.py,py_ctrm_fcws.state_py_3
cit_1239,1239,QUEVEDO - CUE,py_ctrm_fcws.distri_17,base.py,py_ctrm_fcws.state_py_3
cit_1240,1240,RINCON CHAQUEÑO,py_ctrm_fcws.distri_17,base.py,py_ctrm_fcws.state_py_3
cit_1241,1241,SAN ILDELFONSO,py_ctrm_fcws.distri_17,base.py,py_ctrm_fcws.state_py_3
cit_1242,1242,SANTA ROSA DE AGUAIMI,py_ctrm_fcws.distri_17,base.py,py_ctrm_fcws.state_py_3
cit_1243,1243,SANTA ROSA DEL AGUARAY,py_ctrm_fcws.distri_17,base.py,py_ctrm_fcws.state_py_3
cit_1244,1244,TACUARA,py_ctrm_fcws.distri_17,base.py,py_ctrm_fcws.state_py_3
cit_1245,1245,TACUARITA,py_ctrm_fcws.distri_17,base.py,py_ctrm_fcws.state_py_3
cit_1246,1246,TAPIRACUAY,py_ctrm_fcws.distri_17,base.py,py_ctrm_fcws.state_py_3
cit_1247,1247,TORO - ÑU,py_ctrm_fcws.distri_17,base.py,py_ctrm_fcws.state_py_3
cit_1248,1248,YACARAY YERBAL,py_ctrm_fcws.distri_17,base.py,py_ctrm_fcws.state_py_3
cit_1249,1249,YAGUARETE,py_ctrm_fcws.distri_17,base.py,py_ctrm_fcws.state_py_3
cit_1250,1250,YAGUARETE JHU,py_ctrm_fcws.distri_17,base.py,py_ctrm_fcws.state_py_3
cit_1251,1251,YAPEPO,py_ctrm_fcws.distri_17,base.py,py_ctrm_fcws.state_py_3
cit_1252,1252,YBAPOBO,py_ctrm_fcws.distri_17,base.py,py_ctrm_fcws.state_py_3
cit_1253,1253,YEGUA ÑU,py_ctrm_fcws.distri_17,base.py,py_ctrm_fcws.state_py_3
cit_1254,1254,YERBAL CABEZADA,py_ctrm_fcws.distri_17,base.py,py_ctrm_fcws.state_py_3
cit_1255,1255,YPANE,py_ctrm_fcws.distri_17,base.py,py_ctrm_fcws.state_py_3
cit_6192,6192,AGUARA BEBE,py_ctrm_fcws.distri_17,base.py,py_ctrm_fcws.state_py_3
cit_1256,1256,UNION,py_ctrm_fcws.distri_18,base.py,py_ctrm_fcws.state_py_3
cit_1256,1256,UNION,py_ctrm_fcws.distri_18,base.py,py_ctrm_fcws.state_py_3
cit_1256,1256,UNION,py_ctrm_fcws.distri_18,base.py,py_ctrm_fcws.state_py_3
cit_1256,1256,UNION,py_ctrm_fcws.distri_18,base.py,py_ctrm_fcws.state_py_3
cit_1257,1257,BARRERO,py_ctrm_fcws.distri_18,base.py,py_ctrm_fcws.state_py_3
cit_1258,1258,BUEN RODEO,py_ctrm_fcws.distri_18,base.py,py_ctrm_fcws.state_py_3
cit_1259,1259,CAÑADA,py_ctrm_fcws.distri_18,base.py,py_ctrm_fcws.state_py_3
cit_1260,1260,CHAVES - CUE,py_ctrm_fcws.distri_18,base.py,py_ctrm_fcws.state_py_3
cit_1261,1261,CHUMI,py_ctrm_fcws.distri_18,base.py,py_ctrm_fcws.state_py_3
cit_1262,1262,COL. 12 DE JUNIO,py_ctrm_fcws.distri_18,base.py,py_ctrm_fcws.state_py_3
cit_1263,1263,COL. CORA - CUE,py_ctrm_fcws.distri_18,base.py,py_ctrm_fcws.state_py_3
cit_1264,1264,COL. POTRERO JARDIN,py_ctrm_fcws.distri_18,base.py,py_ctrm_fcws.state_py_3
cit_1265,1265,COL. SAN ANTONIO,py_ctrm_fcws.distri_18,base.py,py_ctrm_fcws.state_py_3
cit_1266,1266,COL. SAN JORGE,py_ctrm_fcws.distri_18,base.py,py_ctrm_fcws.state_py_3
cit_1267,1267,COL. SAN MIGUEL,py_ctrm_fcws.distri_18,base.py,py_ctrm_fcws.state_py_3
cit_1268,1268,COL. STA. CATALINA,py_ctrm_fcws.distri_18,base.py,py_ctrm_fcws.state_py_3
cit_1269,1269,EDGAR INSFRAN,py_ctrm_fcws.distri_18,base.py,py_ctrm_fcws.state_py_3
cit_1270,1270,GUAVIRA,py_ctrm_fcws.distri_18,base.py,py_ctrm_fcws.state_py_3
cit_1271,1271,ITACURUBI,py_ctrm_fcws.distri_18,base.py,py_ctrm_fcws.state_py_3
cit_1272,1272,LAGUNA JHU,py_ctrm_fcws.distri_18,base.py,py_ctrm_fcws.state_py_3
cit_1273,1273,MAYOR HERMOSA,py_ctrm_fcws.distri_18,base.py,py_ctrm_fcws.state_py_3
cit_1274,1274,MUNICIPIO,py_ctrm_fcws.distri_18,base.py,py_ctrm_fcws.state_py_3
cit_1275,1275,NARANJA JHAITY,py_ctrm_fcws.distri_18,base.py,py_ctrm_fcws.state_py_3
cit_1276,1276,PASO NARANJO A,py_ctrm_fcws.distri_18,base.py,py_ctrm_fcws.state_py_3
cit_1277,1277,POTRERITO,py_ctrm_fcws.distri_18,base.py,py_ctrm_fcws.state_py_3
cit_1278,1278,PURGATORIO,py_ctrm_fcws.distri_18,base.py,py_ctrm_fcws.state_py_3
cit_1279,1279,SAN MIGUEL,py_ctrm_fcws.distri_18,base.py,py_ctrm_fcws.state_py_3
cit_1280,1280,SANTA MARIA,py_ctrm_fcws.distri_18,base.py,py_ctrm_fcws.state_py_3
cit_1281,1281,SOTO - CUE,py_ctrm_fcws.distri_18,base.py,py_ctrm_fcws.state_py_3
cit_1282,1282,TACUARY,py_ctrm_fcws.distri_18,base.py,py_ctrm_fcws.state_py_3
cit_1283,1283,TOBA - CUE,py_ctrm_fcws.distri_18,base.py,py_ctrm_fcws.state_py_3
cit_1284,1284,TOVAR - CUE,py_ctrm_fcws.distri_18,base.py,py_ctrm_fcws.state_py_3
cit_1285,1285,URUNDEY,py_ctrm_fcws.distri_18,base.py,py_ctrm_fcws.state_py_3
cit_1286,1286,YATAYTY,py_ctrm_fcws.distri_18,base.py,py_ctrm_fcws.state_py_3
cit_6241,6241,ZONA A Y OTROS,py_ctrm_fcws.distri_18,base.py,py_ctrm_fcws.state_py_3
cit_1287,1287,25 DE diciembre,py_ctrm_fcws.distri_19,base.py,py_ctrm_fcws.state_py_3
cit_1288,1288,AZCURRIN,py_ctrm_fcws.distri_19,base.py,py_ctrm_fcws.state_py_3
cit_1289,1289,CARABIY,py_ctrm_fcws.distri_19,base.py,py_ctrm_fcws.state_py_3
cit_1290,1290,CAÑADA LOURDES,py_ctrm_fcws.distri_19,base.py,py_ctrm_fcws.state_py_3
cit_1291,1291,CELADA - CUE,py_ctrm_fcws.distri_19,base.py,py_ctrm_fcws.state_py_3
cit_1292,1292,CELADOS,py_ctrm_fcws.distri_19,base.py,py_ctrm_fcws.state_py_3
cit_1293,1293,CIRATI,py_ctrm_fcws.distri_19,base.py,py_ctrm_fcws.state_py_3
cit_1294,1294,COL. 25 DE DICIEMBRE,py_ctrm_fcws.distri_19,base.py,py_ctrm_fcws.state_py_3
cit_1295,1295,COL. MADRINA DE GUERRA,py_ctrm_fcws.distri_19,base.py,py_ctrm_fcws.state_py_3
cit_1296,1296,CURUZU,py_ctrm_fcws.distri_19,base.py,py_ctrm_fcws.state_py_3
cit_1297,1297,ESTACION AEREA,py_ctrm_fcws.distri_19,base.py,py_ctrm_fcws.state_py_3
cit_1298,1298,ESTANCIA CARMEN,py_ctrm_fcws.distri_19,base.py,py_ctrm_fcws.state_py_3
cit_1299,1299,ITAPEBY,py_ctrm_fcws.distri_19,base.py,py_ctrm_fcws.state_py_3
cit_1300,1300,MBOIY,py_ctrm_fcws.distri_19,base.py,py_ctrm_fcws.state_py_3
cit_1301,1301,MBUTUY,py_ctrm_fcws.distri_19,base.py,py_ctrm_fcws.state_py_3
cit_1302,1302,MOLAS - CUE,py_ctrm_fcws.distri_19,base.py,py_ctrm_fcws.state_py_3
cit_1303,1303,MONTE ALTO,py_ctrm_fcws.distri_19,base.py,py_ctrm_fcws.state_py_3
cit_1304,1304,PERU MARTIN CUE,py_ctrm_fcws.distri_19,base.py,py_ctrm_fcws.state_py_3
cit_1305,1305,POTRERO YBATE,py_ctrm_fcws.distri_19,base.py,py_ctrm_fcws.state_py_3
cit_1306,1306,SAN ISIDRO,py_ctrm_fcws.distri_19,base.py,py_ctrm_fcws.state_py_3
cit_1307,1307,SAN JUAN BOSCO,py_ctrm_fcws.distri_19,base.py,py_ctrm_fcws.state_py_3
cit_1308,1308,SANTA MARIA,py_ctrm_fcws.distri_19,base.py,py_ctrm_fcws.state_py_3
cit_1309,1309,SANTA ROSA,py_ctrm_fcws.distri_19,base.py,py_ctrm_fcws.state_py_3
cit_1310,1310,TAVAI - I,py_ctrm_fcws.distri_19,base.py,py_ctrm_fcws.state_py_3
cit_1311,1311,VACA JHU,py_ctrm_fcws.distri_19,base.py,py_ctrm_fcws.state_py_3
cit_6242,6242,CELADOR CUE,py_ctrm_fcws.distri_19,base.py,py_ctrm_fcws.state_py_3
cit_6243,6243,COL. NAVIDAD,py_ctrm_fcws.distri_19,base.py,py_ctrm_fcws.state_py_3
cit_6244,6244,LAGUNA,py_ctrm_fcws.distri_19,base.py,py_ctrm_fcws.state_py_3
cit_6245,6245,PARAJE CARABIY,py_ctrm_fcws.distri_19,base.py,py_ctrm_fcws.state_py_3
cit_6246,6246,SAN PEDRO,py_ctrm_fcws.distri_19,base.py,py_ctrm_fcws.state_py_3
cit_6247,6247,YBYRAYU,py_ctrm_fcws.distri_19,base.py,py_ctrm_fcws.state_py_3
cit_1312,1312,VILLA DEL ROSARIO,py_ctrm_fcws.distri_20,base.py,py_ctrm_fcws.state_py_3
cit_1312,1312,VILLA DEL ROSARIO,py_ctrm_fcws.distri_20,base.py,py_ctrm_fcws.state_py_3
cit_1312,1312,VILLA DEL ROSARIO,py_ctrm_fcws.distri_20,base.py,py_ctrm_fcws.state_py_3
cit_1312,1312,VILLA DEL ROSARIO,py_ctrm_fcws.distri_20,base.py,py_ctrm_fcws.state_py_3
cit_1312,1312,VILLA DEL ROSARIO,py_ctrm_fcws.distri_20,base.py,py_ctrm_fcws.state_py_3
cit_1312,1312,VILLA DEL ROSARIO,py_ctrm_fcws.distri_20,base.py,py_ctrm_fcws.state_py_3
cit_1312,1312,VILLA DEL ROSARIO,py_ctrm_fcws.distri_20,base.py,py_ctrm_fcws.state_py_3
cit_1313,1313,2DA. RECONSTRUCCION,py_ctrm_fcws.distri_20,base.py,py_ctrm_fcws.state_py_3
cit_1314,1314,ANDUCUA - I,py_ctrm_fcws.distri_20,base.py,py_ctrm_fcws.state_py_3
cit_1315,1315,ANDU CRIA,py_ctrm_fcws.distri_20,base.py,py_ctrm_fcws.state_py_3
cit_1316,1316,ARAZA PETY,py_ctrm_fcws.distri_20,base.py,py_ctrm_fcws.state_py_3
cit_1317,1317,ARAZA TY,py_ctrm_fcws.distri_20,base.py,py_ctrm_fcws.state_py_3
cit_1318,1318,BARRANQUERITA,py_ctrm_fcws.distri_20,base.py,py_ctrm_fcws.state_py_3
cit_1319,1319,BURRO YGUA,py_ctrm_fcws.distri_20,base.py,py_ctrm_fcws.state_py_3
cit_1320,1320,CABALLERO - CUE,py_ctrm_fcws.distri_20,base.py,py_ctrm_fcws.state_py_3
cit_1321,1321,CACAO CUE,py_ctrm_fcws.distri_20,base.py,py_ctrm_fcws.state_py_3
cit_1322,1322,CAMBA CORA,py_ctrm_fcws.distri_20,base.py,py_ctrm_fcws.state_py_3
cit_1323,1323,CANANDAYTY,py_ctrm_fcws.distri_20,base.py,py_ctrm_fcws.state_py_3
cit_1324,1324,CARANDAYTY,py_ctrm_fcws.distri_20,base.py,py_ctrm_fcws.state_py_3
cit_1325,1325,CARRACELA - CUE,py_ctrm_fcws.distri_20,base.py,py_ctrm_fcws.state_py_3
cit_1326,1326,CARRILLO,py_ctrm_fcws.distri_20,base.py,py_ctrm_fcws.state_py_3
cit_1327,1327,CAZAL - CUE,py_ctrm_fcws.distri_20,base.py,py_ctrm_fcws.state_py_3
cit_1328,1328,CHALO - CUE,py_ctrm_fcws.distri_20,base.py,py_ctrm_fcws.state_py_3
cit_1329,1329,CHORE,py_ctrm_fcws.distri_20,base.py,py_ctrm_fcws.state_py_3
cit_1330,1330,COL. COCUERE,py_ctrm_fcws.distri_20,base.py,py_ctrm_fcws.state_py_3
cit_1331,1331,COL. GRAL. AQUINO,py_ctrm_fcws.distri_20,base.py,py_ctrm_fcws.state_py_3
cit_1332,1332,COL. J. DEL ROSARIO,py_ctrm_fcws.distri_20,base.py,py_ctrm_fcws.state_py_3
cit_1333,1333,COL. LIBERACION,py_ctrm_fcws.distri_20,base.py,py_ctrm_fcws.state_py_3
cit_1334,1334,COL. LISIADOS DE GUERRA,py_ctrm_fcws.distri_20,base.py,py_ctrm_fcws.state_py_3
cit_1335,1335,COL. PEGUAJHO,py_ctrm_fcws.distri_20,base.py,py_ctrm_fcws.state_py_3
cit_1336,1336,COL. SAN PABLO,py_ctrm_fcws.distri_20,base.py,py_ctrm_fcws.state_py_3
cit_1337,1337,COL. TRINAGUIA,py_ctrm_fcws.distri_20,base.py,py_ctrm_fcws.state_py_3
cit_1338,1338,COL. YURUJHEY,py_ctrm_fcws.distri_20,base.py,py_ctrm_fcws.state_py_3
cit_1339,1339,COL. JHUGUA GUAZU,py_ctrm_fcws.distri_20,base.py,py_ctrm_fcws.state_py_3
cit_1340,1340,COSTA PIRU,py_ctrm_fcws.distri_20,base.py,py_ctrm_fcws.state_py_3
cit_1341,1341,COSTA PUCU,py_ctrm_fcws.distri_20,base.py,py_ctrm_fcws.state_py_3
cit_1342,1342,CURUGUATY,py_ctrm_fcws.distri_20,base.py,py_ctrm_fcws.state_py_3
cit_1343,1343,ESTANCIA LOMAS,py_ctrm_fcws.distri_20,base.py,py_ctrm_fcws.state_py_3
cit_1344,1344,ESTEFANA - CUE,py_ctrm_fcws.distri_20,base.py,py_ctrm_fcws.state_py_3
cit_1345,1345,FELICIA - CUE,py_ctrm_fcws.distri_20,base.py,py_ctrm_fcws.state_py_3
cit_1346,1346,FRANCO - CUE,py_ctrm_fcws.distri_20,base.py,py_ctrm_fcws.state_py_3
cit_1347,1347,GARCIA,py_ctrm_fcws.distri_20,base.py,py_ctrm_fcws.state_py_3
cit_1348,1348,GONZALES - CUE,py_ctrm_fcws.distri_20,base.py,py_ctrm_fcws.state_py_3
cit_1349,1349,GUAPEPOTY,py_ctrm_fcws.distri_20,base.py,py_ctrm_fcws.state_py_3
cit_1350,1350,HAEDO - CUE,py_ctrm_fcws.distri_20,base.py,py_ctrm_fcws.state_py_3
cit_1351,1351,ICUA TIMBO,py_ctrm_fcws.distri_20,base.py,py_ctrm_fcws.state_py_3
cit_1352,1352,ISLA SACA,py_ctrm_fcws.distri_20,base.py,py_ctrm_fcws.state_py_3
cit_1353,1353,ISLA TIMBO,py_ctrm_fcws.distri_20,base.py,py_ctrm_fcws.state_py_3
cit_1354,1354,JUGUA POI,py_ctrm_fcws.distri_20,base.py,py_ctrm_fcws.state_py_3
cit_1355,1355,JURUJEY,py_ctrm_fcws.distri_20,base.py,py_ctrm_fcws.state_py_3
cit_1356,1356,LA NIÑA,py_ctrm_fcws.distri_20,base.py,py_ctrm_fcws.state_py_3
cit_1357,1357,LAGUNA MOJON,py_ctrm_fcws.distri_20,base.py,py_ctrm_fcws.state_py_3
cit_1358,1358,LIOPICEMI,py_ctrm_fcws.distri_20,base.py,py_ctrm_fcws.state_py_3
cit_1359,1359,MANDYYUTY - CUE,py_ctrm_fcws.distri_20,base.py,py_ctrm_fcws.state_py_3
cit_1360,1360,MANDYYUTI,py_ctrm_fcws.distri_20,base.py,py_ctrm_fcws.state_py_3
cit_1361,1361,MARTINEZ - CUE,py_ctrm_fcws.distri_20,base.py,py_ctrm_fcws.state_py_3
cit_1362,1362,MBOCAYA,py_ctrm_fcws.distri_20,base.py,py_ctrm_fcws.state_py_3
cit_1363,1363,MBOPICUA,py_ctrm_fcws.distri_20,base.py,py_ctrm_fcws.state_py_3
cit_1364,1364,MENDIETA - CUE,py_ctrm_fcws.distri_20,base.py,py_ctrm_fcws.state_py_3
cit_1365,1365,MEREQUI - CUE,py_ctrm_fcws.distri_20,base.py,py_ctrm_fcws.state_py_3
cit_1366,1366,MESA,py_ctrm_fcws.distri_20,base.py,py_ctrm_fcws.state_py_3
cit_1367,1367,MEZA - CUE,py_ctrm_fcws.distri_20,base.py,py_ctrm_fcws.state_py_3
cit_1368,1368,MOÑAI CUARE,py_ctrm_fcws.distri_20,base.py,py_ctrm_fcws.state_py_3
cit_1643,1643,MUNICIPIO,py_ctrm_fcws.distri_20,base.py,py_ctrm_fcws.state_py_3
cit_1644,1644,MUÑAG - CUA,py_ctrm_fcws.distri_20,base.py,py_ctrm_fcws.state_py_3
cit_1645,1645,PASO RIVEROS,py_ctrm_fcws.distri_20,base.py,py_ctrm_fcws.state_py_3
cit_1646,1646,PIRAY,py_ctrm_fcws.distri_20,base.py,py_ctrm_fcws.state_py_3
cit_1647,1647,PIRITI - CUE,py_ctrm_fcws.distri_20,base.py,py_ctrm_fcws.state_py_3
cit_1648,1648,POTRERO - PUCU,py_ctrm_fcws.distri_20,base.py,py_ctrm_fcws.state_py_3
cit_1649,1649,POTRERO CAAPIIPOBO,py_ctrm_fcws.distri_20,base.py,py_ctrm_fcws.state_py_3
cit_1650,1650,POTRERO CARRILLO,py_ctrm_fcws.distri_20,base.py,py_ctrm_fcws.state_py_3
cit_1651,1651,POTRERO CAZAL,py_ctrm_fcws.distri_20,base.py,py_ctrm_fcws.state_py_3
cit_1652,1652,PUERTO - MI,py_ctrm_fcws.distri_20,base.py,py_ctrm_fcws.state_py_3
cit_1653,1653,PUERTO CUE,py_ctrm_fcws.distri_20,base.py,py_ctrm_fcws.state_py_3
cit_1654,1654,PUERTO ROSARIO,py_ctrm_fcws.distri_20,base.py,py_ctrm_fcws.state_py_3
cit_1655,1655,STA. CATALINA,py_ctrm_fcws.distri_20,base.py,py_ctrm_fcws.state_py_3
cit_1656,1656,TACURU,py_ctrm_fcws.distri_20,base.py,py_ctrm_fcws.state_py_3
cit_1657,1657,TAPERE,py_ctrm_fcws.distri_20,base.py,py_ctrm_fcws.state_py_3
cit_1658,1658,TAYI CARE,py_ctrm_fcws.distri_20,base.py,py_ctrm_fcws.state_py_3
cit_1659,1659,URUCUY,py_ctrm_fcws.distri_20,base.py,py_ctrm_fcws.state_py_3
cit_1660,1660,VALLE MI,py_ctrm_fcws.distri_20,base.py,py_ctrm_fcws.state_py_3
cit_1661,1661,VOLENDAM,py_ctrm_fcws.distri_20,base.py,py_ctrm_fcws.state_py_3
cit_1662,1662,YCUA PORA,py_ctrm_fcws.distri_20,base.py,py_ctrm_fcws.state_py_3
cit_1663,1663,YCUA RETA,py_ctrm_fcws.distri_20,base.py,py_ctrm_fcws.state_py_3
cit_1664,1664,YECOREY,py_ctrm_fcws.distri_20,base.py,py_ctrm_fcws.state_py_3
cit_1665,1665,YETYTY,py_ctrm_fcws.distri_20,base.py,py_ctrm_fcws.state_py_3
cit_1666,1666,YAHACA GUAZU,py_ctrm_fcws.distri_20,base.py,py_ctrm_fcws.state_py_3
cit_1667,1667,YRUCUY,py_ctrm_fcws.distri_20,base.py,py_ctrm_fcws.state_py_3
cit_1668,1668,ÑAMBUE,py_ctrm_fcws.distri_20,base.py,py_ctrm_fcws.state_py_3
cit_1669,1669,ÑANDEYARA,py_ctrm_fcws.distri_20,base.py,py_ctrm_fcws.state_py_3
cit_1670,1670,ÑANDUA -CUA,py_ctrm_fcws.distri_20,base.py,py_ctrm_fcws.state_py_3
cit_1671,1671,ÑANDUCUAI,py_ctrm_fcws.distri_20,base.py,py_ctrm_fcws.state_py_3
cit_1672,1672,ÑEEMBUCU,py_ctrm_fcws.distri_20,base.py,py_ctrm_fcws.state_py_3
cit_1673,1673,ÑUAMBUA,py_ctrm_fcws.distri_20,base.py,py_ctrm_fcws.state_py_3
cit_6248,6248,ARAZA,py_ctrm_fcws.distri_20,base.py,py_ctrm_fcws.state_py_3
cit_6249,6249,BARRIOS  CUE,py_ctrm_fcws.distri_20,base.py,py_ctrm_fcws.state_py_3
cit_6250,6250,CAMPO CIERVO,py_ctrm_fcws.distri_20,base.py,py_ctrm_fcws.state_py_3
cit_6251,6251,CAÑADA AREVALOS,py_ctrm_fcws.distri_20,base.py,py_ctrm_fcws.state_py_3
cit_6252,6252,COL. INDEPENDENCIA,py_ctrm_fcws.distri_20,base.py,py_ctrm_fcws.state_py_3
cit_6270,6270,MOÑO MI CUE,py_ctrm_fcws.distri_20,base.py,py_ctrm_fcws.state_py_3
cit_6271,6271,PIRAYU - CUE,py_ctrm_fcws.distri_20,base.py,py_ctrm_fcws.state_py_3
cit_6272,6272,PUERTO,py_ctrm_fcws.distri_20,base.py,py_ctrm_fcws.state_py_3
cit_6273,6273,REDONDO Y ÑANDUA,py_ctrm_fcws.distri_20,base.py,py_ctrm_fcws.state_py_3
cit_6274,6274,URUNDEY,py_ctrm_fcws.distri_20,base.py,py_ctrm_fcws.state_py_3
cit_1674,1674,YATAITY DEL NORTE,py_ctrm_fcws.distri_21,base.py,py_ctrm_fcws.state_py_3
cit_1674,1674,YATAITY DEL NORTE,py_ctrm_fcws.distri_21,base.py,py_ctrm_fcws.state_py_3
cit_1674,1674,YATAITY DEL NORTE,py_ctrm_fcws.distri_21,base.py,py_ctrm_fcws.state_py_3
cit_1674,1674,YATAITY DEL NORTE,py_ctrm_fcws.distri_21,base.py,py_ctrm_fcws.state_py_3
cit_1674,1674,YATAITY DEL NORTE,py_ctrm_fcws.distri_21,base.py,py_ctrm_fcws.state_py_3
cit_1675,1675,CALLE SAN ANTONIO,py_ctrm_fcws.distri_21,base.py,py_ctrm_fcws.state_py_3
cit_1676,1676,CALLE SAN FELIPE,py_ctrm_fcws.distri_21,base.py,py_ctrm_fcws.state_py_3
cit_1677,1677,COL. YATAYTY,py_ctrm_fcws.distri_21,base.py,py_ctrm_fcws.state_py_3
cit_1678,1678,COLONIA,py_ctrm_fcws.distri_21,base.py,py_ctrm_fcws.state_py_3
cit_1679,1679,F. MATIAUDA,py_ctrm_fcws.distri_21,base.py,py_ctrm_fcws.state_py_3
cit_1680,1680,GUAVIRA,py_ctrm_fcws.distri_21,base.py,py_ctrm_fcws.state_py_3
cit_1681,1681,GUAZU RETA,py_ctrm_fcws.distri_21,base.py,py_ctrm_fcws.state_py_3
cit_1682,1682,YATAYTY CORA,py_ctrm_fcws.distri_21,base.py,py_ctrm_fcws.state_py_3
cit_1683,1683,ZONA A,py_ctrm_fcws.distri_21,base.py,py_ctrm_fcws.state_py_3
cit_1684,1684,ISIDORO RESQUIN,py_ctrm_fcws.distri_22,base.py,py_ctrm_fcws.state_py_3
cit_1685,1685,COL. NARANJITO,py_ctrm_fcws.distri_22,base.py,py_ctrm_fcws.state_py_3
cit_1686,1686,COL. PALOMA,py_ctrm_fcws.distri_22,base.py,py_ctrm_fcws.state_py_3
cit_1687,1687,COL. RADIO URBANO,py_ctrm_fcws.distri_22,base.py,py_ctrm_fcws.state_py_3
cit_1688,1688,COL. SUSANA,py_ctrm_fcws.distri_22,base.py,py_ctrm_fcws.state_py_3
cit_1689,1689,COL. YBYPE,py_ctrm_fcws.distri_22,base.py,py_ctrm_fcws.state_py_3
cit_1690,1690,COL.AÑARETA,py_ctrm_fcws.distri_22,base.py,py_ctrm_fcws.state_py_3
cit_1691,1691,ORQUETA,py_ctrm_fcws.distri_22,base.py,py_ctrm_fcws.state_py_3
cit_1692,1692,CHORE,py_ctrm_fcws.distri_23,base.py,py_ctrm_fcws.state_py_3
cit_1692,1692,CHORE,py_ctrm_fcws.distri_23,base.py,py_ctrm_fcws.state_py_3
cit_1692,1692,CHORE,py_ctrm_fcws.distri_23,base.py,py_ctrm_fcws.state_py_3
cit_1692,1692,CHORE,py_ctrm_fcws.distri_23,base.py,py_ctrm_fcws.state_py_3
cit_1692,1692,CHORE,py_ctrm_fcws.distri_23,base.py,py_ctrm_fcws.state_py_3
cit_1693,1693,COLONIA,py_ctrm_fcws.distri_23,base.py,py_ctrm_fcws.state_py_3
cit_1694,1694,SAN ANTONIO,py_ctrm_fcws.distri_23,base.py,py_ctrm_fcws.state_py_3
cit_1695,1695,SAN PABLO,py_ctrm_fcws.distri_23,base.py,py_ctrm_fcws.state_py_3
cit_1696,1696,SAN PABLO,py_ctrm_fcws.distri_24,base.py,py_ctrm_fcws.state_py_3
cit_1697,1697,COLONIA,py_ctrm_fcws.distri_24,base.py,py_ctrm_fcws.state_py_3
cit_1698,1698,SAN ANTONIO,py_ctrm_fcws.distri_24,base.py,py_ctrm_fcws.state_py_3
cit_1699,1699,SAN JOSE DEL ROSARIO,py_ctrm_fcws.distri_25,base.py,py_ctrm_fcws.state_py_3
cit_1700,1700,ALFONSO CENTRAL,py_ctrm_fcws.distri_25,base.py,py_ctrm_fcws.state_py_3
cit_1701,1701,ALFONSO TRANQUERA,py_ctrm_fcws.distri_25,base.py,py_ctrm_fcws.state_py_3
cit_1702,1702,ESTANCIA SAN JOSE,py_ctrm_fcws.distri_25,base.py,py_ctrm_fcws.state_py_3
cit_1703,1703,ESTANCIA GAZORY,py_ctrm_fcws.distri_25,base.py,py_ctrm_fcws.state_py_3
cit_1704,1704,SAN ANTONIO,py_ctrm_fcws.distri_25,base.py,py_ctrm_fcws.state_py_3
cit_1705,1705,SAN JOSE OBRERO,py_ctrm_fcws.distri_25,base.py,py_ctrm_fcws.state_py_3
cit_1706,1706,SAN JUAN,py_ctrm_fcws.distri_25,base.py,py_ctrm_fcws.state_py_3
cit_1707,1707,SAN ISIDRO,py_ctrm_fcws.distri_25,base.py,py_ctrm_fcws.state_py_3
cit_1708,1708,SANTO DOMINGO,py_ctrm_fcws.distri_25,base.py,py_ctrm_fcws.state_py_3
cit_1709,1709,TRES REYES,py_ctrm_fcws.distri_25,base.py,py_ctrm_fcws.state_py_3
cit_5700,5700,COL. SAN PEDRO,py_ctrm_fcws.distri_220,base.py,py_ctrm_fcws.state_py_3
cit_5701,5701,COL. DEFENSORES DEL CHACO,py_ctrm_fcws.distri_220,base.py,py_ctrm_fcws.state_py_3
cit_5702,5702,TAVAI,py_ctrm_fcws.distri_220,base.py,py_ctrm_fcws.state_py_3
cit_5712,5712,GUAYAIBI,py_ctrm_fcws.distri_220,base.py,py_ctrm_fcws.state_py_3
cit_5703,5703,APY A,py_ctrm_fcws.distri_226,base.py,py_ctrm_fcws.state_py_3
cit_5713,5713,CAPII VARY,py_ctrm_fcws.distri_226,base.py,py_ctrm_fcws.state_py_3
cit_5893,5893,COL. NRO. 2,py_ctrm_fcws.distri_226,base.py,py_ctrm_fcws.state_py_3
cit_5496,5496,YRYBUCUA,py_ctrm_fcws.distri_245,base.py,py_ctrm_fcws.state_py_3
cit_6432,6432,LIBERACION,py_ctrm_fcws.distri_268,base.py,py_ctrm_fcws.state_py_3
cit_6433,6433,SAN VICENTE PANCHOLO,py_ctrm_fcws.distri_285,base.py,py_ctrm_fcws.state_py_3
cit_1710,1710,CAACUPE,py_ctrm_fcws.distri_26,base.py,py_ctrm_fcws.state_py_4
cit_1710,1710,CAACUPE,py_ctrm_fcws.distri_26,base.py,py_ctrm_fcws.state_py_4
cit_1710,1710,CAACUPE,py_ctrm_fcws.distri_26,base.py,py_ctrm_fcws.state_py_4
cit_1710,1710,CAACUPE,py_ctrm_fcws.distri_26,base.py,py_ctrm_fcws.state_py_4
cit_1710,1710,CAACUPE,py_ctrm_fcws.distri_26,base.py,py_ctrm_fcws.state_py_4
cit_1710,1710,CAACUPE,py_ctrm_fcws.distri_26,base.py,py_ctrm_fcws.state_py_4
cit_1710,1710,CAACUPE,py_ctrm_fcws.distri_26,base.py,py_ctrm_fcws.state_py_4
cit_1710,1710,CAACUPE,py_ctrm_fcws.distri_26,base.py,py_ctrm_fcws.state_py_4
cit_1710,1710,CAACUPE,py_ctrm_fcws.distri_26,base.py,py_ctrm_fcws.state_py_4
cit_1710,1710,CAACUPE,py_ctrm_fcws.distri_26,base.py,py_ctrm_fcws.state_py_4
cit_1710,1710,CAACUPE,py_ctrm_fcws.distri_26,base.py,py_ctrm_fcws.state_py_4
cit_1710,1710,CAACUPE,py_ctrm_fcws.distri_26,base.py,py_ctrm_fcws.state_py_4
cit_1710,1710,CAACUPE,py_ctrm_fcws.distri_26,base.py,py_ctrm_fcws.state_py_4
cit_1710,1710,CAACUPE,py_ctrm_fcws.distri_26,base.py,py_ctrm_fcws.state_py_4
cit_1710,1710,CAACUPE,py_ctrm_fcws.distri_26,base.py,py_ctrm_fcws.state_py_4
cit_1710,1710,CAACUPE,py_ctrm_fcws.distri_26,base.py,py_ctrm_fcws.state_py_4
cit_1710,1710,CAACUPE,py_ctrm_fcws.distri_26,base.py,py_ctrm_fcws.state_py_4
cit_1710,1710,CAACUPE,py_ctrm_fcws.distri_26,base.py,py_ctrm_fcws.state_py_4
cit_1711,1711,ALMADA,py_ctrm_fcws.distri_26,base.py,py_ctrm_fcws.state_py_4
cit_1712,1712,AQUINO CAÑADA,py_ctrm_fcws.distri_26,base.py,py_ctrm_fcws.state_py_4
cit_1713,1713,ARAZATY,py_ctrm_fcws.distri_26,base.py,py_ctrm_fcws.state_py_4
cit_1714,1714,AZCURRA,py_ctrm_fcws.distri_26,base.py,py_ctrm_fcws.state_py_4
cit_1715,1715,BARRIO DANIEL SCURRA,py_ctrm_fcws.distri_26,base.py,py_ctrm_fcws.state_py_4
cit_1716,1716,BARRIO SAN FRANCISCO,py_ctrm_fcws.distri_26,base.py,py_ctrm_fcws.state_py_4
cit_1717,1717,CAACUPE,py_ctrm_fcws.distri_26,base.py,py_ctrm_fcws.state_py_4
cit_1718,1718,CABAÑAS,py_ctrm_fcws.distri_26,base.py,py_ctrm_fcws.state_py_4
cit_1719,1719,CERRO REAL,py_ctrm_fcws.distri_26,base.py,py_ctrm_fcws.state_py_4
cit_1720,1720,COL. CNEL. MARTINEZ,py_ctrm_fcws.distri_26,base.py,py_ctrm_fcws.state_py_4
cit_1721,1721,COSTA PUCU,py_ctrm_fcws.distri_26,base.py,py_ctrm_fcws.state_py_4
cit_1722,1722,DANIEL SCURRA 2DA.,py_ctrm_fcws.distri_26,base.py,py_ctrm_fcws.state_py_4
cit_1723,1723,ISLA YOBAY,py_ctrm_fcws.distri_26,base.py,py_ctrm_fcws.state_py_4
cit_1724,1724,ITA YBU GUAZU,py_ctrm_fcws.distri_26,base.py,py_ctrm_fcws.state_py_4
cit_1725,1725,ITA YBU MI,py_ctrm_fcws.distri_26,base.py,py_ctrm_fcws.state_py_4
cit_1726,1726,JHACA ROYSA,py_ctrm_fcws.distri_26,base.py,py_ctrm_fcws.state_py_4
cit_1727,1727,LOMA GUAZU,py_ctrm_fcws.distri_26,base.py,py_ctrm_fcws.state_py_4
cit_1728,1728,POTRERO POI,py_ctrm_fcws.distri_26,base.py,py_ctrm_fcws.state_py_4
cit_1729,1729,YPUCU,py_ctrm_fcws.distri_26,base.py,py_ctrm_fcws.state_py_4
cit_1730,1730,YTA GUAZU,py_ctrm_fcws.distri_26,base.py,py_ctrm_fcws.state_py_4
cit_1731,1731,YTU MI,py_ctrm_fcws.distri_26,base.py,py_ctrm_fcws.state_py_4
cit_1732,1732,ALTOS,py_ctrm_fcws.distri_27,base.py,py_ctrm_fcws.state_py_4
cit_1733,1733,ACUÑA DE FIGUEROA,py_ctrm_fcws.distri_27,base.py,py_ctrm_fcws.state_py_4
cit_1734,1734,AGAI HY,py_ctrm_fcws.distri_27,base.py,py_ctrm_fcws.state_py_4
cit_1735,1735,AGUARA,py_ctrm_fcws.distri_27,base.py,py_ctrm_fcws.state_py_4
cit_1736,1736,ALTOS ( MUNICIPIO ),py_ctrm_fcws.distri_27,base.py,py_ctrm_fcws.state_py_4
cit_1736,1736,ALTOS ( MUNICIPIO ),py_ctrm_fcws.distri_27,base.py,py_ctrm_fcws.state_py_4
cit_1736,1736,ALTOS ( MUNICIPIO ),py_ctrm_fcws.distri_27,base.py,py_ctrm_fcws.state_py_4
cit_1736,1736,ALTOS ( MUNICIPIO ),py_ctrm_fcws.distri_27,base.py,py_ctrm_fcws.state_py_4
cit_1737,1737,CHOCHI,py_ctrm_fcws.distri_27,base.py,py_ctrm_fcws.state_py_4
cit_1738,1738,ESTANCIA CLEMENTINA,py_ctrm_fcws.distri_27,base.py,py_ctrm_fcws.state_py_4
cit_1739,1739,ITA GUAZU,py_ctrm_fcws.distri_27,base.py,py_ctrm_fcws.state_py_4
cit_1740,1740,ITA YGAZA,py_ctrm_fcws.distri_27,base.py,py_ctrm_fcws.state_py_4
cit_1741,1741,LOMA GRANDE,py_ctrm_fcws.distri_27,base.py,py_ctrm_fcws.state_py_4
cit_1742,1742,PARARU,py_ctrm_fcws.distri_27,base.py,py_ctrm_fcws.state_py_4
cit_1743,1743,RETIRO RIO NEGRO,py_ctrm_fcws.distri_27,base.py,py_ctrm_fcws.state_py_4
cit_1744,1744,TUKUNGA CORDILLERA,py_ctrm_fcws.distri_27,base.py,py_ctrm_fcws.state_py_4
cit_1745,1745,TUKUNGA CAÑADA,py_ctrm_fcws.distri_27,base.py,py_ctrm_fcws.state_py_4
cit_1746,1746,VILLA FLOR,py_ctrm_fcws.distri_27,base.py,py_ctrm_fcws.state_py_4
cit_1747,1747,YACARE,py_ctrm_fcws.distri_27,base.py,py_ctrm_fcws.state_py_4
cit_1748,1748,YAYI CAÑADA,py_ctrm_fcws.distri_27,base.py,py_ctrm_fcws.state_py_4
cit_1749,1749,YBU,py_ctrm_fcws.distri_27,base.py,py_ctrm_fcws.state_py_4
cit_1750,1750,ARROYOS Y ESTEROS,py_ctrm_fcws.distri_28,base.py,py_ctrm_fcws.state_py_4
cit_1750,1750,ARROYOS Y ESTEROS,py_ctrm_fcws.distri_28,base.py,py_ctrm_fcws.state_py_4
cit_1751,1751,ACEVEDO,py_ctrm_fcws.distri_28,base.py,py_ctrm_fcws.state_py_4
cit_1752,1752,ARROYOS Y ESTEROS,py_ctrm_fcws.distri_28,base.py,py_ctrm_fcws.state_py_4
cit_1753,1753,BOQUERON,py_ctrm_fcws.distri_28,base.py,py_ctrm_fcws.state_py_4
cit_1754,1754,CAMP. H. MATIAUDA,py_ctrm_fcws.distri_28,base.py,py_ctrm_fcws.state_py_4
cit_1755,1755,CAÑADA,py_ctrm_fcws.distri_28,base.py,py_ctrm_fcws.state_py_4
cit_1756,1756,CAÑADA DOMINGUEZ,py_ctrm_fcws.distri_28,base.py,py_ctrm_fcws.state_py_4
cit_1757,1757,CERRITO,py_ctrm_fcws.distri_28,base.py,py_ctrm_fcws.state_py_4
cit_1758,1758,COSTA PUCU,py_ctrm_fcws.distri_28,base.py,py_ctrm_fcws.state_py_4
cit_1759,1759,CURUPAYTY,py_ctrm_fcws.distri_28,base.py,py_ctrm_fcws.state_py_4
cit_1760,1760,CYRATY,py_ctrm_fcws.distri_28,base.py,py_ctrm_fcws.state_py_4
cit_1761,1761,EL CARMEN,py_ctrm_fcws.distri_28,base.py,py_ctrm_fcws.state_py_4
cit_1762,1762,ESTACION GONZALES CUE,py_ctrm_fcws.distri_28,base.py,py_ctrm_fcws.state_py_4
cit_1763,1763,ESTACION YPE CUE,py_ctrm_fcws.distri_28,base.py,py_ctrm_fcws.state_py_4
cit_1764,1764,ESTANCIA 4 VIENTOS,py_ctrm_fcws.distri_28,base.py,py_ctrm_fcws.state_py_4
cit_1765,1765,ESTANCIA CATIGUA,py_ctrm_fcws.distri_28,base.py,py_ctrm_fcws.state_py_4
cit_1766,1766,ESTANCIA JUAN DE MENA,py_ctrm_fcws.distri_28,base.py,py_ctrm_fcws.state_py_4
cit_1767,1767,ESTANCIA LOPEZ CUE,py_ctrm_fcws.distri_28,base.py,py_ctrm_fcws.state_py_4
cit_1768,1768,ESTANCIA MANDUVIRA,py_ctrm_fcws.distri_28,base.py,py_ctrm_fcws.state_py_4
cit_1769,1769,ESTANCIA SANJA JHU,py_ctrm_fcws.distri_28,base.py,py_ctrm_fcws.state_py_4
cit_1770,1770,GRAL. DIAZ,py_ctrm_fcws.distri_28,base.py,py_ctrm_fcws.state_py_4
cit_1771,1771,INGLON CUE,py_ctrm_fcws.distri_28,base.py,py_ctrm_fcws.state_py_4
cit_1772,1772,ISLA ALTA,py_ctrm_fcws.distri_28,base.py,py_ctrm_fcws.state_py_4
cit_1773,1773,ISLA GUAZU,py_ctrm_fcws.distri_28,base.py,py_ctrm_fcws.state_py_4
cit_1774,1774,ISLA TACUARA,py_ctrm_fcws.distri_28,base.py,py_ctrm_fcws.state_py_4
cit_1775,1775,ITA PIRU,py_ctrm_fcws.distri_28,base.py,py_ctrm_fcws.state_py_4
cit_1776,1776,KIRAYTY,py_ctrm_fcws.distri_28,base.py,py_ctrm_fcws.state_py_4
cit_1777,1777,LAGUNA VERA,py_ctrm_fcws.distri_28,base.py,py_ctrm_fcws.state_py_4
cit_1778,1778,MAINUMBY,py_ctrm_fcws.distri_28,base.py,py_ctrm_fcws.state_py_4
cit_1779,1779,MAINUMBYI,py_ctrm_fcws.distri_28,base.py,py_ctrm_fcws.state_py_4
cit_1780,1780,NUEVA COLOMBIA,py_ctrm_fcws.distri_28,base.py,py_ctrm_fcws.state_py_4
cit_1781,1781,PUERTO OLIVARES,py_ctrm_fcws.distri_28,base.py,py_ctrm_fcws.state_py_4
cit_1782,1782,RETIRO CARBONERIA - CUE,py_ctrm_fcws.distri_28,base.py,py_ctrm_fcws.state_py_4
cit_1783,1783,RETIRO DONKI CUE,py_ctrm_fcws.distri_28,base.py,py_ctrm_fcws.state_py_4
cit_1784,1784,RETIRO ILDEFONSO - CUE,py_ctrm_fcws.distri_28,base.py,py_ctrm_fcws.state_py_4
cit_1785,1785,SAN ANTONIO,py_ctrm_fcws.distri_28,base.py,py_ctrm_fcws.state_py_4
cit_1786,1786,URUNDEY,py_ctrm_fcws.distri_28,base.py,py_ctrm_fcws.state_py_4
cit_1787,1787,YUASY ITA,py_ctrm_fcws.distri_28,base.py,py_ctrm_fcws.state_py_4
cit_6275,6275,LOPEZ CUE,py_ctrm_fcws.distri_28,base.py,py_ctrm_fcws.state_py_4
cit_6276,6276,PUESTO ELVIRA,py_ctrm_fcws.distri_28,base.py,py_ctrm_fcws.state_py_4
cit_6277,6277,TACUARINDY,py_ctrm_fcws.distri_28,base.py,py_ctrm_fcws.state_py_4
cit_1788,1788,ATYRA,py_ctrm_fcws.distri_29,base.py,py_ctrm_fcws.state_py_4
cit_1789,1789,ATYRA ( MUNICIPIO ),py_ctrm_fcws.distri_29,base.py,py_ctrm_fcws.state_py_4
cit_1789,1789,ATYRA ( MUNICIPIO ),py_ctrm_fcws.distri_29,base.py,py_ctrm_fcws.state_py_4
cit_1789,1789,ATYRA ( MUNICIPIO ),py_ctrm_fcws.distri_29,base.py,py_ctrm_fcws.state_py_4
cit_1789,1789,ATYRA ( MUNICIPIO ),py_ctrm_fcws.distri_29,base.py,py_ctrm_fcws.state_py_4
cit_1789,1789,ATYRA ( MUNICIPIO ),py_ctrm_fcws.distri_29,base.py,py_ctrm_fcws.state_py_4
cit_1790,1790,CANDIA,py_ctrm_fcws.distri_29,base.py,py_ctrm_fcws.state_py_4
cit_1791,1791,CARUMBY,py_ctrm_fcws.distri_29,base.py,py_ctrm_fcws.state_py_4
cit_1792,1792,COL. BERNARDINO CABALLERO,py_ctrm_fcws.distri_29,base.py,py_ctrm_fcws.state_py_4
cit_1793,1793,GRANJA LADONESA,py_ctrm_fcws.distri_29,base.py,py_ctrm_fcws.state_py_4
cit_1794,1794,MOÑAIRY,py_ctrm_fcws.distri_29,base.py,py_ctrm_fcws.state_py_4
cit_1795,1795,POTRERO,py_ctrm_fcws.distri_29,base.py,py_ctrm_fcws.state_py_4
cit_1796,1796,SAN VICENTE,py_ctrm_fcws.distri_29,base.py,py_ctrm_fcws.state_py_4
cit_1797,1797,SANJA JHU,py_ctrm_fcws.distri_29,base.py,py_ctrm_fcws.state_py_4
cit_6278,6278,CAACUPEMI,py_ctrm_fcws.distri_29,base.py,py_ctrm_fcws.state_py_4
cit_6279,6279,MBURURU,py_ctrm_fcws.distri_29,base.py,py_ctrm_fcws.state_py_4
cit_1798,1798,ALFONSO LOMA,py_ctrm_fcws.distri_30,base.py,py_ctrm_fcws.state_py_4
cit_1799,1799,BOQUERON,py_ctrm_fcws.distri_30,base.py,py_ctrm_fcws.state_py_4
cit_1800,1800,CAPELLANIA,py_ctrm_fcws.distri_30,base.py,py_ctrm_fcws.state_py_4
cit_1801,1801,CARAGUATAY ( MUNICIPIO ),py_ctrm_fcws.distri_30,base.py,py_ctrm_fcws.state_py_4
cit_1801,1801,CARAGUATAY ( MUNICIPIO ),py_ctrm_fcws.distri_30,base.py,py_ctrm_fcws.state_py_4
cit_1801,1801,CARAGUATAY ( MUNICIPIO ),py_ctrm_fcws.distri_30,base.py,py_ctrm_fcws.state_py_4
cit_1801,1801,CARAGUATAY ( MUNICIPIO ),py_ctrm_fcws.distri_30,base.py,py_ctrm_fcws.state_py_4
cit_1802,1802,ESTANCIA LOBO CUA,py_ctrm_fcws.distri_30,base.py,py_ctrm_fcws.state_py_4
cit_1803,1803,ESTANCIA SALADILLO,py_ctrm_fcws.distri_30,base.py,py_ctrm_fcws.state_py_4
cit_1804,1804,ESTANCIA SAN MARCO,py_ctrm_fcws.distri_30,base.py,py_ctrm_fcws.state_py_4
cit_1805,1805,FULGENCIO YEGROS,py_ctrm_fcws.distri_30,base.py,py_ctrm_fcws.state_py_4
cit_1806,1806,ISLA GUAZU,py_ctrm_fcws.distri_30,base.py,py_ctrm_fcws.state_py_4
cit_1807,1807,ISLA PAU,py_ctrm_fcws.distri_30,base.py,py_ctrm_fcws.state_py_4
cit_1808,1808,JHUGUA GUAZU,py_ctrm_fcws.distri_30,base.py,py_ctrm_fcws.state_py_4
cit_1809,1809,JHUGUA POI,py_ctrm_fcws.distri_30,base.py,py_ctrm_fcws.state_py_4
cit_1810,1810,ROLON,py_ctrm_fcws.distri_30,base.py,py_ctrm_fcws.state_py_4
cit_1811,1811,RIO NEGRO ENSENADA,py_ctrm_fcws.distri_30,base.py,py_ctrm_fcws.state_py_4
cit_1812,1812,RIO NEGRO LLANE,py_ctrm_fcws.distri_30,base.py,py_ctrm_fcws.state_py_4
cit_1813,1813,RIO NEGRO POTRERO,py_ctrm_fcws.distri_30,base.py,py_ctrm_fcws.state_py_4
cit_1814,1814,SAN MIGUEL,py_ctrm_fcws.distri_30,base.py,py_ctrm_fcws.state_py_4
cit_1815,1815,SAN PEDRO,py_ctrm_fcws.distri_30,base.py,py_ctrm_fcws.state_py_4
cit_1816,1816,SANTA LUCIA,py_ctrm_fcws.distri_30,base.py,py_ctrm_fcws.state_py_4
cit_1817,1817,TACUARY,py_ctrm_fcws.distri_30,base.py,py_ctrm_fcws.state_py_4
cit_1818,1818,TENIENTE GONZALES,py_ctrm_fcws.distri_30,base.py,py_ctrm_fcws.state_py_4
cit_1819,1819,VERA COSTA,py_ctrm_fcws.distri_30,base.py,py_ctrm_fcws.state_py_4
cit_6280,6280,CARAGUATAY,py_ctrm_fcws.distri_30,base.py,py_ctrm_fcws.state_py_4
cit_6281,6281,COSTA YBATE,py_ctrm_fcws.distri_30,base.py,py_ctrm_fcws.state_py_4
cit_6282,6282,GRAL. GENES,py_ctrm_fcws.distri_30,base.py,py_ctrm_fcws.state_py_4
cit_6283,6283,LA INMACULADA,py_ctrm_fcws.distri_30,base.py,py_ctrm_fcws.state_py_4
cit_6284,6284,SAN JOSE OBRERO,py_ctrm_fcws.distri_30,base.py,py_ctrm_fcws.state_py_4
cit_6285,6285,VALLE I,py_ctrm_fcws.distri_30,base.py,py_ctrm_fcws.state_py_4
cit_1820,1820,EMBOSCADA,py_ctrm_fcws.distri_31,base.py,py_ctrm_fcws.state_py_4
cit_1821,1821,4TA. COMP. COCUE GUAZU,py_ctrm_fcws.distri_31,base.py,py_ctrm_fcws.state_py_4
cit_1822,1822,CHOCHI,py_ctrm_fcws.distri_31,base.py,py_ctrm_fcws.state_py_4
cit_1823,1823,EMBOSCADA ( MUNICIPIO ),py_ctrm_fcws.distri_31,base.py,py_ctrm_fcws.state_py_4
cit_1824,1824,ESTANCIA CARANDAYTY,py_ctrm_fcws.distri_31,base.py,py_ctrm_fcws.state_py_4
cit_1825,1825,ESTANCIA CAREAGA,py_ctrm_fcws.distri_31,base.py,py_ctrm_fcws.state_py_4
cit_1826,1826,ESTANCIA CLEMENTINA,py_ctrm_fcws.distri_31,base.py,py_ctrm_fcws.state_py_4
cit_1827,1827,ESTANCIA LA CARMINA,py_ctrm_fcws.distri_31,base.py,py_ctrm_fcws.state_py_4
cit_1828,1828,ESTANCIA PERALTA,py_ctrm_fcws.distri_31,base.py,py_ctrm_fcws.state_py_4
cit_1829,1829,ISLA ALTA,py_ctrm_fcws.distri_31,base.py,py_ctrm_fcws.state_py_4
cit_1830,1830,ISLA JOVAI,py_ctrm_fcws.distri_31,base.py,py_ctrm_fcws.state_py_4
cit_1831,1831,MINAS CUE,py_ctrm_fcws.distri_31,base.py,py_ctrm_fcws.state_py_4
cit_1832,1832,PASO PE,py_ctrm_fcws.distri_31,base.py,py_ctrm_fcws.state_py_4
cit_1833,1833,PUERTO ARECUATACUA,py_ctrm_fcws.distri_31,base.py,py_ctrm_fcws.state_py_4
cit_1834,1834,RETIRO FATIMA,py_ctrm_fcws.distri_31,base.py,py_ctrm_fcws.state_py_4
cit_1835,1835,RETIRO NARANJAL,py_ctrm_fcws.distri_31,base.py,py_ctrm_fcws.state_py_4
cit_1836,1836,RETIRO YUGO PENGUE,py_ctrm_fcws.distri_31,base.py,py_ctrm_fcws.state_py_4
cit_1837,1837,TACURUTY,py_ctrm_fcws.distri_31,base.py,py_ctrm_fcws.state_py_4
cit_1838,1838,TUCANGUA CAÑADA,py_ctrm_fcws.distri_31,base.py,py_ctrm_fcws.state_py_4
cit_6286,6286,CORDILLERA GUY,py_ctrm_fcws.distri_31,base.py,py_ctrm_fcws.state_py_4
cit_268,268,ESTACION SANTA ANA GRAL.ROLON,py_ctrm_fcws.distri_32,base.py,py_ctrm_fcws.state_py_4
cit_269,269,ESTANCIA STORM,py_ctrm_fcws.distri_32,base.py,py_ctrm_fcws.state_py_4
cit_270,270,EUSEBIO AYALA (MUNICIPIO),py_ctrm_fcws.distri_32,base.py,py_ctrm_fcws.state_py_4
cit_270,270,EUSEBIO AYALA (MUNICIPIO),py_ctrm_fcws.distri_32,base.py,py_ctrm_fcws.state_py_4
cit_270,270,EUSEBIO AYALA (MUNICIPIO),py_ctrm_fcws.distri_32,base.py,py_ctrm_fcws.state_py_4
cit_270,270,EUSEBIO AYALA (MUNICIPIO),py_ctrm_fcws.distri_32,base.py,py_ctrm_fcws.state_py_4
cit_270,270,EUSEBIO AYALA (MUNICIPIO),py_ctrm_fcws.distri_32,base.py,py_ctrm_fcws.state_py_4
cit_270,270,EUSEBIO AYALA (MUNICIPIO),py_ctrm_fcws.distri_32,base.py,py_ctrm_fcws.state_py_4
cit_270,270,EUSEBIO AYALA (MUNICIPIO),py_ctrm_fcws.distri_32,base.py,py_ctrm_fcws.state_py_4
cit_270,270,EUSEBIO AYALA (MUNICIPIO),py_ctrm_fcws.distri_32,base.py,py_ctrm_fcws.state_py_4
cit_270,270,EUSEBIO AYALA (MUNICIPIO),py_ctrm_fcws.distri_32,base.py,py_ctrm_fcws.state_py_4
cit_270,270,EUSEBIO AYALA (MUNICIPIO),py_ctrm_fcws.distri_32,base.py,py_ctrm_fcws.state_py_4
cit_270,270,EUSEBIO AYALA (MUNICIPIO),py_ctrm_fcws.distri_32,base.py,py_ctrm_fcws.state_py_4
cit_271,271,ISLA,py_ctrm_fcws.distri_32,base.py,py_ctrm_fcws.state_py_4
cit_272,272,ITA YGASA,py_ctrm_fcws.distri_32,base.py,py_ctrm_fcws.state_py_4
cit_273,273,JHUY BATY,py_ctrm_fcws.distri_32,base.py,py_ctrm_fcws.state_py_4
cit_274,274,LA INDIA,py_ctrm_fcws.distri_32,base.py,py_ctrm_fcws.state_py_4
cit_275,275,POTRERO SAN JOSE,py_ctrm_fcws.distri_32,base.py,py_ctrm_fcws.state_py_4
cit_276,276,POTRERO DEL CARMEN,py_ctrm_fcws.distri_32,base.py,py_ctrm_fcws.state_py_4
cit_277,277,PUNTA,py_ctrm_fcws.distri_32,base.py,py_ctrm_fcws.state_py_4
cit_278,278,RUBIO ÑU,py_ctrm_fcws.distri_32,base.py,py_ctrm_fcws.state_py_4
cit_279,279,TUYUCUA,py_ctrm_fcws.distri_32,base.py,py_ctrm_fcws.state_py_4
cit_280,280,YACAREY,py_ctrm_fcws.distri_32,base.py,py_ctrm_fcws.state_py_4
cit_281,281,ÑU-AI,py_ctrm_fcws.distri_32,base.py,py_ctrm_fcws.state_py_4
cit_1839,1839,EUSEBIO AYALA,py_ctrm_fcws.distri_32,base.py,py_ctrm_fcws.state_py_4
cit_1840,1840,ACOSTA ÑU,py_ctrm_fcws.distri_32,base.py,py_ctrm_fcws.state_py_4
cit_1841,1841,AGUAITY,py_ctrm_fcws.distri_32,base.py,py_ctrm_fcws.state_py_4
cit_1842,1842,BARRETO ÑU,py_ctrm_fcws.distri_32,base.py,py_ctrm_fcws.state_py_4
cit_1843,1843,BARRIO SAN BLAS,py_ctrm_fcws.distri_32,base.py,py_ctrm_fcws.state_py_4
cit_1844,1844,BARRIO SANTA TERESITA,py_ctrm_fcws.distri_32,base.py,py_ctrm_fcws.state_py_4
cit_1845,1845,BOQUERON,py_ctrm_fcws.distri_32,base.py,py_ctrm_fcws.state_py_4
cit_1846,1846,BOQUERON 2DA.,py_ctrm_fcws.distri_32,base.py,py_ctrm_fcws.state_py_4
cit_1847,1847,CABAÑA CUE,py_ctrm_fcws.distri_32,base.py,py_ctrm_fcws.state_py_4
cit_1848,1848,CAHUNDY,py_ctrm_fcws.distri_32,base.py,py_ctrm_fcws.state_py_4
cit_1849,1849,CAPIIPE,py_ctrm_fcws.distri_32,base.py,py_ctrm_fcws.state_py_4
cit_1850,1850,CAPILLA LOMA,py_ctrm_fcws.distri_32,base.py,py_ctrm_fcws.state_py_4
cit_1851,1851,CERRO GUY,py_ctrm_fcws.distri_32,base.py,py_ctrm_fcws.state_py_4
cit_1852,1852,CERRO PORTEÑO,py_ctrm_fcws.distri_32,base.py,py_ctrm_fcws.state_py_4
cit_1853,1853,COL.CURUGUYTY,py_ctrm_fcws.distri_32,base.py,py_ctrm_fcws.state_py_4
cit_1854,1854,COSTA,py_ctrm_fcws.distri_32,base.py,py_ctrm_fcws.state_py_4
cit_282,282,ISLA PUCU,py_ctrm_fcws.distri_33,base.py,py_ctrm_fcws.state_py_4
cit_283,283,AGUARAY,py_ctrm_fcws.distri_33,base.py,py_ctrm_fcws.state_py_4
cit_284,284,AGUARAY RIO,py_ctrm_fcws.distri_33,base.py,py_ctrm_fcws.state_py_4
cit_285,285,ARROYO PORA,py_ctrm_fcws.distri_33,base.py,py_ctrm_fcws.state_py_4
cit_286,286,CAACUPE MI,py_ctrm_fcws.distri_33,base.py,py_ctrm_fcws.state_py_4
cit_287,287,CHOCHI,py_ctrm_fcws.distri_33,base.py,py_ctrm_fcws.state_py_4
cit_288,288,ITA YBATE,py_ctrm_fcws.distri_33,base.py,py_ctrm_fcws.state_py_4
cit_289,289,LOMA,py_ctrm_fcws.distri_33,base.py,py_ctrm_fcws.state_py_4
cit_290,290,PINDOTY,py_ctrm_fcws.distri_33,base.py,py_ctrm_fcws.state_py_4
cit_291,291,TAPE GUAZU,py_ctrm_fcws.distri_33,base.py,py_ctrm_fcws.state_py_4
cit_292,292,TAPE POI,py_ctrm_fcws.distri_33,base.py,py_ctrm_fcws.state_py_4
cit_293,293,TUCUNGA CAÑADA,py_ctrm_fcws.distri_33,base.py,py_ctrm_fcws.state_py_4
cit_6167,6167,AGUARAY ROLON,py_ctrm_fcws.distri_33,base.py,py_ctrm_fcws.state_py_4
cit_6168,6168,ISLA PUCU (MUNICIPIO),py_ctrm_fcws.distri_33,base.py,py_ctrm_fcws.state_py_4
cit_6168,6168,ISLA PUCU (MUNICIPIO),py_ctrm_fcws.distri_33,base.py,py_ctrm_fcws.state_py_4
cit_6168,6168,ISLA PUCU (MUNICIPIO),py_ctrm_fcws.distri_33,base.py,py_ctrm_fcws.state_py_4
cit_6168,6168,ISLA PUCU (MUNICIPIO),py_ctrm_fcws.distri_33,base.py,py_ctrm_fcws.state_py_4
cit_6168,6168,ISLA PUCU (MUNICIPIO),py_ctrm_fcws.distri_33,base.py,py_ctrm_fcws.state_py_4
cit_6169,6169,VILLA SAN JUAN,py_ctrm_fcws.distri_33,base.py,py_ctrm_fcws.state_py_4
cit_294,294,ITACURUBI DE LA CORDILLERA,py_ctrm_fcws.distri_34,base.py,py_ctrm_fcws.state_py_4
cit_295,295,CAAGUY CUPE,py_ctrm_fcws.distri_34,base.py,py_ctrm_fcws.state_py_4
cit_296,296,CARAY POTRERO,py_ctrm_fcws.distri_34,base.py,py_ctrm_fcws.state_py_4
cit_297,297,COL.MENNONITA,py_ctrm_fcws.distri_34,base.py,py_ctrm_fcws.state_py_4
cit_298,298,ESTANCIA BUENAVENTURA,py_ctrm_fcws.distri_34,base.py,py_ctrm_fcws.state_py_4
cit_299,299,GARIY LOMA,py_ctrm_fcws.distri_34,base.py,py_ctrm_fcws.state_py_4
cit_300,300,ITAC.DE LA CORDILLERA (MUNIC),py_ctrm_fcws.distri_34,base.py,py_ctrm_fcws.state_py_4
cit_300,300,ITAC.DE LA CORDILLERA (MUNIC),py_ctrm_fcws.distri_34,base.py,py_ctrm_fcws.state_py_4
cit_300,300,ITAC.DE LA CORDILLERA (MUNIC),py_ctrm_fcws.distri_34,base.py,py_ctrm_fcws.state_py_4
cit_300,300,ITAC.DE LA CORDILLERA (MUNIC),py_ctrm_fcws.distri_34,base.py,py_ctrm_fcws.state_py_4
cit_300,300,ITAC.DE LA CORDILLERA (MUNIC),py_ctrm_fcws.distri_34,base.py,py_ctrm_fcws.state_py_4
cit_300,300,ITAC.DE LA CORDILLERA (MUNIC),py_ctrm_fcws.distri_34,base.py,py_ctrm_fcws.state_py_4
cit_300,300,ITAC.DE LA CORDILLERA (MUNIC),py_ctrm_fcws.distri_34,base.py,py_ctrm_fcws.state_py_4
cit_300,300,ITAC.DE LA CORDILLERA (MUNIC),py_ctrm_fcws.distri_34,base.py,py_ctrm_fcws.state_py_4
cit_301,301,JHUGUA POI,py_ctrm_fcws.distri_34,base.py,py_ctrm_fcws.state_py_4
cit_302,302,LOMA MEDINA,py_ctrm_fcws.distri_34,base.py,py_ctrm_fcws.state_py_4
cit_303,303,MINAS-CUE,py_ctrm_fcws.distri_34,base.py,py_ctrm_fcws.state_py_4
cit_304,304,PIRAYU-I,py_ctrm_fcws.distri_34,base.py,py_ctrm_fcws.state_py_4
cit_305,305,RUBIO ÑU,py_ctrm_fcws.distri_34,base.py,py_ctrm_fcws.state_py_4
cit_306,306,SANTA LUCIA,py_ctrm_fcws.distri_34,base.py,py_ctrm_fcws.state_py_4
cit_307,307,TACUARA APUAIL,py_ctrm_fcws.distri_34,base.py,py_ctrm_fcws.state_py_4
cit_308,308,TACUARA NERHOT,py_ctrm_fcws.distri_34,base.py,py_ctrm_fcws.state_py_4
cit_309,309,YAGUARETE CUA,py_ctrm_fcws.distri_34,base.py,py_ctrm_fcws.state_py_4
cit_6170,6170,ESTANCIA MARIA AUXILIADORA,py_ctrm_fcws.distri_34,base.py,py_ctrm_fcws.state_py_4
cit_6171,6171,POTERO ANGELITO,py_ctrm_fcws.distri_34,base.py,py_ctrm_fcws.state_py_4
cit_310,310,8 DE diciembre,py_ctrm_fcws.distri_35,base.py,py_ctrm_fcws.state_py_4
cit_311,311,ARROZAL ACEVAL,py_ctrm_fcws.distri_35,base.py,py_ctrm_fcws.state_py_4
cit_312,312,BUENA VISTA,py_ctrm_fcws.distri_35,base.py,py_ctrm_fcws.state_py_4
cit_313,313,COL.FIDEL MAIZ,py_ctrm_fcws.distri_35,base.py,py_ctrm_fcws.state_py_4
cit_314,314,ESTACION CRISTAL CUE,py_ctrm_fcws.distri_35,base.py,py_ctrm_fcws.state_py_4
cit_315,315,ESTACION FRANCA-I,py_ctrm_fcws.distri_35,base.py,py_ctrm_fcws.state_py_4
cit_316,316,ESTACION GASORY,py_ctrm_fcws.distri_35,base.py,py_ctrm_fcws.state_py_4
cit_317,317,ESTACION GONZALEZ CUE(V.DEL R),py_ctrm_fcws.distri_35,base.py,py_ctrm_fcws.state_py_4
cit_318,318,ESTACION GUAZU PYTA (V.DEL R),py_ctrm_fcws.distri_35,base.py,py_ctrm_fcws.state_py_4
cit_319,319,ESTACION JOSEFINA,py_ctrm_fcws.distri_35,base.py,py_ctrm_fcws.state_py_4
cit_320,320,ESTACION LEON CUE,py_ctrm_fcws.distri_35,base.py,py_ctrm_fcws.state_py_4
cit_321,321,ESTACION MAIZ CUE,py_ctrm_fcws.distri_35,base.py,py_ctrm_fcws.state_py_4
cit_322,322,ESTACION MOLINAS CUE,py_ctrm_fcws.distri_35,base.py,py_ctrm_fcws.state_py_4
cit_323,323,ESTACION PRIMAVERA,py_ctrm_fcws.distri_35,base.py,py_ctrm_fcws.state_py_4
cit_324,324,ESTACION SAN FILIPO,py_ctrm_fcws.distri_35,base.py,py_ctrm_fcws.state_py_4
cit_325,325,ESTACION SAN JOSE,py_ctrm_fcws.distri_35,base.py,py_ctrm_fcws.state_py_4
cit_326,326,ESTACION SANJITA,py_ctrm_fcws.distri_35,base.py,py_ctrm_fcws.state_py_4
cit_327,327,ESTACION SANTA ELENA,py_ctrm_fcws.distri_35,base.py,py_ctrm_fcws.state_py_4
cit_328,328,ESTACION YASYRETA,py_ctrm_fcws.distri_35,base.py,py_ctrm_fcws.state_py_4
cit_329,329,ESTANCIA ISLA ROSARIO,py_ctrm_fcws.distri_35,base.py,py_ctrm_fcws.state_py_4
cit_330,330,ESTANCIA TORO PASO,py_ctrm_fcws.distri_35,base.py,py_ctrm_fcws.state_py_4
cit_331,331,ISLERIA,py_ctrm_fcws.distri_35,base.py,py_ctrm_fcws.state_py_4
cit_332,332,JUAN DE MENA (MUNICIPIO),py_ctrm_fcws.distri_35,base.py,py_ctrm_fcws.state_py_4
cit_333,333,LA UNION,py_ctrm_fcws.distri_35,base.py,py_ctrm_fcws.state_py_4
cit_832,832,PUESTO CABALLERO CUE,py_ctrm_fcws.distri_35,base.py,py_ctrm_fcws.state_py_4
cit_833,833,PUESTO GUAJHO,py_ctrm_fcws.distri_35,base.py,py_ctrm_fcws.state_py_4
cit_834,834,PUESTO ROJAS CUE,py_ctrm_fcws.distri_35,base.py,py_ctrm_fcws.state_py_4
cit_835,835,RETIRO MAYOR CUE,py_ctrm_fcws.distri_35,base.py,py_ctrm_fcws.state_py_4
cit_836,836,RETIRO DE LA ESTANCIA GASORY,py_ctrm_fcws.distri_35,base.py,py_ctrm_fcws.state_py_4
cit_837,837,RIVAROLA CUE,py_ctrm_fcws.distri_35,base.py,py_ctrm_fcws.state_py_4
cit_838,838,SAN ANTONIO,py_ctrm_fcws.distri_35,base.py,py_ctrm_fcws.state_py_4
cit_839,839,SAN RAFAEL,py_ctrm_fcws.distri_35,base.py,py_ctrm_fcws.state_py_4
cit_840,840,SANTO DOMINGO,py_ctrm_fcws.distri_35,base.py,py_ctrm_fcws.state_py_4
cit_841,841,WUIENGER,py_ctrm_fcws.distri_35,base.py,py_ctrm_fcws.state_py_4
cit_842,842,YAGUARETE,py_ctrm_fcws.distri_35,base.py,py_ctrm_fcws.state_py_4
cit_6172,6172,JUAN DE MENA,py_ctrm_fcws.distri_35,base.py,py_ctrm_fcws.state_py_4
cit_6173,6173,ESTACION CARACOL,py_ctrm_fcws.distri_35,base.py,py_ctrm_fcws.state_py_4
cit_6174,6174,ESTACION ISENCIO,py_ctrm_fcws.distri_35,base.py,py_ctrm_fcws.state_py_4
cit_6175,6175,ESTACION SAN ANTONIO,py_ctrm_fcws.distri_35,base.py,py_ctrm_fcws.state_py_4
cit_6176,6176,ESTANCIA EMILIO,py_ctrm_fcws.distri_35,base.py,py_ctrm_fcws.state_py_4
cit_6177,6177,PUENTE YBYAVEBO (V.DEL R.),py_ctrm_fcws.distri_35,base.py,py_ctrm_fcws.state_py_4
cit_843,843,NUEVA COLOMBIA,py_ctrm_fcws.distri_36,base.py,py_ctrm_fcws.state_py_4
cit_844,844,BOQUERON,py_ctrm_fcws.distri_36,base.py,py_ctrm_fcws.state_py_4
cit_845,845,CIRATY,py_ctrm_fcws.distri_36,base.py,py_ctrm_fcws.state_py_4
cit_846,846,COMPAÑIA N.MATIAUDA,py_ctrm_fcws.distri_36,base.py,py_ctrm_fcws.state_py_4
cit_847,847,INGLES CUE,py_ctrm_fcws.distri_36,base.py,py_ctrm_fcws.state_py_4
cit_848,848,ISLA ALTA,py_ctrm_fcws.distri_36,base.py,py_ctrm_fcws.state_py_4
cit_849,849,KIRAITY,py_ctrm_fcws.distri_36,base.py,py_ctrm_fcws.state_py_4
cit_850,850,NUEVA COLOMBIA (MUNICIPIO),py_ctrm_fcws.distri_36,base.py,py_ctrm_fcws.state_py_4
cit_851,851,PIRIBEBUY,py_ctrm_fcws.distri_37,base.py,py_ctrm_fcws.state_py_4
cit_852,852,4 DE julio,py_ctrm_fcws.distri_37,base.py,py_ctrm_fcws.state_py_4
cit_853,853,BARRIO SANTA ANA,py_ctrm_fcws.distri_37,base.py,py_ctrm_fcws.state_py_4
cit_854,854,BARRIO VIRGEN DEL ROSARIO,py_ctrm_fcws.distri_37,base.py,py_ctrm_fcws.state_py_4
cit_855,855,CAPILLA CUE,py_ctrm_fcws.distri_37,base.py,py_ctrm_fcws.state_py_4
cit_856,856,CAÑADA,py_ctrm_fcws.distri_37,base.py,py_ctrm_fcws.state_py_4
cit_857,857,CHOLOLO,py_ctrm_fcws.distri_37,base.py,py_ctrm_fcws.state_py_4
cit_858,858,COL.PIRARETA,py_ctrm_fcws.distri_37,base.py,py_ctrm_fcws.state_py_4
cit_859,859,CORDILLERA,py_ctrm_fcws.distri_37,base.py,py_ctrm_fcws.state_py_4
cit_860,860,ESTACION JHAGY-SI,py_ctrm_fcws.distri_37,base.py,py_ctrm_fcws.state_py_4
cit_861,861,FRANCO ISLA,py_ctrm_fcws.distri_37,base.py,py_ctrm_fcws.state_py_4
cit_862,862,GUAZU MOCOI,py_ctrm_fcws.distri_37,base.py,py_ctrm_fcws.state_py_4
cit_863,863,ITA GUYRA,py_ctrm_fcws.distri_37,base.py,py_ctrm_fcws.state_py_4
cit_864,864,ITA MOROTI-I,py_ctrm_fcws.distri_37,base.py,py_ctrm_fcws.state_py_4
cit_865,865,ITA MOROTI GUAZU,py_ctrm_fcws.distri_37,base.py,py_ctrm_fcws.state_py_4
cit_866,866,ITA YBU,py_ctrm_fcws.distri_37,base.py,py_ctrm_fcws.state_py_4
cit_867,867,JHAGUY-MI,py_ctrm_fcws.distri_37,base.py,py_ctrm_fcws.state_py_4
cit_868,868,JHUGUA GUAZU,py_ctrm_fcws.distri_37,base.py,py_ctrm_fcws.state_py_4
cit_869,869,MCAL.LOPEZ,py_ctrm_fcws.distri_37,base.py,py_ctrm_fcws.state_py_4
cit_870,870,NARANJO,py_ctrm_fcws.distri_37,base.py,py_ctrm_fcws.state_py_4
cit_871,871,PACIFICO,py_ctrm_fcws.distri_37,base.py,py_ctrm_fcws.state_py_4
cit_872,872,PASO JHU,py_ctrm_fcws.distri_37,base.py,py_ctrm_fcws.state_py_4
cit_873,873,PIRIBEBUY (MUNICIPIO),py_ctrm_fcws.distri_37,base.py,py_ctrm_fcws.state_py_4
cit_873,873,PIRIBEBUY (MUNICIPIO),py_ctrm_fcws.distri_37,base.py,py_ctrm_fcws.state_py_4
cit_873,873,PIRIBEBUY (MUNICIPIO),py_ctrm_fcws.distri_37,base.py,py_ctrm_fcws.state_py_4
cit_873,873,PIRIBEBUY (MUNICIPIO),py_ctrm_fcws.distri_37,base.py,py_ctrm_fcws.state_py_4
cit_873,873,PIRIBEBUY (MUNICIPIO),py_ctrm_fcws.distri_37,base.py,py_ctrm_fcws.state_py_4
cit_873,873,PIRIBEBUY (MUNICIPIO),py_ctrm_fcws.distri_37,base.py,py_ctrm_fcws.state_py_4
cit_874,874,PTE.FRA,py_ctrm_fcws.distri_37,base.py,py_ctrm_fcws.state_py_4
cit_875,875,TAPE GUAZU,py_ctrm_fcws.distri_37,base.py,py_ctrm_fcws.state_py_4
cit_876,876,VIRGEN DE FATIMA,py_ctrm_fcws.distri_37,base.py,py_ctrm_fcws.state_py_4
cit_877,877,YACAREY,py_ctrm_fcws.distri_37,base.py,py_ctrm_fcws.state_py_4
cit_878,878,YATAITY,py_ctrm_fcws.distri_37,base.py,py_ctrm_fcws.state_py_4
cit_879,879,YRUGUE,py_ctrm_fcws.distri_37,base.py,py_ctrm_fcws.state_py_4
cit_880,880,1RO.DE MARZO,py_ctrm_fcws.distri_38,base.py,py_ctrm_fcws.state_py_4
cit_881,881,1RO.DE MARZO (MUNICIPIO),py_ctrm_fcws.distri_38,base.py,py_ctrm_fcws.state_py_4
cit_882,882,BOQUERON,py_ctrm_fcws.distri_38,base.py,py_ctrm_fcws.state_py_4
cit_883,883,CAAGUY CUPE,py_ctrm_fcws.distri_38,base.py,py_ctrm_fcws.state_py_4
cit_884,884,CAÑADA DEL CARMEN,py_ctrm_fcws.distri_38,base.py,py_ctrm_fcws.state_py_4
cit_885,885,GARAYO,py_ctrm_fcws.distri_38,base.py,py_ctrm_fcws.state_py_4
cit_886,886,GRAL.DIAZ,py_ctrm_fcws.distri_38,base.py,py_ctrm_fcws.state_py_4
cit_887,887,LOMA,py_ctrm_fcws.distri_38,base.py,py_ctrm_fcws.state_py_4
cit_888,888,MCAL.ESTIGARRIBIA,py_ctrm_fcws.distri_38,base.py,py_ctrm_fcws.state_py_4
cit_889,889,POTRERITO3,py_ctrm_fcws.distri_38,base.py,py_ctrm_fcws.state_py_4
cit_890,890,PUESTO CARRITO,py_ctrm_fcws.distri_38,base.py,py_ctrm_fcws.state_py_4
cit_891,891,ROJAS SILVA,py_ctrm_fcws.distri_38,base.py,py_ctrm_fcws.state_py_4
cit_892,892,SAN ANTONIO,py_ctrm_fcws.distri_38,base.py,py_ctrm_fcws.state_py_4
cit_893,893,SAN BLAS,py_ctrm_fcws.distri_38,base.py,py_ctrm_fcws.state_py_4
cit_894,894,SAN ISIDRO,py_ctrm_fcws.distri_38,base.py,py_ctrm_fcws.state_py_4
cit_895,895,SARGENTO BAEZ,py_ctrm_fcws.distri_38,base.py,py_ctrm_fcws.state_py_4
cit_896,896,SARGENTO CABALLERO,py_ctrm_fcws.distri_38,base.py,py_ctrm_fcws.state_py_4
cit_897,897,TAPE POI,py_ctrm_fcws.distri_38,base.py,py_ctrm_fcws.state_py_4
cit_898,898,SAN BERNARDINO,py_ctrm_fcws.distri_39,base.py,py_ctrm_fcws.state_py_4
cit_899,899,CIERVO CUA,py_ctrm_fcws.distri_39,base.py,py_ctrm_fcws.state_py_4
cit_900,900,COCUERE,py_ctrm_fcws.distri_39,base.py,py_ctrm_fcws.state_py_4
cit_901,901,CRISTOBAL COLON,py_ctrm_fcws.distri_39,base.py,py_ctrm_fcws.state_py_4
cit_902,902,MINAS CUE,py_ctrm_fcws.distri_39,base.py,py_ctrm_fcws.state_py_4
cit_903,903,PIRAYU-I,py_ctrm_fcws.distri_39,base.py,py_ctrm_fcws.state_py_4
cit_904,904,SAN BERNARDINO(MUNICIPIO),py_ctrm_fcws.distri_39,base.py,py_ctrm_fcws.state_py_4
cit_904,904,SAN BERNARDINO(MUNICIPIO),py_ctrm_fcws.distri_39,base.py,py_ctrm_fcws.state_py_4
cit_904,904,SAN BERNARDINO(MUNICIPIO),py_ctrm_fcws.distri_39,base.py,py_ctrm_fcws.state_py_4
cit_904,904,SAN BERNARDINO(MUNICIPIO),py_ctrm_fcws.distri_39,base.py,py_ctrm_fcws.state_py_4
cit_904,904,SAN BERNARDINO(MUNICIPIO),py_ctrm_fcws.distri_39,base.py,py_ctrm_fcws.state_py_4
cit_904,904,SAN BERNARDINO(MUNICIPIO),py_ctrm_fcws.distri_39,base.py,py_ctrm_fcws.state_py_4
cit_905,905,YBYHANGUY,py_ctrm_fcws.distri_39,base.py,py_ctrm_fcws.state_py_4
cit_906,906,YBYHANGUY 1RO.,py_ctrm_fcws.distri_39,base.py,py_ctrm_fcws.state_py_4
cit_907,907,YBU,py_ctrm_fcws.distri_39,base.py,py_ctrm_fcws.state_py_4
cit_908,908,SANTA ELENA,py_ctrm_fcws.distri_40,base.py,py_ctrm_fcws.state_py_4
cit_909,909,AGUARA RINCON,py_ctrm_fcws.distri_40,base.py,py_ctrm_fcws.state_py_4
cit_910,910,BARRIO SAN ANTONIO,py_ctrm_fcws.distri_40,base.py,py_ctrm_fcws.state_py_4
cit_911,911,COL.ESPERANZA,py_ctrm_fcws.distri_40,base.py,py_ctrm_fcws.state_py_4
cit_912,912,COL.SAN BLAS,py_ctrm_fcws.distri_40,base.py,py_ctrm_fcws.state_py_4
cit_913,913,COOP.BELLA HORIZONTE,py_ctrm_fcws.distri_40,base.py,py_ctrm_fcws.state_py_4
cit_914,914,COSTA ELENA,py_ctrm_fcws.distri_40,base.py,py_ctrm_fcws.state_py_4
cit_915,915,ESTANCIA ZENDA I,py_ctrm_fcws.distri_40,base.py,py_ctrm_fcws.state_py_4
cit_916,916,FRANCO COSTA,py_ctrm_fcws.distri_40,base.py,py_ctrm_fcws.state_py_4
cit_917,917,JHAGUE COSTA,py_ctrm_fcws.distri_40,base.py,py_ctrm_fcws.state_py_4
cit_918,918,JUGUA CIMIENTO,py_ctrm_fcws.distri_40,base.py,py_ctrm_fcws.state_py_4
cit_919,919,LAGUNA,py_ctrm_fcws.distri_40,base.py,py_ctrm_fcws.state_py_4
cit_920,920,LALA,py_ctrm_fcws.distri_40,base.py,py_ctrm_fcws.state_py_4
cit_921,921,LOMA CLAVEL,py_ctrm_fcws.distri_40,base.py,py_ctrm_fcws.state_py_4
cit_922,922,LOMA VALENTINA,py_ctrm_fcws.distri_40,base.py,py_ctrm_fcws.state_py_4
cit_923,923,MBOCAYATY,py_ctrm_fcws.distri_40,base.py,py_ctrm_fcws.state_py_4
cit_924,924,MONTIEL,py_ctrm_fcws.distri_40,base.py,py_ctrm_fcws.state_py_4
cit_925,925,PASO TRANQUERA,py_ctrm_fcws.distri_40,base.py,py_ctrm_fcws.state_py_4
cit_926,926,PIRATY,py_ctrm_fcws.distri_40,base.py,py_ctrm_fcws.state_py_4
cit_927,927,PUENTE YACA,py_ctrm_fcws.distri_40,base.py,py_ctrm_fcws.state_py_4
cit_928,928,PUESTO MONTIEL,py_ctrm_fcws.distri_40,base.py,py_ctrm_fcws.state_py_4
cit_929,929,PUESTO SAC,py_ctrm_fcws.distri_40,base.py,py_ctrm_fcws.state_py_4
cit_930,930,SAN MARCOS,py_ctrm_fcws.distri_40,base.py,py_ctrm_fcws.state_py_4
cit_931,931,SAN ROQUE,py_ctrm_fcws.distri_40,base.py,py_ctrm_fcws.state_py_4
cit_932,932,SANTA ELENA (MUNICIPIO),py_ctrm_fcws.distri_40,base.py,py_ctrm_fcws.state_py_4
cit_932,932,SANTA ELENA (MUNICIPIO),py_ctrm_fcws.distri_40,base.py,py_ctrm_fcws.state_py_4
cit_933,933,TOROPI HUGUA,py_ctrm_fcws.distri_40,base.py,py_ctrm_fcws.state_py_4
cit_2059,2059,TOROPI LOMA,py_ctrm_fcws.distri_40,base.py,py_ctrm_fcws.state_py_4
cit_2060,2060,YBYRAGUY ESTERO,py_ctrm_fcws.distri_40,base.py,py_ctrm_fcws.state_py_4
cit_2061,2061,YCUPA PORA,py_ctrm_fcws.distri_40,base.py,py_ctrm_fcws.state_py_4
cit_2062,2062,TOBATI,py_ctrm_fcws.distri_41,base.py,py_ctrm_fcws.state_py_4
cit_2062,2062,TOBATI,py_ctrm_fcws.distri_41,base.py,py_ctrm_fcws.state_py_4
cit_2062,2062,TOBATI,py_ctrm_fcws.distri_41,base.py,py_ctrm_fcws.state_py_4
cit_2062,2062,TOBATI,py_ctrm_fcws.distri_41,base.py,py_ctrm_fcws.state_py_4
cit_2062,2062,TOBATI,py_ctrm_fcws.distri_41,base.py,py_ctrm_fcws.state_py_4
cit_2062,2062,TOBATI,py_ctrm_fcws.distri_41,base.py,py_ctrm_fcws.state_py_4
cit_2062,2062,TOBATI,py_ctrm_fcws.distri_41,base.py,py_ctrm_fcws.state_py_4
cit_2062,2062,TOBATI,py_ctrm_fcws.distri_41,base.py,py_ctrm_fcws.state_py_4
cit_2062,2062,TOBATI,py_ctrm_fcws.distri_41,base.py,py_ctrm_fcws.state_py_4
cit_2062,2062,TOBATI,py_ctrm_fcws.distri_41,base.py,py_ctrm_fcws.state_py_4
cit_2062,2062,TOBATI,py_ctrm_fcws.distri_41,base.py,py_ctrm_fcws.state_py_4
cit_2062,2062,TOBATI,py_ctrm_fcws.distri_41,base.py,py_ctrm_fcws.state_py_4
cit_2062,2062,TOBATI,py_ctrm_fcws.distri_41,base.py,py_ctrm_fcws.state_py_4
cit_2063,2063,21 DE junio,py_ctrm_fcws.distri_41,base.py,py_ctrm_fcws.state_py_4
cit_2064,2064,APARYbase.py,py_ctrm_fcws.distri_41,base.py,py_ctrm_fcws.state_py_4
cit_2065,2065,ARROZAL 21,py_ctrm_fcws.distri_41,base.py,py_ctrm_fcws.state_py_4
cit_2066,2066,COSTA ALEGRE,py_ctrm_fcws.distri_41,base.py,py_ctrm_fcws.state_py_4
cit_2067,2067,ENSENADA,py_ctrm_fcws.distri_41,base.py,py_ctrm_fcws.state_py_4
cit_2068,2068,ESTANCIA AMARILLA,py_ctrm_fcws.distri_41,base.py,py_ctrm_fcws.state_py_4
cit_2069,2069,ESTANCIA FLORIDA,py_ctrm_fcws.distri_41,base.py,py_ctrm_fcws.state_py_4
cit_2070,2070,ESTANCIA INVERNADA,py_ctrm_fcws.distri_41,base.py,py_ctrm_fcws.state_py_4
cit_2071,2071,ESTANCIA LOZA,py_ctrm_fcws.distri_41,base.py,py_ctrm_fcws.state_py_4
cit_2072,2072,ESTANCIA MORAGA CUE,py_ctrm_fcws.distri_41,base.py,py_ctrm_fcws.state_py_4
cit_2073,2073,ESTANCIA SANTA MARIA,py_ctrm_fcws.distri_41,base.py,py_ctrm_fcws.state_py_4
cit_2074,2074,ISLA FLORIDA,py_ctrm_fcws.distri_41,base.py,py_ctrm_fcws.state_py_4
cit_2075,2075,ISLA GUAZU,py_ctrm_fcws.distri_41,base.py,py_ctrm_fcws.state_py_4
cit_2076,2076,JHOYBATY,py_ctrm_fcws.distri_41,base.py,py_ctrm_fcws.state_py_4
cit_2077,2077,LOMA VERDE,py_ctrm_fcws.distri_41,base.py,py_ctrm_fcws.state_py_4
cit_2078,2078,MOMPOX,py_ctrm_fcws.distri_41,base.py,py_ctrm_fcws.state_py_4
cit_2079,2079,PEDRO JUAN CABALLERO,py_ctrm_fcws.distri_41,base.py,py_ctrm_fcws.state_py_4
cit_2080,2080,POTRERO,py_ctrm_fcws.distri_41,base.py,py_ctrm_fcws.state_py_4
cit_2081,2081,RETIRO SIMEON,py_ctrm_fcws.distri_41,base.py,py_ctrm_fcws.state_py_4
cit_2082,2082,ROSADO RUGUA,py_ctrm_fcws.distri_41,base.py,py_ctrm_fcws.state_py_4
cit_2083,2083,SAN JOSE,py_ctrm_fcws.distri_41,base.py,py_ctrm_fcws.state_py_4
cit_2084,2084,SANTA RECALIA,py_ctrm_fcws.distri_41,base.py,py_ctrm_fcws.state_py_4
cit_2085,2085,SANTA ROSA,py_ctrm_fcws.distri_41,base.py,py_ctrm_fcws.state_py_4
cit_2086,2086,VILLA LAS MERCEDES,py_ctrm_fcws.distri_41,base.py,py_ctrm_fcws.state_py_4
cit_2087,2087,VALENZUELA,py_ctrm_fcws.distri_42,base.py,py_ctrm_fcws.state_py_4
cit_2088,2088,CANGIO FLECHA,py_ctrm_fcws.distri_42,base.py,py_ctrm_fcws.state_py_4
cit_2089,2089,CERRO,py_ctrm_fcws.distri_42,base.py,py_ctrm_fcws.state_py_4
cit_2090,2090,CERRO PER,py_ctrm_fcws.distri_42,base.py,py_ctrm_fcws.state_py_4
cit_2091,2091,COL.STICA,py_ctrm_fcws.distri_42,base.py,py_ctrm_fcws.state_py_4
cit_2092,2092,COL.TTE.E.MONTANIA,py_ctrm_fcws.distri_42,base.py,py_ctrm_fcws.state_py_4
cit_2093,2093,CURUPAYTY,py_ctrm_fcws.distri_42,base.py,py_ctrm_fcws.state_py_4
cit_2094,2094,ESTANCIA LLAMOSAS,py_ctrm_fcws.distri_42,base.py,py_ctrm_fcws.state_py_4
cit_2095,2095,GRAL.DIAZ,py_ctrm_fcws.distri_42,base.py,py_ctrm_fcws.state_py_4
cit_2096,2096,GUAZU CUA,py_ctrm_fcws.distri_42,base.py,py_ctrm_fcws.state_py_4
cit_2097,2097,ITA MOROTI,py_ctrm_fcws.distri_42,base.py,py_ctrm_fcws.state_py_4
cit_2098,2098,LOMA JHOVY,py_ctrm_fcws.distri_42,base.py,py_ctrm_fcws.state_py_4
cit_2099,2099,LOMA VERDE,py_ctrm_fcws.distri_42,base.py,py_ctrm_fcws.state_py_4
cit_2100,2100,MCAL.LOPEZ,py_ctrm_fcws.distri_42,base.py,py_ctrm_fcws.state_py_4
cit_2101,2101,POTRERITO,py_ctrm_fcws.distri_42,base.py,py_ctrm_fcws.state_py_4
cit_2102,2102,POTRERO COCULTO,py_ctrm_fcws.distri_42,base.py,py_ctrm_fcws.state_py_4
cit_2103,2103,POTRERO PUCU,py_ctrm_fcws.distri_42,base.py,py_ctrm_fcws.state_py_4
cit_2104,2104,POTRERO YACAREY,py_ctrm_fcws.distri_42,base.py,py_ctrm_fcws.state_py_4
cit_2105,2105,ROA CUE,py_ctrm_fcws.distri_42,base.py,py_ctrm_fcws.state_py_4
cit_2106,2106,ROSADO CARAPE,py_ctrm_fcws.distri_42,base.py,py_ctrm_fcws.state_py_4
cit_2107,2107,ROSADO YBATE,py_ctrm_fcws.distri_42,base.py,py_ctrm_fcws.state_py_4
cit_2108,2108,SAN  FRANCISCO,py_ctrm_fcws.distri_42,base.py,py_ctrm_fcws.state_py_4
cit_2109,2109,TACUATY,py_ctrm_fcws.distri_42,base.py,py_ctrm_fcws.state_py_4
cit_2110,2110,VALENZUELA (MUNICIPIO),py_ctrm_fcws.distri_42,base.py,py_ctrm_fcws.state_py_4
cit_6298,6298,ÑU GUAZU,py_ctrm_fcws.distri_42,base.py,py_ctrm_fcws.state_py_4
cit_2111,2111,LOMA GRANDE,py_ctrm_fcws.distri_43,base.py,py_ctrm_fcws.state_py_4
cit_2111,2111,LOMA GRANDE,py_ctrm_fcws.distri_43,base.py,py_ctrm_fcws.state_py_4
cit_2111,2111,LOMA GRANDE,py_ctrm_fcws.distri_43,base.py,py_ctrm_fcws.state_py_4
cit_2111,2111,LOMA GRANDE,py_ctrm_fcws.distri_43,base.py,py_ctrm_fcws.state_py_4
cit_2112,2112,ALFONSO CENTRAL,py_ctrm_fcws.distri_43,base.py,py_ctrm_fcws.state_py_4
cit_2113,2113,ALFONSO TRANQUERA,py_ctrm_fcws.distri_43,base.py,py_ctrm_fcws.state_py_4
cit_2114,2114,ESTANCIA GAZORY,py_ctrm_fcws.distri_43,base.py,py_ctrm_fcws.state_py_4
cit_2115,2115,SAN ANTONIO,py_ctrm_fcws.distri_43,base.py,py_ctrm_fcws.state_py_4
cit_2116,2116,SAN ISIDRO,py_ctrm_fcws.distri_43,base.py,py_ctrm_fcws.state_py_4
cit_2117,2117,SAN JOSE OBRERO,py_ctrm_fcws.distri_43,base.py,py_ctrm_fcws.state_py_4
cit_2118,2118,SAN JUAN,py_ctrm_fcws.distri_43,base.py,py_ctrm_fcws.state_py_4
cit_2119,2119,SANTO DOMINGO,py_ctrm_fcws.distri_43,base.py,py_ctrm_fcws.state_py_4
cit_6299,6299,ESTANCIA SAN JOSE,py_ctrm_fcws.distri_43,base.py,py_ctrm_fcws.state_py_4
cit_6300,6300,TRES REYES,py_ctrm_fcws.distri_43,base.py,py_ctrm_fcws.state_py_4
cit_2132,2132,SAN JOSE OBRERO,py_ctrm_fcws.distri_44,base.py,py_ctrm_fcws.state_py_4
cit_2133,2133,CIA. ALFONSO TRANQUERA,py_ctrm_fcws.distri_44,base.py,py_ctrm_fcws.state_py_4
cit_2134,2134,EST. GAZORY,py_ctrm_fcws.distri_44,base.py,py_ctrm_fcws.state_py_4
cit_2135,2135,EST. LA JOSEFINA,py_ctrm_fcws.distri_44,base.py,py_ctrm_fcws.state_py_4
cit_2136,2136,EST. NANDY-PAY,py_ctrm_fcws.distri_44,base.py,py_ctrm_fcws.state_py_4
cit_2137,2137,ESTERO TOBATIRY,py_ctrm_fcws.distri_44,base.py,py_ctrm_fcws.state_py_4
cit_6303,6303,CIA. ALFONSO CENTRAL,py_ctrm_fcws.distri_44,base.py,py_ctrm_fcws.state_py_4
cit_2120,2120,BARRIO DEL CARMEN,py_ctrm_fcws.distri_214,base.py,py_ctrm_fcws.state_py_4
cit_2121,2121,CAMPO SMITH - KENNEDY,py_ctrm_fcws.distri_214,base.py,py_ctrm_fcws.state_py_4
cit_2122,2122,COL. ESPERANZA,py_ctrm_fcws.distri_214,base.py,py_ctrm_fcws.state_py_4
cit_2123,2123,COL. PIRAY,py_ctrm_fcws.distri_214,base.py,py_ctrm_fcws.state_py_4
cit_2124,2124,COL. SAN MARCOS,py_ctrm_fcws.distri_214,base.py,py_ctrm_fcws.state_py_4
cit_2125,2125,CIA.LLANES,py_ctrm_fcws.distri_214,base.py,py_ctrm_fcws.state_py_4
cit_2126,2126,CIA. RIO NEGRO,py_ctrm_fcws.distri_214,base.py,py_ctrm_fcws.state_py_4
cit_2127,2127,EST.KENNEDY,py_ctrm_fcws.distri_214,base.py,py_ctrm_fcws.state_py_4
cit_2128,2128,EST.SAN MARCOS,py_ctrm_fcws.distri_214,base.py,py_ctrm_fcws.state_py_4
cit_2129,2129,ESTERO LAGUNA PERO,py_ctrm_fcws.distri_214,base.py,py_ctrm_fcws.state_py_4
cit_2130,2130,ESTERO PE,py_ctrm_fcws.distri_214,base.py,py_ctrm_fcws.state_py_4
cit_2131,2131,ESTERO YHAGUY,py_ctrm_fcws.distri_214,base.py,py_ctrm_fcws.state_py_4
cit_5891,5891,MBOCAYATY,py_ctrm_fcws.distri_214,base.py,py_ctrm_fcws.state_py_4
cit_6301,6301,COL. SAN BLAS,py_ctrm_fcws.distri_214,base.py,py_ctrm_fcws.state_py_4
cit_6302,6302,EST.SANTA LUCIA,py_ctrm_fcws.distri_214,base.py,py_ctrm_fcws.state_py_4
cit_2138,2138,BARRIO ESTACION,py_ctrm_fcws.distri_45,base.py,py_ctrm_fcws.state_py_5
cit_2139,2139,CAAZAPAMI,py_ctrm_fcws.distri_45,base.py,py_ctrm_fcws.state_py_5
cit_2140,2140,CAROVENI NUEVO,py_ctrm_fcws.distri_45,base.py,py_ctrm_fcws.state_py_5
cit_2141,2141,CAROVENI VIEJO,py_ctrm_fcws.distri_45,base.py,py_ctrm_fcws.state_py_5
cit_2142,2142,CAÑADA,py_ctrm_fcws.distri_45,base.py,py_ctrm_fcws.state_py_5
cit_2143,2143,CERRO PELADO,py_ctrm_fcws.distri_45,base.py,py_ctrm_fcws.state_py_5
cit_2144,2144,COL. 14 DE MAYO,py_ctrm_fcws.distri_45,base.py,py_ctrm_fcws.state_py_5
cit_2145,2145,COSTA ESPINILLO,py_ctrm_fcws.distri_45,base.py,py_ctrm_fcws.state_py_5
cit_2146,2146,DOÑA JUANA,py_ctrm_fcws.distri_45,base.py,py_ctrm_fcws.state_py_5
cit_2147,2147,ESTACION STA.MARIA Y SAN PABLO,py_ctrm_fcws.distri_45,base.py,py_ctrm_fcws.state_py_5
cit_2148,2148,ESTACION STORN,py_ctrm_fcws.distri_45,base.py,py_ctrm_fcws.state_py_5
cit_2637,2637,ITA YBU,py_ctrm_fcws.distri_45,base.py,py_ctrm_fcws.state_py_5
cit_2638,2638,LEMOS,py_ctrm_fcws.distri_45,base.py,py_ctrm_fcws.state_py_5
cit_2639,2639,LOMA SAN FRANCISCO,py_ctrm_fcws.distri_45,base.py,py_ctrm_fcws.state_py_5
cit_2640,2640,LOMA VALENTINA,py_ctrm_fcws.distri_45,base.py,py_ctrm_fcws.state_py_5
cit_2641,2641,MBOPICUA,py_ctrm_fcws.distri_45,base.py,py_ctrm_fcws.state_py_5
cit_2642,2642,PERULERO,py_ctrm_fcws.distri_45,base.py,py_ctrm_fcws.state_py_5
cit_2643,2643,PISADERA,py_ctrm_fcws.distri_45,base.py,py_ctrm_fcws.state_py_5
cit_2644,2644,POLILLA,py_ctrm_fcws.distri_45,base.py,py_ctrm_fcws.state_py_5
cit_2645,2645,POTRERITO,py_ctrm_fcws.distri_45,base.py,py_ctrm_fcws.state_py_5
cit_2646,2646,POTRERO BAEZ,py_ctrm_fcws.distri_45,base.py,py_ctrm_fcws.state_py_5
cit_2647,2647,POTRERO ISLA,py_ctrm_fcws.distri_45,base.py,py_ctrm_fcws.state_py_5
cit_2648,2648,PUNTA CUPE,py_ctrm_fcws.distri_45,base.py,py_ctrm_fcws.state_py_5
cit_2649,2649,RINCON,py_ctrm_fcws.distri_45,base.py,py_ctrm_fcws.state_py_5
cit_2650,2650,ROSADO,py_ctrm_fcws.distri_45,base.py,py_ctrm_fcws.state_py_5
cit_2651,2651,SAMBARI,py_ctrm_fcws.distri_45,base.py,py_ctrm_fcws.state_py_5
cit_2652,2652,SAN FRANCISCO POTRERO,py_ctrm_fcws.distri_45,base.py,py_ctrm_fcws.state_py_5
cit_2653,2653,SAN MIGUEL,py_ctrm_fcws.distri_45,base.py,py_ctrm_fcws.state_py_5
cit_2654,2654,SANTA LUCIA,py_ctrm_fcws.distri_45,base.py,py_ctrm_fcws.state_py_5
cit_2655,2655,TUYUTI GUAZU,py_ctrm_fcws.distri_45,base.py,py_ctrm_fcws.state_py_5
cit_2656,2656,TUYUTI MI,py_ctrm_fcws.distri_45,base.py,py_ctrm_fcws.state_py_5
cit_2657,2657,VILLARRICA,py_ctrm_fcws.distri_45,base.py,py_ctrm_fcws.state_py_5
cit_2657,2657,VILLARRICA,py_ctrm_fcws.distri_45,base.py,py_ctrm_fcws.state_py_5
cit_2657,2657,VILLARRICA,py_ctrm_fcws.distri_45,base.py,py_ctrm_fcws.state_py_5
cit_2657,2657,VILLARRICA,py_ctrm_fcws.distri_45,base.py,py_ctrm_fcws.state_py_5
cit_2657,2657,VILLARRICA,py_ctrm_fcws.distri_45,base.py,py_ctrm_fcws.state_py_5
cit_2657,2657,VILLARRICA,py_ctrm_fcws.distri_45,base.py,py_ctrm_fcws.state_py_5
cit_2657,2657,VILLARRICA,py_ctrm_fcws.distri_45,base.py,py_ctrm_fcws.state_py_5
cit_2657,2657,VILLARRICA,py_ctrm_fcws.distri_45,base.py,py_ctrm_fcws.state_py_5
cit_2658,2658,YBAROTY,py_ctrm_fcws.distri_45,base.py,py_ctrm_fcws.state_py_5
cit_2659,2659,YJHOBY,py_ctrm_fcws.distri_45,base.py,py_ctrm_fcws.state_py_5
cit_2660,2660,YTORORO,py_ctrm_fcws.distri_45,base.py,py_ctrm_fcws.state_py_5
cit_2661,2661,ÑU MBYTE,py_ctrm_fcws.distri_45,base.py,py_ctrm_fcws.state_py_5
cit_6304,6304,VILLARRICA,py_ctrm_fcws.distri_45,base.py,py_ctrm_fcws.state_py_5
cit_6305,6305,CASCO RINCON,py_ctrm_fcws.distri_45,base.py,py_ctrm_fcws.state_py_5
cit_6306,6306,ESPINILLO,py_ctrm_fcws.distri_45,base.py,py_ctrm_fcws.state_py_5
cit_2662,2662,SAN SALVADOR,py_ctrm_fcws.distri_46,base.py,py_ctrm_fcws.state_py_5
cit_2663,2663,ESTACION LOS PINOS,py_ctrm_fcws.distri_46,base.py,py_ctrm_fcws.state_py_5
cit_2664,2664,ESTACION VERTOLO,py_ctrm_fcws.distri_46,base.py,py_ctrm_fcws.state_py_5
cit_2665,2665,ISLA VALLE,py_ctrm_fcws.distri_46,base.py,py_ctrm_fcws.state_py_5
cit_2666,2666,ITACURUBI,py_ctrm_fcws.distri_46,base.py,py_ctrm_fcws.state_py_5
cit_2667,2667,LOMA GUAZU,py_ctrm_fcws.distri_46,base.py,py_ctrm_fcws.state_py_5
cit_2668,2668,POTRERO ROBLEDO,py_ctrm_fcws.distri_46,base.py,py_ctrm_fcws.state_py_5
cit_2669,2669,SAN RAFAEL,py_ctrm_fcws.distri_46,base.py,py_ctrm_fcws.state_py_5
cit_2670,2670,SAN SALVADOR,py_ctrm_fcws.distri_46,base.py,py_ctrm_fcws.state_py_5
cit_2671,2671,TRANQUERA CUE,py_ctrm_fcws.distri_46,base.py,py_ctrm_fcws.state_py_5
cit_2672,2672,YHACA MI,py_ctrm_fcws.distri_46,base.py,py_ctrm_fcws.state_py_5
cit_2673,2673,YUQUERY,py_ctrm_fcws.distri_46,base.py,py_ctrm_fcws.state_py_5
cit_2674,2674,BORJA,py_ctrm_fcws.distri_47,base.py,py_ctrm_fcws.state_py_5
cit_2675,2675,20 DE junio,py_ctrm_fcws.distri_47,base.py,py_ctrm_fcws.state_py_5
cit_2676,2676,BOQUERON,py_ctrm_fcws.distri_47,base.py,py_ctrm_fcws.state_py_5
cit_2677,2677,BORJA,py_ctrm_fcws.distri_47,base.py,py_ctrm_fcws.state_py_5
cit_2678,2678,COL. SAN ANTONIO,py_ctrm_fcws.distri_47,base.py,py_ctrm_fcws.state_py_5
cit_2679,2679,CORDILLERA,py_ctrm_fcws.distri_47,base.py,py_ctrm_fcws.state_py_5
cit_2680,2680,COSTA JHU,py_ctrm_fcws.distri_47,base.py,py_ctrm_fcws.state_py_5
cit_2681,2681,COSTEADA ÑU PUAJHU,py_ctrm_fcws.distri_47,base.py,py_ctrm_fcws.state_py_5
cit_2682,2682,ESTACION ARTURO OVIEDO,py_ctrm_fcws.distri_47,base.py,py_ctrm_fcws.state_py_5
cit_2683,2683,ESTACION ACOSTA,py_ctrm_fcws.distri_47,base.py,py_ctrm_fcws.state_py_5
cit_2684,2684,ESTACION PAI SANTA CRUZ,py_ctrm_fcws.distri_47,base.py,py_ctrm_fcws.state_py_5
cit_2685,2685,ESTACION SAN ANTONIO,py_ctrm_fcws.distri_47,base.py,py_ctrm_fcws.state_py_5
cit_2686,2686,ESTANCIA HORTENSIS,py_ctrm_fcws.distri_47,base.py,py_ctrm_fcws.state_py_5
cit_2687,2687,ESTANCION FERNANDEZ,py_ctrm_fcws.distri_47,base.py,py_ctrm_fcws.state_py_5
cit_2688,2688,ISLA ALTA,py_ctrm_fcws.distri_47,base.py,py_ctrm_fcws.state_py_5
cit_2689,2689,ISLA GUAZU,py_ctrm_fcws.distri_47,base.py,py_ctrm_fcws.state_py_5
cit_2690,2690,LOMAI,py_ctrm_fcws.distri_47,base.py,py_ctrm_fcws.state_py_5
cit_2691,2691,MACARRO,py_ctrm_fcws.distri_47,base.py,py_ctrm_fcws.state_py_5
cit_2692,2692,PADRE A. MOLAS,py_ctrm_fcws.distri_47,base.py,py_ctrm_fcws.state_py_5
cit_2693,2693,PASO CUE,py_ctrm_fcws.distri_47,base.py,py_ctrm_fcws.state_py_5
cit_2694,2694,RINCON,py_ctrm_fcws.distri_47,base.py,py_ctrm_fcws.state_py_5
cit_2695,2695,ROJAS JUGUA,py_ctrm_fcws.distri_47,base.py,py_ctrm_fcws.state_py_5
cit_2696,2696,TEBICUARY COSTA,py_ctrm_fcws.distri_47,base.py,py_ctrm_fcws.state_py_5
cit_2697,2697,TEY-I CUE,py_ctrm_fcws.distri_47,base.py,py_ctrm_fcws.state_py_5
cit_2698,2698,VALLE PE,py_ctrm_fcws.distri_47,base.py,py_ctrm_fcws.state_py_5
cit_2699,2699,VALLE - I,py_ctrm_fcws.distri_47,base.py,py_ctrm_fcws.state_py_5
cit_2700,2700,YEGUARIZO,py_ctrm_fcws.distri_47,base.py,py_ctrm_fcws.state_py_5
cit_2701,2701,YHACA GUAZU,py_ctrm_fcws.distri_47,base.py,py_ctrm_fcws.state_py_5
cit_2702,2702,ZACARIAS - I,py_ctrm_fcws.distri_47,base.py,py_ctrm_fcws.state_py_5
cit_2703,2703,ZACARIAS GUAZU,py_ctrm_fcws.distri_47,base.py,py_ctrm_fcws.state_py_5
cit_2704,2704,ÑU PUAJHU,py_ctrm_fcws.distri_47,base.py,py_ctrm_fcws.state_py_5
cit_2705,2705,INDEPENDENCIA (R.D.MELGAREJO),py_ctrm_fcws.distri_48,base.py,py_ctrm_fcws.state_py_5
cit_2706,2706,ARROYO ARA,py_ctrm_fcws.distri_48,base.py,py_ctrm_fcws.state_py_5
cit_2707,2707,CALLE ALTA,py_ctrm_fcws.distri_48,base.py,py_ctrm_fcws.state_py_5
cit_2708,2708,CALLE DOS MIL,py_ctrm_fcws.distri_48,base.py,py_ctrm_fcws.state_py_5
cit_2709,2709,CALLE MIL,py_ctrm_fcws.distri_48,base.py,py_ctrm_fcws.state_py_5
cit_2710,2710,CAMPITO,py_ctrm_fcws.distri_48,base.py,py_ctrm_fcws.state_py_5
cit_2711,2711,CAMPO LEGAL,py_ctrm_fcws.distri_48,base.py,py_ctrm_fcws.state_py_5
cit_2712,2712,CAPII,py_ctrm_fcws.distri_48,base.py,py_ctrm_fcws.state_py_5
cit_2713,2713,CARLOS PFANNLL,py_ctrm_fcws.distri_48,base.py,py_ctrm_fcws.state_py_5
cit_2714,2714,CERRITO,py_ctrm_fcws.distri_48,base.py,py_ctrm_fcws.state_py_5
cit_2715,2715,CERRO CORA,py_ctrm_fcws.distri_48,base.py,py_ctrm_fcws.state_py_5
cit_2716,2716,CERRO LEON,py_ctrm_fcws.distri_48,base.py,py_ctrm_fcws.state_py_5
cit_2717,2717,COL. INDEPENDENCIA,py_ctrm_fcws.distri_48,base.py,py_ctrm_fcws.state_py_5
cit_2718,2718,CURUZUPE,py_ctrm_fcws.distri_48,base.py,py_ctrm_fcws.state_py_5
cit_2719,2719,GUAJHO,py_ctrm_fcws.distri_48,base.py,py_ctrm_fcws.state_py_5
cit_2720,2720,ITA AZUL,py_ctrm_fcws.distri_48,base.py,py_ctrm_fcws.state_py_5
cit_2721,2721,MAINUMBY,py_ctrm_fcws.distri_48,base.py,py_ctrm_fcws.state_py_5
cit_2722,2722,MAYOR CUE,py_ctrm_fcws.distri_48,base.py,py_ctrm_fcws.state_py_5
cit_2723,2723,PALÑETEY,py_ctrm_fcws.distri_48,base.py,py_ctrm_fcws.state_py_5
cit_2724,2724,PFANNLL,py_ctrm_fcws.distri_48,base.py,py_ctrm_fcws.state_py_5
cit_2725,2725,PLANTA,py_ctrm_fcws.distri_48,base.py,py_ctrm_fcws.state_py_5
cit_2726,2726,PLANTA URBANA,py_ctrm_fcws.distri_48,base.py,py_ctrm_fcws.state_py_5
cit_2727,2727,POT.BLANCO-2 3 4 5 6 7 8 LINEA,py_ctrm_fcws.distri_48,base.py,py_ctrm_fcws.state_py_5
cit_2728,2728,PRIMAVERA,py_ctrm_fcws.distri_48,base.py,py_ctrm_fcws.state_py_5
cit_2729,2729,PUNTA,py_ctrm_fcws.distri_48,base.py,py_ctrm_fcws.state_py_5
cit_2730,2730,PUNTA CHACHI,py_ctrm_fcws.distri_48,base.py,py_ctrm_fcws.state_py_5
cit_2731,2731,RANCHO CAZADOR,py_ctrm_fcws.distri_48,base.py,py_ctrm_fcws.state_py_5
cit_2732,2732,SAN ANTONIO,py_ctrm_fcws.distri_48,base.py,py_ctrm_fcws.state_py_5
cit_2733,2733,SAN GERVASIO,py_ctrm_fcws.distri_48,base.py,py_ctrm_fcws.state_py_5
cit_2734,2734,SAN ROQUE ( CALLE ),py_ctrm_fcws.distri_48,base.py,py_ctrm_fcws.state_py_5
cit_2735,2735,SANTA CATALINA,py_ctrm_fcws.distri_48,base.py,py_ctrm_fcws.state_py_5
cit_2736,2736,SANTA CECILIA,py_ctrm_fcws.distri_48,base.py,py_ctrm_fcws.state_py_5
cit_2737,2737,SANTO DOMINGO,py_ctrm_fcws.distri_48,base.py,py_ctrm_fcws.state_py_5
cit_2738,2738,TERCERA FRACCION,py_ctrm_fcws.distri_48,base.py,py_ctrm_fcws.state_py_5
cit_2739,2739,VISTA ALEGRE,py_ctrm_fcws.distri_48,base.py,py_ctrm_fcws.state_py_5
cit_2740,2740,ZORRILLA,py_ctrm_fcws.distri_48,base.py,py_ctrm_fcws.state_py_5
cit_2741,2741,GRAL.EUGENIO A. GARAY,py_ctrm_fcws.distri_49,base.py,py_ctrm_fcws.state_py_5
cit_2741,2741,GRAL.EUGENIO A. GARAY,py_ctrm_fcws.distri_49,base.py,py_ctrm_fcws.state_py_5
cit_2741,2741,GRAL.EUGENIO A. GARAY,py_ctrm_fcws.distri_49,base.py,py_ctrm_fcws.state_py_5
cit_2741,2741,GRAL.EUGENIO A. GARAY,py_ctrm_fcws.distri_49,base.py,py_ctrm_fcws.state_py_5
cit_2741,2741,GRAL.EUGENIO A. GARAY,py_ctrm_fcws.distri_49,base.py,py_ctrm_fcws.state_py_5
cit_2741,2741,GRAL.EUGENIO A. GARAY,py_ctrm_fcws.distri_49,base.py,py_ctrm_fcws.state_py_5
cit_2742,2742,BENITO CUE,py_ctrm_fcws.distri_49,base.py,py_ctrm_fcws.state_py_5
cit_2743,2743,CIERVO CUA GUAZU,py_ctrm_fcws.distri_49,base.py,py_ctrm_fcws.state_py_5
cit_2744,2744,CIERVO CUA MI,py_ctrm_fcws.distri_49,base.py,py_ctrm_fcws.state_py_5
cit_2745,2745,FLORIDO,py_ctrm_fcws.distri_49,base.py,py_ctrm_fcws.state_py_5
cit_2746,2746,GRAL. E. A. GARAY,py_ctrm_fcws.distri_49,base.py,py_ctrm_fcws.state_py_5
cit_2747,2747,KILOMETRO 26,py_ctrm_fcws.distri_49,base.py,py_ctrm_fcws.state_py_5
cit_2748,2748,KILOMETRO 29,py_ctrm_fcws.distri_49,base.py,py_ctrm_fcws.state_py_5
cit_2749,2749,KYRAYTY,py_ctrm_fcws.distri_49,base.py,py_ctrm_fcws.state_py_5
cit_2750,2750,POTRERO JHU,py_ctrm_fcws.distri_49,base.py,py_ctrm_fcws.state_py_5
cit_2751,2751,ROQUE G. DE SANTA CRUZ,py_ctrm_fcws.distri_49,base.py,py_ctrm_fcws.state_py_5
cit_2752,2752,SAN BLAS,py_ctrm_fcws.distri_49,base.py,py_ctrm_fcws.state_py_5
cit_2753,2753,SAN JOSE,py_ctrm_fcws.distri_49,base.py,py_ctrm_fcws.state_py_5
cit_2754,2754,SAN PATRICIO,py_ctrm_fcws.distri_49,base.py,py_ctrm_fcws.state_py_5
cit_2755,2755,SANTA CATALINA,py_ctrm_fcws.distri_49,base.py,py_ctrm_fcws.state_py_5
cit_2756,2756,YATE - I,py_ctrm_fcws.distri_49,base.py,py_ctrm_fcws.state_py_5
cit_2757,2757,YOHERE,py_ctrm_fcws.distri_49,base.py,py_ctrm_fcws.state_py_5
cit_2758,2758,ÑANDU CUA - I,py_ctrm_fcws.distri_49,base.py,py_ctrm_fcws.state_py_5
cit_2759,2759,ÑU PUAJHU - MI,py_ctrm_fcws.distri_49,base.py,py_ctrm_fcws.state_py_5
cit_6334,6334,POTRERO YBATE,py_ctrm_fcws.distri_49,base.py,py_ctrm_fcws.state_py_5
cit_6335,6335,SAN ROQUE,py_ctrm_fcws.distri_49,base.py,py_ctrm_fcws.state_py_5
cit_6336,6336,ÑANDU CUA,py_ctrm_fcws.distri_49,base.py,py_ctrm_fcws.state_py_5
cit_2760,2760,CNEL. MARTINEZ,py_ctrm_fcws.distri_50,base.py,py_ctrm_fcws.state_py_5
cit_2761,2761,ARECO,py_ctrm_fcws.distri_50,base.py,py_ctrm_fcws.state_py_5
cit_2762,2762,ARROYITO,py_ctrm_fcws.distri_50,base.py,py_ctrm_fcws.state_py_5
cit_2763,2763,CAPELLAN CARDOZO,py_ctrm_fcws.distri_50,base.py,py_ctrm_fcws.state_py_5
cit_2764,2764,CHACRA NORTE,py_ctrm_fcws.distri_50,base.py,py_ctrm_fcws.state_py_5
cit_2765,2765,CHACRA SUR,py_ctrm_fcws.distri_50,base.py,py_ctrm_fcws.state_py_5
cit_2766,2766,CORONEL MARTINEZ,py_ctrm_fcws.distri_50,base.py,py_ctrm_fcws.state_py_5
cit_2767,2767,COSTA - I,py_ctrm_fcws.distri_50,base.py,py_ctrm_fcws.state_py_5
cit_2768,2768,COSTA BARRIOS,py_ctrm_fcws.distri_50,base.py,py_ctrm_fcws.state_py_5
cit_2769,2769,ESTACION COLONIA - I,py_ctrm_fcws.distri_50,base.py,py_ctrm_fcws.state_py_5
cit_2770,2770,ESTANCIA FORTEZA,py_ctrm_fcws.distri_50,base.py,py_ctrm_fcws.state_py_5
cit_2771,2771,ESTANCIA JESUS,py_ctrm_fcws.distri_50,base.py,py_ctrm_fcws.state_py_5
cit_2772,2772,FERREIRAS,py_ctrm_fcws.distri_50,base.py,py_ctrm_fcws.state_py_5
cit_2773,2773,LOMA PINDO,py_ctrm_fcws.distri_50,base.py,py_ctrm_fcws.state_py_5
cit_2774,2774,MONGES JHUGUA,py_ctrm_fcws.distri_50,base.py,py_ctrm_fcws.state_py_5
cit_2775,2775,POTRERO VILLER,py_ctrm_fcws.distri_50,base.py,py_ctrm_fcws.state_py_5
cit_2776,2776,TTE. BOGADO,py_ctrm_fcws.distri_50,base.py,py_ctrm_fcws.state_py_5
cit_6337,6337,AZUC.PARAG.(AZUCARERA PARANA),py_ctrm_fcws.distri_50,base.py,py_ctrm_fcws.state_py_5
cit_6338,6338,ESTACION FORTALEZA,py_ctrm_fcws.distri_50,base.py,py_ctrm_fcws.state_py_5
cit_6339,6339,MONGES PASO,py_ctrm_fcws.distri_50,base.py,py_ctrm_fcws.state_py_5
cit_2777,2777,JOSE FASSARDI,py_ctrm_fcws.distri_51,base.py,py_ctrm_fcws.state_py_5
cit_2778,2778,1RO. DE MARZO,py_ctrm_fcws.distri_51,base.py,py_ctrm_fcws.state_py_5
cit_2779,2779,CAGUARE-I,py_ctrm_fcws.distri_51,base.py,py_ctrm_fcws.state_py_5
cit_2780,2780,CAÑADA TAPY-I,py_ctrm_fcws.distri_51,base.py,py_ctrm_fcws.state_py_5
cit_2781,2781,FASSARDI,py_ctrm_fcws.distri_51,base.py,py_ctrm_fcws.state_py_5
cit_2782,2782,KILOMETRO 13,py_ctrm_fcws.distri_51,base.py,py_ctrm_fcws.state_py_5
cit_2783,2783,KILOMETRO 3,py_ctrm_fcws.distri_51,base.py,py_ctrm_fcws.state_py_5
cit_2784,2784,KILOMETRO 31,py_ctrm_fcws.distri_51,base.py,py_ctrm_fcws.state_py_5
cit_2785,2785,KILOMETRO 35,py_ctrm_fcws.distri_51,base.py,py_ctrm_fcws.state_py_5
cit_2786,2786,KILOMETRO 36,py_ctrm_fcws.distri_51,base.py,py_ctrm_fcws.state_py_5
cit_2787,2787,PALMITO,py_ctrm_fcws.distri_51,base.py,py_ctrm_fcws.state_py_5
cit_2788,2788,SAN AGUSTIN,py_ctrm_fcws.distri_51,base.py,py_ctrm_fcws.state_py_5
cit_2789,2789,SAN ANTONIO,py_ctrm_fcws.distri_51,base.py,py_ctrm_fcws.state_py_5
cit_2790,2790,SAN ROQUE,py_ctrm_fcws.distri_51,base.py,py_ctrm_fcws.state_py_5
cit_2791,2791,SANTA ANA,py_ctrm_fcws.distri_51,base.py,py_ctrm_fcws.state_py_5
cit_2792,2792,SANTA ROSA,py_ctrm_fcws.distri_51,base.py,py_ctrm_fcws.state_py_5
cit_2793,2793,TAJHY-I,py_ctrm_fcws.distri_51,base.py,py_ctrm_fcws.state_py_5
cit_2794,2794,ÑU PUAJHU - MI,py_ctrm_fcws.distri_51,base.py,py_ctrm_fcws.state_py_5
cit_6340,6340,AMAMBAY,py_ctrm_fcws.distri_51,base.py,py_ctrm_fcws.state_py_5
cit_6341,6341,KILOMETRO 17,py_ctrm_fcws.distri_51,base.py,py_ctrm_fcws.state_py_5
cit_6342,6342,LOTE-I,py_ctrm_fcws.distri_51,base.py,py_ctrm_fcws.state_py_5
cit_6343,6343,SAN PABLO,py_ctrm_fcws.distri_51,base.py,py_ctrm_fcws.state_py_5
cit_6344,6344,ÑU PUAJHU,py_ctrm_fcws.distri_51,base.py,py_ctrm_fcws.state_py_5
cit_2795,2795,FELIX PEREZ CARDOZO,py_ctrm_fcws.distri_52,base.py,py_ctrm_fcws.state_py_5
cit_2796,2796,AQUINO COSTA,py_ctrm_fcws.distri_52,base.py,py_ctrm_fcws.state_py_5
cit_2797,2797,BOMBILLA,py_ctrm_fcws.distri_52,base.py,py_ctrm_fcws.state_py_5
cit_2798,2798,CERRITO,py_ctrm_fcws.distri_52,base.py,py_ctrm_fcws.state_py_5
cit_2799,2799,COCUERE GUAZU,py_ctrm_fcws.distri_52,base.py,py_ctrm_fcws.state_py_5
cit_2800,2800,COSTA MERCADO,py_ctrm_fcws.distri_52,base.py,py_ctrm_fcws.state_py_5
cit_2801,2801,CUNDY,py_ctrm_fcws.distri_52,base.py,py_ctrm_fcws.state_py_5
cit_2802,2802,ESTACION COSTA,py_ctrm_fcws.distri_52,base.py,py_ctrm_fcws.state_py_5
cit_2803,2803,FELIX PEREZ CARDOZO,py_ctrm_fcws.distri_52,base.py,py_ctrm_fcws.state_py_5
cit_2804,2804,JHUGUA,py_ctrm_fcws.distri_52,base.py,py_ctrm_fcws.state_py_5
cit_2805,2805,POTRERO BENITEZ,py_ctrm_fcws.distri_52,base.py,py_ctrm_fcws.state_py_5
cit_2806,2806,POTRERO MELGAREJO,py_ctrm_fcws.distri_52,base.py,py_ctrm_fcws.state_py_5
cit_2807,2807,RANCHO SAN ANTONIO,py_ctrm_fcws.distri_52,base.py,py_ctrm_fcws.state_py_5
cit_2808,2808,TABAI,py_ctrm_fcws.distri_52,base.py,py_ctrm_fcws.state_py_5
cit_2809,2809,TORO,py_ctrm_fcws.distri_52,base.py,py_ctrm_fcws.state_py_5
cit_6345,6345,CAPILLA COSTA,py_ctrm_fcws.distri_52,base.py,py_ctrm_fcws.state_py_5
cit_2810,2810,MAURICIO JOSE TROCHE,py_ctrm_fcws.distri_53,base.py,py_ctrm_fcws.state_py_5
cit_2811,2811,C. FASSARDI,py_ctrm_fcws.distri_53,base.py,py_ctrm_fcws.state_py_5
cit_2812,2812,CERRO PUNTA,py_ctrm_fcws.distri_53,base.py,py_ctrm_fcws.state_py_5
cit_2813,2813,CIERVO CUA,py_ctrm_fcws.distri_53,base.py,py_ctrm_fcws.state_py_5
cit_2814,2814,COLEGIO COOPERATIVA,py_ctrm_fcws.distri_53,base.py,py_ctrm_fcws.state_py_5
cit_2815,2815,CORA GUAZU-1RA-2DA. CALLES,py_ctrm_fcws.distri_53,base.py,py_ctrm_fcws.state_py_5
cit_2816,2816,COSTA CABALLERO,py_ctrm_fcws.distri_53,base.py,py_ctrm_fcws.state_py_5
cit_2817,2817,COSTA PUCU,py_ctrm_fcws.distri_53,base.py,py_ctrm_fcws.state_py_5
cit_2818,2818,ITACURUBI,py_ctrm_fcws.distri_53,base.py,py_ctrm_fcws.state_py_5
cit_2819,2819,MAURICIO JOSE TROCHE,py_ctrm_fcws.distri_53,base.py,py_ctrm_fcws.state_py_5
cit_2819,2819,MAURICIO JOSE TROCHE,py_ctrm_fcws.distri_53,base.py,py_ctrm_fcws.state_py_5
cit_2819,2819,MAURICIO JOSE TROCHE,py_ctrm_fcws.distri_53,base.py,py_ctrm_fcws.state_py_5
cit_2819,2819,MAURICIO JOSE TROCHE,py_ctrm_fcws.distri_53,base.py,py_ctrm_fcws.state_py_5
cit_2819,2819,MAURICIO JOSE TROCHE,py_ctrm_fcws.distri_53,base.py,py_ctrm_fcws.state_py_5
cit_2819,2819,MAURICIO JOSE TROCHE,py_ctrm_fcws.distri_53,base.py,py_ctrm_fcws.state_py_5
cit_2819,2819,MAURICIO JOSE TROCHE,py_ctrm_fcws.distri_53,base.py,py_ctrm_fcws.state_py_5
cit_2820,2820,SAN SALVADOR ( BALANZA 1 ),py_ctrm_fcws.distri_53,base.py,py_ctrm_fcws.state_py_5
cit_2821,2821,ITAPE,py_ctrm_fcws.distri_54,base.py,py_ctrm_fcws.state_py_5
cit_2821,2821,ITAPE,py_ctrm_fcws.distri_54,base.py,py_ctrm_fcws.state_py_5
cit_2821,2821,ITAPE,py_ctrm_fcws.distri_54,base.py,py_ctrm_fcws.state_py_5
cit_2821,2821,ITAPE,py_ctrm_fcws.distri_54,base.py,py_ctrm_fcws.state_py_5
cit_2822,2822,ESTACION DEMATTEI,py_ctrm_fcws.distri_54,base.py,py_ctrm_fcws.state_py_5
cit_2823,2823,ESTACION ELISA ( MUSSI ),py_ctrm_fcws.distri_54,base.py,py_ctrm_fcws.state_py_5
cit_2824,2824,ESTACION ELISA ( RETIRO ),py_ctrm_fcws.distri_54,base.py,py_ctrm_fcws.state_py_5
cit_2825,2825,ESTACION MBOJHAPHY(SACARRELLO),py_ctrm_fcws.distri_54,base.py,py_ctrm_fcws.state_py_5
cit_2826,2826,ÑUMI,py_ctrm_fcws.distri_54,base.py,py_ctrm_fcws.state_py_5
cit_2827,2827,ITURBE,py_ctrm_fcws.distri_55,base.py,py_ctrm_fcws.state_py_5
cit_2827,2827,ITURBE,py_ctrm_fcws.distri_55,base.py,py_ctrm_fcws.state_py_5
cit_2827,2827,ITURBE,py_ctrm_fcws.distri_55,base.py,py_ctrm_fcws.state_py_5
cit_2827,2827,ITURBE,py_ctrm_fcws.distri_55,base.py,py_ctrm_fcws.state_py_5
cit_2827,2827,ITURBE,py_ctrm_fcws.distri_55,base.py,py_ctrm_fcws.state_py_5
cit_2828,2828,CAAGUY CUPE,py_ctrm_fcws.distri_55,base.py,py_ctrm_fcws.state_py_5
cit_2829,2829,CAPILLA TUYA,py_ctrm_fcws.distri_55,base.py,py_ctrm_fcws.state_py_5
cit_2830,2830,LOMA BARRETO,py_ctrm_fcws.distri_55,base.py,py_ctrm_fcws.state_py_5
cit_2831,2831,POTRERO BENEGAS,py_ctrm_fcws.distri_55,base.py,py_ctrm_fcws.state_py_5
cit_2832,2832,PUESTO CAAGUY,py_ctrm_fcws.distri_55,base.py,py_ctrm_fcws.state_py_5
cit_2833,2833,TEBICUARY COSTA,py_ctrm_fcws.distri_55,base.py,py_ctrm_fcws.state_py_5
cit_2834,2834,VALLE PYTA,py_ctrm_fcws.distri_55,base.py,py_ctrm_fcws.state_py_5
cit_2835,2835,MBOCAYATY,py_ctrm_fcws.distri_56,base.py,py_ctrm_fcws.state_py_5
cit_2836,2836,CAP. SAMUDIO,py_ctrm_fcws.distri_56,base.py,py_ctrm_fcws.state_py_5
cit_2837,2837,CARANDAY,py_ctrm_fcws.distri_56,base.py,py_ctrm_fcws.state_py_5
cit_2838,2838,CARANDAYTY RUGUA,py_ctrm_fcws.distri_56,base.py,py_ctrm_fcws.state_py_5
cit_2839,2839,COL. NAVILLE (CAPIITINDY),py_ctrm_fcws.distri_56,base.py,py_ctrm_fcws.state_py_5
cit_2840,2840,COSTA MBOCAYATY,py_ctrm_fcws.distri_56,base.py,py_ctrm_fcws.state_py_5
cit_2841,2841,COSTA PISADERA,py_ctrm_fcws.distri_56,base.py,py_ctrm_fcws.state_py_5
cit_2842,2842,ESTANCIA NAVILLE,py_ctrm_fcws.distri_56,base.py,py_ctrm_fcws.state_py_5
cit_2843,2843,ESTANCIA SAN FELIPE,py_ctrm_fcws.distri_56,base.py,py_ctrm_fcws.state_py_5
cit_2844,2844,LOMA BARRETO,py_ctrm_fcws.distri_56,base.py,py_ctrm_fcws.state_py_5
cit_2845,2845,MBOCAYATY ( MUNICIPIO ),py_ctrm_fcws.distri_56,base.py,py_ctrm_fcws.state_py_5
cit_2845,2845,MBOCAYATY ( MUNICIPIO ),py_ctrm_fcws.distri_56,base.py,py_ctrm_fcws.state_py_5
cit_2845,2845,MBOCAYATY ( MUNICIPIO ),py_ctrm_fcws.distri_56,base.py,py_ctrm_fcws.state_py_5
cit_2845,2845,MBOCAYATY ( MUNICIPIO ),py_ctrm_fcws.distri_56,base.py,py_ctrm_fcws.state_py_5
cit_2846,2846,M. GONDRA,py_ctrm_fcws.distri_56,base.py,py_ctrm_fcws.state_py_5
cit_2847,2847,PIRITY,py_ctrm_fcws.distri_56,base.py,py_ctrm_fcws.state_py_5
cit_2848,2848,PTO. FRANCO,py_ctrm_fcws.distri_56,base.py,py_ctrm_fcws.state_py_5
cit_2849,2849,STA. BARBARA,py_ctrm_fcws.distri_56,base.py,py_ctrm_fcws.state_py_5
cit_2850,2850,TACUARITA,py_ctrm_fcws.distri_56,base.py,py_ctrm_fcws.state_py_5
cit_2851,2851,NATALICIO TALAVERA,py_ctrm_fcws.distri_57,base.py,py_ctrm_fcws.state_py_5
cit_2851,2851,NATALICIO TALAVERA,py_ctrm_fcws.distri_57,base.py,py_ctrm_fcws.state_py_5
cit_2851,2851,NATALICIO TALAVERA,py_ctrm_fcws.distri_57,base.py,py_ctrm_fcws.state_py_5
cit_2851,2851,NATALICIO TALAVERA,py_ctrm_fcws.distri_57,base.py,py_ctrm_fcws.state_py_5
cit_2852,2852,1RA. LINEA BARRERA JHU,py_ctrm_fcws.distri_57,base.py,py_ctrm_fcws.state_py_5
cit_2853,2853,2DA. LINEA,py_ctrm_fcws.distri_57,base.py,py_ctrm_fcws.state_py_5
cit_2854,2854,3RA. LINEA,py_ctrm_fcws.distri_57,base.py,py_ctrm_fcws.state_py_5
cit_2855,2855,ARROYO COSTA,py_ctrm_fcws.distri_57,base.py,py_ctrm_fcws.state_py_5
cit_2856,2856,CARO ISLA,py_ctrm_fcws.distri_57,base.py,py_ctrm_fcws.state_py_5
cit_2857,2857,ISLA,py_ctrm_fcws.distri_57,base.py,py_ctrm_fcws.state_py_5
cit_2858,2858,JHUGUA,py_ctrm_fcws.distri_57,base.py,py_ctrm_fcws.state_py_5
cit_2859,2859,LOTE PUCU,py_ctrm_fcws.distri_57,base.py,py_ctrm_fcws.state_py_5
cit_2860,2860,NATALICIO TALAVERA,py_ctrm_fcws.distri_57,base.py,py_ctrm_fcws.state_py_5
cit_2861,2861,POZO ITA,py_ctrm_fcws.distri_57,base.py,py_ctrm_fcws.state_py_5
cit_2862,2862,POTRERITO,py_ctrm_fcws.distri_57,base.py,py_ctrm_fcws.state_py_5
cit_2863,2863,ZANJA PYTA 4TA. LINEA,py_ctrm_fcws.distri_57,base.py,py_ctrm_fcws.state_py_5
cit_2864,2864,SAN JOSE,py_ctrm_fcws.distri_57,base.py,py_ctrm_fcws.state_py_5
cit_2865,2865,SANTA ROSA,py_ctrm_fcws.distri_57,base.py,py_ctrm_fcws.state_py_5
cit_2866,2866,ÑUMI,py_ctrm_fcws.distri_58,base.py,py_ctrm_fcws.state_py_5
cit_2866,2866,ÑUMI,py_ctrm_fcws.distri_58,base.py,py_ctrm_fcws.state_py_5
cit_2866,2866,ÑUMI,py_ctrm_fcws.distri_58,base.py,py_ctrm_fcws.state_py_5
cit_2866,2866,ÑUMI,py_ctrm_fcws.distri_58,base.py,py_ctrm_fcws.state_py_5
cit_2867,2867,CAAGUY CUPE,py_ctrm_fcws.distri_58,base.py,py_ctrm_fcws.state_py_5
cit_2868,2868,CAPILLA TUYA,py_ctrm_fcws.distri_58,base.py,py_ctrm_fcws.state_py_5
cit_2869,2869,LOMA BARRETO,py_ctrm_fcws.distri_58,base.py,py_ctrm_fcws.state_py_5
cit_2870,2870,POTRERO BENEGAS,py_ctrm_fcws.distri_58,base.py,py_ctrm_fcws.state_py_5
cit_2871,2871,PUESTO CAAGUY,py_ctrm_fcws.distri_58,base.py,py_ctrm_fcws.state_py_5
cit_2872,2872,TEBICUARY COSTA,py_ctrm_fcws.distri_58,base.py,py_ctrm_fcws.state_py_5
cit_2873,2873,VALLE PYTA,py_ctrm_fcws.distri_58,base.py,py_ctrm_fcws.state_py_5
cit_2874,2874,YATAITY ( MUNICIPIO ),py_ctrm_fcws.distri_58,base.py,py_ctrm_fcws.state_py_5
cit_2874,2874,YATAITY ( MUNICIPIO ),py_ctrm_fcws.distri_58,base.py,py_ctrm_fcws.state_py_5
cit_2874,2874,YATAITY ( MUNICIPIO ),py_ctrm_fcws.distri_58,base.py,py_ctrm_fcws.state_py_5
cit_2874,2874,YATAITY ( MUNICIPIO ),py_ctrm_fcws.distri_58,base.py,py_ctrm_fcws.state_py_5
cit_2874,2874,YATAITY ( MUNICIPIO ),py_ctrm_fcws.distri_58,base.py,py_ctrm_fcws.state_py_5
cit_2875,2875,YATAITY,py_ctrm_fcws.distri_59,base.py,py_ctrm_fcws.state_py_5
cit_2876,2876,EST. DEMATEI,py_ctrm_fcws.distri_59,base.py,py_ctrm_fcws.state_py_5
cit_2877,2877,EST. ELISA ( MUSSI ),py_ctrm_fcws.distri_59,base.py,py_ctrm_fcws.state_py_5
cit_2878,2878,EST. ELISA ( RETIRO ),py_ctrm_fcws.distri_59,base.py,py_ctrm_fcws.state_py_5
cit_2879,2879,EST. MBOJHAPY ( SACCARELLO ),py_ctrm_fcws.distri_59,base.py,py_ctrm_fcws.state_py_5
cit_2880,2880,ÑUMI,py_ctrm_fcws.distri_59,base.py,py_ctrm_fcws.state_py_5
cit_2881,2881,DR. BOTREL,py_ctrm_fcws.distri_60,base.py,py_ctrm_fcws.state_py_5
cit_2882,2882,B.GOROSTIAGA,py_ctrm_fcws.distri_60,base.py,py_ctrm_fcws.state_py_5
cit_2883,2883,COL.DR.BOTREL,py_ctrm_fcws.distri_60,base.py,py_ctrm_fcws.state_py_5
cit_2884,2884,TACUAPITY,py_ctrm_fcws.distri_60,base.py,py_ctrm_fcws.state_py_5
cit_2885,2885,ÑUMI,py_ctrm_fcws.distri_60,base.py,py_ctrm_fcws.state_py_5
cit_4595,4595,PASO YOBAY,py_ctrm_fcws.distri_225,base.py,py_ctrm_fcws.state_py_5
cit_4595,4595,PASO YOBAY,py_ctrm_fcws.distri_225,base.py,py_ctrm_fcws.state_py_5
cit_4595,4595,PASO YOBAY,py_ctrm_fcws.distri_225,base.py,py_ctrm_fcws.state_py_5
cit_6388,6388,BARRERO NARANJA,py_ctrm_fcws.distri_246,base.py,py_ctrm_fcws.state_py_5
cit_6389,6389,CERRO CORA,py_ctrm_fcws.distri_246,base.py,py_ctrm_fcws.state_py_5
cit_6390,6390,CONCEPCION-MI,py_ctrm_fcws.distri_246,base.py,py_ctrm_fcws.state_py_5
cit_6391,6391,EST. ACOSTA,py_ctrm_fcws.distri_246,base.py,py_ctrm_fcws.state_py_5
cit_6392,6392,EST. SAN MIGUEL,py_ctrm_fcws.distri_246,base.py,py_ctrm_fcws.state_py_5
cit_6393,6393,FLORIDA,py_ctrm_fcws.distri_246,base.py,py_ctrm_fcws.state_py_5
cit_6394,6394,PERULERO,py_ctrm_fcws.distri_246,base.py,py_ctrm_fcws.state_py_5
cit_6395,6395,POTRERITO,py_ctrm_fcws.distri_246,base.py,py_ctrm_fcws.state_py_5
cit_6396,6396,STA. ELENA,py_ctrm_fcws.distri_246,base.py,py_ctrm_fcws.state_py_5
cit_6397,6397,SAN LUIS,py_ctrm_fcws.distri_246,base.py,py_ctrm_fcws.state_py_5
cit_6398,6398,STA. ROSA,py_ctrm_fcws.distri_246,base.py,py_ctrm_fcws.state_py_5
cit_6416,6416,CHACRA NORTE,py_ctrm_fcws.distri_265,base.py,py_ctrm_fcws.state_py_5
cit_6417,6417,CHACRA SUR,py_ctrm_fcws.distri_265,base.py,py_ctrm_fcws.state_py_5
cit_6418,6418,AVIACION,py_ctrm_fcws.distri_265,base.py,py_ctrm_fcws.state_py_5
cit_6419,6419,LOMA PINDO,py_ctrm_fcws.distri_265,base.py,py_ctrm_fcws.state_py_5
cit_6420,6420,URBANIZACION,py_ctrm_fcws.distri_265,base.py,py_ctrm_fcws.state_py_5
cit_2886,2886,CNEL. OVIEDO,py_ctrm_fcws.distri_61,base.py,py_ctrm_fcws.state_py_6
cit_2886,2886,CNEL. OVIEDO,py_ctrm_fcws.distri_61,base.py,py_ctrm_fcws.state_py_6
cit_2886,2886,CNEL. OVIEDO,py_ctrm_fcws.distri_61,base.py,py_ctrm_fcws.state_py_6
cit_2886,2886,CNEL. OVIEDO,py_ctrm_fcws.distri_61,base.py,py_ctrm_fcws.state_py_6
cit_2886,2886,CNEL. OVIEDO,py_ctrm_fcws.distri_61,base.py,py_ctrm_fcws.state_py_6
cit_2886,2886,CNEL. OVIEDO,py_ctrm_fcws.distri_61,base.py,py_ctrm_fcws.state_py_6
cit_2886,2886,CNEL. OVIEDO,py_ctrm_fcws.distri_61,base.py,py_ctrm_fcws.state_py_6
cit_2886,2886,CNEL. OVIEDO,py_ctrm_fcws.distri_61,base.py,py_ctrm_fcws.state_py_6
cit_2886,2886,CNEL. OVIEDO,py_ctrm_fcws.distri_61,base.py,py_ctrm_fcws.state_py_6
cit_2886,2886,CNEL. OVIEDO,py_ctrm_fcws.distri_61,base.py,py_ctrm_fcws.state_py_6
cit_2886,2886,CNEL. OVIEDO,py_ctrm_fcws.distri_61,base.py,py_ctrm_fcws.state_py_6
cit_2886,2886,CNEL. OVIEDO,py_ctrm_fcws.distri_61,base.py,py_ctrm_fcws.state_py_6
cit_2887,2887,12 DE JUNIO 1RA.,py_ctrm_fcws.distri_61,base.py,py_ctrm_fcws.state_py_6
cit_2888,2888,12 DE JUNIO 2DA.,py_ctrm_fcws.distri_61,base.py,py_ctrm_fcws.state_py_6
cit_2889,2889,1RO DE JUNIO,py_ctrm_fcws.distri_61,base.py,py_ctrm_fcws.state_py_6
cit_2890,2890,1RO. DE MARZO,py_ctrm_fcws.distri_61,base.py,py_ctrm_fcws.state_py_6
cit_2891,2891,3 DE MAYO ( CALLE ),py_ctrm_fcws.distri_61,base.py,py_ctrm_fcws.state_py_6
cit_2892,2892,AGUAPETY,py_ctrm_fcws.distri_61,base.py,py_ctrm_fcws.state_py_6
cit_2893,2893,AZUCENA,py_ctrm_fcws.distri_61,base.py,py_ctrm_fcws.state_py_6
cit_2894,2894,B. FATIMA,py_ctrm_fcws.distri_61,base.py,py_ctrm_fcws.state_py_6
cit_2895,2895,BOQUERON,py_ctrm_fcws.distri_61,base.py,py_ctrm_fcws.state_py_6
cit_2896,2896,C. BORDENAVE,py_ctrm_fcws.distri_61,base.py,py_ctrm_fcws.state_py_6
cit_2897,2897,CAAGUY CUPE,py_ctrm_fcws.distri_61,base.py,py_ctrm_fcws.state_py_6
cit_2898,2898,CAITA,py_ctrm_fcws.distri_61,base.py,py_ctrm_fcws.state_py_6
cit_2899,2899,CALLE 1  BLAS GARAY,py_ctrm_fcws.distri_61,base.py,py_ctrm_fcws.state_py_6
cit_2900,2900,CALLE 10 TACUA CORA,py_ctrm_fcws.distri_61,base.py,py_ctrm_fcws.state_py_6
cit_2901,2901,CALLE 12 TAYAO,py_ctrm_fcws.distri_61,base.py,py_ctrm_fcws.state_py_6
cit_2902,2902,CALLE 124 TAYAO,py_ctrm_fcws.distri_61,base.py,py_ctrm_fcws.state_py_6
cit_2903,2903,CALLE 13 TAYAO,py_ctrm_fcws.distri_61,base.py,py_ctrm_fcws.state_py_6
cit_2904,2904,CALLE 14 TAYAO,py_ctrm_fcws.distri_61,base.py,py_ctrm_fcws.state_py_6
cit_2905,2905,CALLE 16 TAYAO,py_ctrm_fcws.distri_61,base.py,py_ctrm_fcws.state_py_6
cit_2906,2906,CALLE 18 TAYAO,py_ctrm_fcws.distri_61,base.py,py_ctrm_fcws.state_py_6
cit_2907,2907,CALLE 2 BLAS GARAY,py_ctrm_fcws.distri_61,base.py,py_ctrm_fcws.state_py_6
cit_2908,2908,CALLE 2 TACUA CORA,py_ctrm_fcws.distri_61,base.py,py_ctrm_fcws.state_py_6
cit_2909,2909,CALLE 20 TAYAO,py_ctrm_fcws.distri_61,base.py,py_ctrm_fcws.state_py_6
cit_2910,2910,CALLE 20 TAYAO ZONA NORTE,py_ctrm_fcws.distri_61,base.py,py_ctrm_fcws.state_py_6
cit_2911,2911,CALLE 22 TAYAO,py_ctrm_fcws.distri_61,base.py,py_ctrm_fcws.state_py_6
cit_2912,2912,CALLE 24 TAYAO,py_ctrm_fcws.distri_61,base.py,py_ctrm_fcws.state_py_6
cit_2913,2913,CALLE 26 TAYAO,py_ctrm_fcws.distri_61,base.py,py_ctrm_fcws.state_py_6
cit_2914,2914,CALLE 3 BLAS GARAY,py_ctrm_fcws.distri_61,base.py,py_ctrm_fcws.state_py_6
cit_2915,2915,CALLE 4 TACUA CORA,py_ctrm_fcws.distri_61,base.py,py_ctrm_fcws.state_py_6
cit_2916,2916,CALLE 6 TACUA CORA,py_ctrm_fcws.distri_61,base.py,py_ctrm_fcws.state_py_6
cit_2917,2917,CALLE 8 TACUA CORA,py_ctrm_fcws.distri_61,base.py,py_ctrm_fcws.state_py_6
cit_2918,2918,CALLE A TACUA CORA,py_ctrm_fcws.distri_61,base.py,py_ctrm_fcws.state_py_6
cit_2919,2919,CALLE ARENA,py_ctrm_fcws.distri_61,base.py,py_ctrm_fcws.state_py_6
cit_2920,2920,CALLE ARROZ,py_ctrm_fcws.distri_61,base.py,py_ctrm_fcws.state_py_6
cit_2921,2921,CALLE FLORICA,py_ctrm_fcws.distri_61,base.py,py_ctrm_fcws.state_py_6
cit_2922,2922,COL. GENARO ROMERO,py_ctrm_fcws.distri_61,base.py,py_ctrm_fcws.state_py_6
cit_2923,2923,CALLE GUAZU,py_ctrm_fcws.distri_61,base.py,py_ctrm_fcws.state_py_6
cit_2924,2924,CALLE ITACURUBI,py_ctrm_fcws.distri_61,base.py,py_ctrm_fcws.state_py_6
cit_2925,2925,CALLE JIMENEZ,py_ctrm_fcws.distri_61,base.py,py_ctrm_fcws.state_py_6
cit_2926,2926,CALLE MOREIRA,py_ctrm_fcws.distri_61,base.py,py_ctrm_fcws.state_py_6
cit_2927,2927,CALLE PYAJHU,py_ctrm_fcws.distri_61,base.py,py_ctrm_fcws.state_py_6
cit_2928,2928,CALLE SAN FRANCISCO,py_ctrm_fcws.distri_61,base.py,py_ctrm_fcws.state_py_6
cit_2929,2929,CANGAI,py_ctrm_fcws.distri_61,base.py,py_ctrm_fcws.state_py_6
cit_2930,2930,CAPILLITA,py_ctrm_fcws.distri_61,base.py,py_ctrm_fcws.state_py_6
cit_2931,2931,CAPITAN ROA,py_ctrm_fcws.distri_61,base.py,py_ctrm_fcws.state_py_6
cit_2932,2932,CARAGUATAY MI,py_ctrm_fcws.distri_61,base.py,py_ctrm_fcws.state_py_6
cit_2933,2933,CARANDAYTY,py_ctrm_fcws.distri_61,base.py,py_ctrm_fcws.state_py_6
cit_2934,2934,CERRITO,py_ctrm_fcws.distri_61,base.py,py_ctrm_fcws.state_py_6
cit_2935,2935,CHASE CUE,py_ctrm_fcws.distri_61,base.py,py_ctrm_fcws.state_py_6
cit_2936,2936,CHIRCA TY,py_ctrm_fcws.distri_61,base.py,py_ctrm_fcws.state_py_6
cit_2937,2937,CNEL. OVIEDO,py_ctrm_fcws.distri_61,base.py,py_ctrm_fcws.state_py_6
cit_2938,2938,COL. SANTA MARIA,py_ctrm_fcws.distri_61,base.py,py_ctrm_fcws.state_py_6
cit_2939,2939,COSTA JHU,py_ctrm_fcws.distri_61,base.py,py_ctrm_fcws.state_py_6
cit_2940,2940,COSTA VARELA,py_ctrm_fcws.distri_61,base.py,py_ctrm_fcws.state_py_6
cit_2941,2941,CUARTO POTRERO,py_ctrm_fcws.distri_61,base.py,py_ctrm_fcws.state_py_6
cit_2942,2942,CURUCAU,py_ctrm_fcws.distri_61,base.py,py_ctrm_fcws.state_py_6
cit_2943,2943,ESPINILLO,py_ctrm_fcws.distri_61,base.py,py_ctrm_fcws.state_py_6
cit_2944,2944,ESTANCIA BALANZA,py_ctrm_fcws.distri_61,base.py,py_ctrm_fcws.state_py_6
cit_2945,2945,ESTANCIA ISLA NEGRA,py_ctrm_fcws.distri_61,base.py,py_ctrm_fcws.state_py_6
cit_2946,2946,ESTANCIA JOSEFINA,py_ctrm_fcws.distri_61,base.py,py_ctrm_fcws.state_py_6
cit_2947,2947,ESTANCIA LOMA,py_ctrm_fcws.distri_61,base.py,py_ctrm_fcws.state_py_6
cit_2948,2948,ESTANCIA ORTIZ,py_ctrm_fcws.distri_61,base.py,py_ctrm_fcws.state_py_6
cit_2949,2949,ESTANCIA PACURI,py_ctrm_fcws.distri_61,base.py,py_ctrm_fcws.state_py_6
cit_2950,2950,ESTANCIA SAMUDIO,py_ctrm_fcws.distri_61,base.py,py_ctrm_fcws.state_py_6
cit_2951,2951,ESTANCIA VEGA,py_ctrm_fcws.distri_61,base.py,py_ctrm_fcws.state_py_6
cit_2952,2952,FRANCO CUE,py_ctrm_fcws.distri_61,base.py,py_ctrm_fcws.state_py_6
cit_2953,2953,JHUGUA GUAZU,py_ctrm_fcws.distri_61,base.py,py_ctrm_fcws.state_py_6
cit_2954,2954,LA BARREREÑA,py_ctrm_fcws.distri_61,base.py,py_ctrm_fcws.state_py_6
cit_2955,2955,LEIVA I,py_ctrm_fcws.distri_61,base.py,py_ctrm_fcws.state_py_6
cit_2956,2956,MBURURU OCA,py_ctrm_fcws.distri_61,base.py,py_ctrm_fcws.state_py_6
cit_2957,2957,OLEGARIO,py_ctrm_fcws.distri_61,base.py,py_ctrm_fcws.state_py_6
cit_2958,2958,OVANDO,py_ctrm_fcws.distri_61,base.py,py_ctrm_fcws.state_py_6
cit_2959,2959,PINDO TY,py_ctrm_fcws.distri_61,base.py,py_ctrm_fcws.state_py_6
cit_2960,2960,PIQUETE CUE,py_ctrm_fcws.distri_61,base.py,py_ctrm_fcws.state_py_6
cit_2961,2961,POTRERITO,py_ctrm_fcws.distri_61,base.py,py_ctrm_fcws.state_py_6
cit_2962,2962,POTRERITO OCULTO,py_ctrm_fcws.distri_61,base.py,py_ctrm_fcws.state_py_6
cit_2963,2963,POTRERO BALBINA,py_ctrm_fcws.distri_61,base.py,py_ctrm_fcws.state_py_6
cit_2964,2964,POTRERO CERCADO,py_ctrm_fcws.distri_61,base.py,py_ctrm_fcws.state_py_6
cit_2965,2965,POTRERO CUE,py_ctrm_fcws.distri_61,base.py,py_ctrm_fcws.state_py_6
cit_2966,2966,POTRERO SAN ROQUE,py_ctrm_fcws.distri_61,base.py,py_ctrm_fcws.state_py_6
cit_2967,2967,PUESTO CAAGUY RORY,py_ctrm_fcws.distri_61,base.py,py_ctrm_fcws.state_py_6
cit_2968,2968,QUELITA,py_ctrm_fcws.distri_61,base.py,py_ctrm_fcws.state_py_6
cit_2969,2969,SAN ANTONIO,py_ctrm_fcws.distri_61,base.py,py_ctrm_fcws.state_py_6
cit_2970,2970,SAN AGUSTIN,py_ctrm_fcws.distri_61,base.py,py_ctrm_fcws.state_py_6
cit_2971,2971,SAN MIGUEL,py_ctrm_fcws.distri_61,base.py,py_ctrm_fcws.state_py_6
cit_2972,2972,SAN PEDRO,py_ctrm_fcws.distri_61,base.py,py_ctrm_fcws.state_py_6
cit_2973,2973,SAN ROQUE,py_ctrm_fcws.distri_61,base.py,py_ctrm_fcws.state_py_6
cit_2974,2974,SANTA LIBRADA,py_ctrm_fcws.distri_61,base.py,py_ctrm_fcws.state_py_6
cit_2975,2975,SANTA MARIA,py_ctrm_fcws.distri_61,base.py,py_ctrm_fcws.state_py_6
cit_2976,2976,SARO CARO,py_ctrm_fcws.distri_61,base.py,py_ctrm_fcws.state_py_6
cit_2977,2977,SETECIENTOS,py_ctrm_fcws.distri_61,base.py,py_ctrm_fcws.state_py_6
cit_2978,2978,TACURUTY ( CALLE ),py_ctrm_fcws.distri_61,base.py,py_ctrm_fcws.state_py_6
cit_2979,2979,TAMBO ( TAMBOR ) ( TAMBORIL ),py_ctrm_fcws.distri_61,base.py,py_ctrm_fcws.state_py_6
cit_2980,2980,TAVY,py_ctrm_fcws.distri_61,base.py,py_ctrm_fcws.state_py_6
cit_2981,2981,TUYU PACU,py_ctrm_fcws.distri_61,base.py,py_ctrm_fcws.state_py_6
cit_2982,2982,VOLCAN CUE,py_ctrm_fcws.distri_61,base.py,py_ctrm_fcws.state_py_6
cit_2983,2983,YCUA CAAGUY,py_ctrm_fcws.distri_61,base.py,py_ctrm_fcws.state_py_6
cit_2984,2984,YCUA PORA,py_ctrm_fcws.distri_61,base.py,py_ctrm_fcws.state_py_6
cit_2985,2985,YPORA,py_ctrm_fcws.distri_61,base.py,py_ctrm_fcws.state_py_6
cit_2986,2986,YUQUYTY,py_ctrm_fcws.distri_61,base.py,py_ctrm_fcws.state_py_6
cit_2987,2987,ÑU RUGUA,py_ctrm_fcws.distri_61,base.py,py_ctrm_fcws.state_py_6
cit_6346,6346,CALLE 4 BLAS GARAY,py_ctrm_fcws.distri_61,base.py,py_ctrm_fcws.state_py_6
cit_6347,6347,DON BOSCO,py_ctrm_fcws.distri_61,base.py,py_ctrm_fcws.state_py_6
cit_6348,6348,CALLE INFANTIL,py_ctrm_fcws.distri_61,base.py,py_ctrm_fcws.state_py_6
cit_6349,6349,CALLE SANTO DOMINGO,py_ctrm_fcws.distri_61,base.py,py_ctrm_fcws.state_py_6
cit_6350,6350,CAYGUA COCUE,py_ctrm_fcws.distri_61,base.py,py_ctrm_fcws.state_py_6
cit_6351,6351,COSTA ALEGRE,py_ctrm_fcws.distri_61,base.py,py_ctrm_fcws.state_py_6
cit_6352,6352,ESCALADA CUE,py_ctrm_fcws.distri_61,base.py,py_ctrm_fcws.state_py_6
cit_6353,6353,ESTANCIA LA QUERENCIA,py_ctrm_fcws.distri_61,base.py,py_ctrm_fcws.state_py_6
cit_6354,6354,ISLA PUCU,py_ctrm_fcws.distri_61,base.py,py_ctrm_fcws.state_py_6
cit_6355,6355,MBURURU base.py,py_ctrm_fcws.distri_61,base.py,py_ctrm_fcws.state_py_6
cit_6356,6356,PLACIDO,py_ctrm_fcws.distri_61,base.py,py_ctrm_fcws.state_py_6
cit_2988,2988,CAAGUAZU,py_ctrm_fcws.distri_62,base.py,py_ctrm_fcws.state_py_6
cit_2988,2988,CAAGUAZU,py_ctrm_fcws.distri_62,base.py,py_ctrm_fcws.state_py_6
cit_2988,2988,CAAGUAZU,py_ctrm_fcws.distri_62,base.py,py_ctrm_fcws.state_py_6
cit_2988,2988,CAAGUAZU,py_ctrm_fcws.distri_62,base.py,py_ctrm_fcws.state_py_6
cit_2988,2988,CAAGUAZU,py_ctrm_fcws.distri_62,base.py,py_ctrm_fcws.state_py_6
cit_2988,2988,CAAGUAZU,py_ctrm_fcws.distri_62,base.py,py_ctrm_fcws.state_py_6
cit_2988,2988,CAAGUAZU,py_ctrm_fcws.distri_62,base.py,py_ctrm_fcws.state_py_6
cit_2988,2988,CAAGUAZU,py_ctrm_fcws.distri_62,base.py,py_ctrm_fcws.state_py_6
cit_2988,2988,CAAGUAZU,py_ctrm_fcws.distri_62,base.py,py_ctrm_fcws.state_py_6
cit_2988,2988,CAAGUAZU,py_ctrm_fcws.distri_62,base.py,py_ctrm_fcws.state_py_6
cit_2988,2988,CAAGUAZU,py_ctrm_fcws.distri_62,base.py,py_ctrm_fcws.state_py_6
cit_2988,2988,CAAGUAZU,py_ctrm_fcws.distri_62,base.py,py_ctrm_fcws.state_py_6
cit_2988,2988,CAAGUAZU,py_ctrm_fcws.distri_62,base.py,py_ctrm_fcws.state_py_6
cit_2988,2988,CAAGUAZU,py_ctrm_fcws.distri_62,base.py,py_ctrm_fcws.state_py_6
cit_2989,2989,1 Y 3 LINEA ( ISAU ),py_ctrm_fcws.distri_62,base.py,py_ctrm_fcws.state_py_6
cit_2990,2990,1 2 3 4 LINEA(B.EUGEN.A.GARAY),py_ctrm_fcws.distri_62,base.py,py_ctrm_fcws.state_py_6
cit_2991,2991,1 2 3 4 5 6 LINEA(C.EX-COMBAT),py_ctrm_fcws.distri_62,base.py,py_ctrm_fcws.state_py_6
cit_2992,2992,1 2 3 4 5 8 10 LINEA (BALANZA),py_ctrm_fcws.distri_62,base.py,py_ctrm_fcws.state_py_6
cit_2993,2993,1RA. Y 2DA.LINEA(SAN SALVADOR),py_ctrm_fcws.distri_62,base.py,py_ctrm_fcws.state_py_6
cit_2994,2994,2DA.LINEA ( INDIGENA ),py_ctrm_fcws.distri_62,base.py,py_ctrm_fcws.state_py_6
cit_2995,2995,2DA.LINEA (TACURU PYTA),py_ctrm_fcws.distri_62,base.py,py_ctrm_fcws.state_py_6
cit_2996,2996,2DA. LINEA GUAJHO,py_ctrm_fcws.distri_62,base.py,py_ctrm_fcws.state_py_6
cit_2997,2997,3 DE MAYO - I,py_ctrm_fcws.distri_62,base.py,py_ctrm_fcws.state_py_6
cit_2998,2998,3 DE MAYO-GUAZU (INDIGENA),py_ctrm_fcws.distri_62,base.py,py_ctrm_fcws.state_py_6
cit_2999,2999,3 4 5 6 LINEA AGUA GUAZU,py_ctrm_fcws.distri_62,base.py,py_ctrm_fcws.state_py_6
cit_3000,3000,3RA. Y 4TA. LINEA (SAN MIGUEL),py_ctrm_fcws.distri_62,base.py,py_ctrm_fcws.state_py_6
cit_3001,3001,4TA. Y 5TA. LINEA (LA FABRIL),py_ctrm_fcws.distri_62,base.py,py_ctrm_fcws.state_py_6
cit_3002,3002,5TA.LINEA(COL. CABALLERO A.),py_ctrm_fcws.distri_62,base.py,py_ctrm_fcws.state_py_6
cit_3003,3003,6 DE enero,py_ctrm_fcws.distri_62,base.py,py_ctrm_fcws.state_py_6
cit_3004,3004,AGUA-I,py_ctrm_fcws.distri_62,base.py,py_ctrm_fcws.state_py_6
cit_3005,3005,AMBAHY,py_ctrm_fcws.distri_62,base.py,py_ctrm_fcws.state_py_6
cit_3006,3006,APY - A,py_ctrm_fcws.distri_62,base.py,py_ctrm_fcws.state_py_6
cit_3007,3007,ARROYITO,py_ctrm_fcws.distri_62,base.py,py_ctrm_fcws.state_py_6
cit_3008,3008,ARROYO ANGUA,py_ctrm_fcws.distri_62,base.py,py_ctrm_fcws.state_py_6
cit_3009,3009,ARROYO GUAVIRA,py_ctrm_fcws.distri_62,base.py,py_ctrm_fcws.state_py_6
cit_3010,3010,ARROYO GUAZU,py_ctrm_fcws.distri_62,base.py,py_ctrm_fcws.state_py_6
cit_3011,3011,ARROYO JHU,py_ctrm_fcws.distri_62,base.py,py_ctrm_fcws.state_py_6
cit_3012,3012,ARROYO MOROTI,py_ctrm_fcws.distri_62,base.py,py_ctrm_fcws.state_py_6
cit_3013,3013,ARROYO TERERE,py_ctrm_fcws.distri_62,base.py,py_ctrm_fcws.state_py_6
cit_3014,3014,BAEZ CUE,py_ctrm_fcws.distri_62,base.py,py_ctrm_fcws.state_py_6
cit_3015,3015,BARRIO E. A. GARAY,py_ctrm_fcws.distri_62,base.py,py_ctrm_fcws.state_py_6
cit_3016,3016,BARRIO E.A.GARAY 3RA. LINEA A,py_ctrm_fcws.distri_62,base.py,py_ctrm_fcws.state_py_6
cit_3017,3017,BARRIO GRAL.F.CABALLERO A.,py_ctrm_fcws.distri_62,base.py,py_ctrm_fcws.state_py_6
cit_3018,3018,BARRIO INMIGRANTE,py_ctrm_fcws.distri_62,base.py,py_ctrm_fcws.state_py_6
cit_3019,3019,BARRIO SAN LORENZO,py_ctrm_fcws.distri_62,base.py,py_ctrm_fcws.state_py_6
cit_3020,3020,BARRIO SAN ROQUE,py_ctrm_fcws.distri_62,base.py,py_ctrm_fcws.state_py_6
cit_3021,3021,BARRIO SANTA ISABEL,py_ctrm_fcws.distri_62,base.py,py_ctrm_fcws.state_py_6
cit_3022,3022,BRASILERO CUE,py_ctrm_fcws.distri_62,base.py,py_ctrm_fcws.state_py_6
cit_3023,3023,BRAZIL CUE,py_ctrm_fcws.distri_62,base.py,py_ctrm_fcws.state_py_6
cit_3024,3024,CAACHIRI (LOC. INDIGENA),py_ctrm_fcws.distri_62,base.py,py_ctrm_fcws.state_py_6
cit_3025,3025,CAAGUAZU ( MUNICIPIO ),py_ctrm_fcws.distri_62,base.py,py_ctrm_fcws.state_py_6
cit_3026,3026,CAAMINDY,py_ctrm_fcws.distri_62,base.py,py_ctrm_fcws.state_py_6
cit_3027,3027,CABAYU - Y,py_ctrm_fcws.distri_62,base.py,py_ctrm_fcws.state_py_6
cit_3028,3028,CACHIMBO,py_ctrm_fcws.distri_62,base.py,py_ctrm_fcws.state_py_6
cit_3029,3029,CALLE 1 BLAS GARAY,py_ctrm_fcws.distri_62,base.py,py_ctrm_fcws.state_py_6
cit_3030,3030,CALLE 1 2 3 Y 4 CACHIMBO,py_ctrm_fcws.distri_62,base.py,py_ctrm_fcws.state_py_6
cit_3031,3031,CALLE 2 BLAS GARAY,py_ctrm_fcws.distri_62,base.py,py_ctrm_fcws.state_py_6
cit_3032,3032,CALLE 3 BLAS GARAY,py_ctrm_fcws.distri_62,base.py,py_ctrm_fcws.state_py_6
cit_3033,3033,CALLE 4 BLAS GARAY,py_ctrm_fcws.distri_62,base.py,py_ctrm_fcws.state_py_6
cit_3034,3034,CALLE 5,py_ctrm_fcws.distri_62,base.py,py_ctrm_fcws.state_py_6
cit_3035,3035,CALLE SAN ISIDRO,py_ctrm_fcws.distri_62,base.py,py_ctrm_fcws.state_py_6
cit_3036,3036,CALLE SAN MIGUEL,py_ctrm_fcws.distri_62,base.py,py_ctrm_fcws.state_py_6
cit_3037,3037,CAMBAY,py_ctrm_fcws.distri_62,base.py,py_ctrm_fcws.state_py_6
cit_3038,3038,CAMPO 1 COL.SOMMERFELD,py_ctrm_fcws.distri_62,base.py,py_ctrm_fcws.state_py_6
cit_3039,3039,CAOMPO 10 ( COL. SOMMERFELD ),py_ctrm_fcws.distri_62,base.py,py_ctrm_fcws.state_py_6
cit_3040,3040,CAMPO 11 COL. SOMMERFELD,py_ctrm_fcws.distri_62,base.py,py_ctrm_fcws.state_py_6
cit_3041,3041,CAMPO 2 SOMMERFELD,py_ctrm_fcws.distri_62,base.py,py_ctrm_fcws.state_py_6
cit_3042,3042,CAMPO 3 ) COL. SOMMERFELD ),py_ctrm_fcws.distri_62,base.py,py_ctrm_fcws.state_py_6
cit_3043,3043,CAMPO 4 SOMMERFELD,py_ctrm_fcws.distri_62,base.py,py_ctrm_fcws.state_py_6
cit_3044,3044,CAMPO 5 - I,py_ctrm_fcws.distri_62,base.py,py_ctrm_fcws.state_py_6
cit_3045,3045,CAMPO 5 COL. SOMMERFELD,py_ctrm_fcws.distri_62,base.py,py_ctrm_fcws.state_py_6
cit_3046,3046,CAMPO 7,py_ctrm_fcws.distri_62,base.py,py_ctrm_fcws.state_py_6
cit_3047,3047,CAMPO 8,py_ctrm_fcws.distri_62,base.py,py_ctrm_fcws.state_py_6
cit_3048,3048,CAMPO 9 ( COL. SOMMERFELD ),py_ctrm_fcws.distri_62,base.py,py_ctrm_fcws.state_py_6
cit_3049,3049,CAMPO G.(COL. SOMMERFELD ),py_ctrm_fcws.distri_62,base.py,py_ctrm_fcws.state_py_6
cit_3050,3050,CAMPO NUEVO,py_ctrm_fcws.distri_62,base.py,py_ctrm_fcws.state_py_6
cit_3051,3051,CAPITAN CUE,py_ctrm_fcws.distri_62,base.py,py_ctrm_fcws.state_py_6
cit_3052,3052,CARRERIA CUE,py_ctrm_fcws.distri_62,base.py,py_ctrm_fcws.state_py_6
cit_3053,3053,CAI,py_ctrm_fcws.distri_62,base.py,py_ctrm_fcws.state_py_6
cit_3054,3054,CAÑADA,py_ctrm_fcws.distri_62,base.py,py_ctrm_fcws.state_py_6
cit_3055,3055,CAÑADA DEL MONTE(J.E.OCAMPOS),py_ctrm_fcws.distri_62,base.py,py_ctrm_fcws.state_py_6
cit_3056,3056,CERRITO,py_ctrm_fcws.distri_62,base.py,py_ctrm_fcws.state_py_6
cit_3057,3057,CERRO CAACUPE,py_ctrm_fcws.distri_62,base.py,py_ctrm_fcws.state_py_6
cit_3058,3058,CERRO PERO,py_ctrm_fcws.distri_62,base.py,py_ctrm_fcws.state_py_6
cit_3059,3059,CHACO-I,py_ctrm_fcws.distri_62,base.py,py_ctrm_fcws.state_py_6
cit_3060,3060,CIERVO CUA,py_ctrm_fcws.distri_62,base.py,py_ctrm_fcws.state_py_6
cit_3061,3061,COL. GRAL. DELGADO,py_ctrm_fcws.distri_62,base.py,py_ctrm_fcws.state_py_6
cit_3062,3062,COL. LUIS IRRAZABAL,py_ctrm_fcws.distri_62,base.py,py_ctrm_fcws.state_py_6
cit_3063,3063,COL. MARIA AUXILIADORA,py_ctrm_fcws.distri_62,base.py,py_ctrm_fcws.state_py_6
cit_3064,3064,COL. SUDESIA,py_ctrm_fcws.distri_62,base.py,py_ctrm_fcws.state_py_6
cit_3065,3065,COL. W. INSFRAN,py_ctrm_fcws.distri_62,base.py,py_ctrm_fcws.state_py_6
cit_3066,3066,COL.JOSE OCAMPOS 1 2 3 4 LINEA,py_ctrm_fcws.distri_62,base.py,py_ctrm_fcws.state_py_6
cit_3067,3067,COMPAÑIA FINAGRAI,py_ctrm_fcws.distri_62,base.py,py_ctrm_fcws.state_py_6
cit_3068,3068,COSTA,py_ctrm_fcws.distri_62,base.py,py_ctrm_fcws.state_py_6
cit_3069,3069,CULANTRILLO,py_ctrm_fcws.distri_62,base.py,py_ctrm_fcws.state_py_6
cit_3070,3070,CURUPAY,py_ctrm_fcws.distri_62,base.py,py_ctrm_fcws.state_py_6
cit_3071,3071,CURUZU,py_ctrm_fcws.distri_62,base.py,py_ctrm_fcws.state_py_6
cit_3072,3072,CURUZU ( TAPY-I ),py_ctrm_fcws.distri_62,base.py,py_ctrm_fcws.state_py_6
cit_3073,3073,CURUPI CUA,py_ctrm_fcws.distri_62,base.py,py_ctrm_fcws.state_py_6
cit_3074,3074,DESGRACIA CUE,py_ctrm_fcws.distri_62,base.py,py_ctrm_fcws.state_py_6
cit_3075,3075,DR. DOMINGO MONTANARO,py_ctrm_fcws.distri_62,base.py,py_ctrm_fcws.state_py_6
cit_3076,3076,EMPALADO ARI,py_ctrm_fcws.distri_62,base.py,py_ctrm_fcws.state_py_6
cit_3077,3077,GUARRAUNGUA 1RA.,py_ctrm_fcws.distri_62,base.py,py_ctrm_fcws.state_py_6
cit_3078,3078,GUAYAKI CUA,py_ctrm_fcws.distri_62,base.py,py_ctrm_fcws.state_py_6
cit_3079,3079,GUAYAKI CAAGUY,py_ctrm_fcws.distri_62,base.py,py_ctrm_fcws.state_py_6
cit_3080,3080,IPAU,py_ctrm_fcws.distri_62,base.py,py_ctrm_fcws.state_py_6
cit_3081,3081,IPYTA,py_ctrm_fcws.distri_62,base.py,py_ctrm_fcws.state_py_6
cit_3082,3082,ITA ( INDIGENA ),py_ctrm_fcws.distri_62,base.py,py_ctrm_fcws.state_py_6
cit_3083,3083,LA VIRGINIA,py_ctrm_fcws.distri_62,base.py,py_ctrm_fcws.state_py_6
cit_3084,3084,LAGUNA PYTA,py_ctrm_fcws.distri_62,base.py,py_ctrm_fcws.state_py_6
cit_3085,3085,LUCHI CUE,py_ctrm_fcws.distri_62,base.py,py_ctrm_fcws.state_py_6
cit_3086,3086,MANGRULLO,py_ctrm_fcws.distri_62,base.py,py_ctrm_fcws.state_py_6
cit_3087,3087,MAXIMINA,py_ctrm_fcws.distri_62,base.py,py_ctrm_fcws.state_py_6
cit_3088,3088,MBOCAYA I,py_ctrm_fcws.distri_62,base.py,py_ctrm_fcws.state_py_6
cit_3089,3089,MBOI CAE-GUAZU,py_ctrm_fcws.distri_62,base.py,py_ctrm_fcws.state_py_6
cit_3090,3090,MBOI CAE-I,py_ctrm_fcws.distri_62,base.py,py_ctrm_fcws.state_py_6
cit_3091,3091,MBURURU OCA,py_ctrm_fcws.distri_62,base.py,py_ctrm_fcws.state_py_6
cit_3092,3092,MOJON 7,py_ctrm_fcws.distri_62,base.py,py_ctrm_fcws.state_py_6
cit_3093,3093,NACIENTE ( LOC. INDIGENA ),py_ctrm_fcws.distri_62,base.py,py_ctrm_fcws.state_py_6
cit_3094,3094,O. BARTON CUE,py_ctrm_fcws.distri_62,base.py,py_ctrm_fcws.state_py_6
cit_3095,3095,OCULTO,py_ctrm_fcws.distri_62,base.py,py_ctrm_fcws.state_py_6
cit_3096,3096,PABLITO CUA,py_ctrm_fcws.distri_62,base.py,py_ctrm_fcws.state_py_6
cit_3097,3097,PAIJHA,py_ctrm_fcws.distri_62,base.py,py_ctrm_fcws.state_py_6
cit_3098,3098,PALMETA,py_ctrm_fcws.distri_62,base.py,py_ctrm_fcws.state_py_6
cit_3099,3099,PARAJE GUAZU,py_ctrm_fcws.distri_62,base.py,py_ctrm_fcws.state_py_6
cit_3100,3100,PARAJE-I ( 7MA. LINEA ),py_ctrm_fcws.distri_62,base.py,py_ctrm_fcws.state_py_6
cit_3101,3101,PIQUETE CUE,py_ctrm_fcws.distri_62,base.py,py_ctrm_fcws.state_py_6
cit_3102,3102,POTRERO,py_ctrm_fcws.distri_62,base.py,py_ctrm_fcws.state_py_6
cit_3103,3103,POTRERO GARAY,py_ctrm_fcws.distri_62,base.py,py_ctrm_fcws.state_py_6
cit_3104,3104,POTRERO GARAY (1RA.LINEA),py_ctrm_fcws.distri_62,base.py,py_ctrm_fcws.state_py_6
cit_3105,3105,POTRERO TATU,py_ctrm_fcws.distri_62,base.py,py_ctrm_fcws.state_py_6
cit_3106,3106,PUESTO CAMBAY,py_ctrm_fcws.distri_62,base.py,py_ctrm_fcws.state_py_6
cit_3107,3107,PUESTO NAVIDAD,py_ctrm_fcws.distri_62,base.py,py_ctrm_fcws.state_py_6
cit_3108,3108,PUESTO PORTILLO CUE,py_ctrm_fcws.distri_62,base.py,py_ctrm_fcws.state_py_6
cit_3109,3109,PIKYRY,py_ctrm_fcws.distri_62,base.py,py_ctrm_fcws.state_py_6
cit_3110,3110,RAMCHO CUÑA,py_ctrm_fcws.distri_62,base.py,py_ctrm_fcws.state_py_6
cit_3111,3111,S.GOMEZ,py_ctrm_fcws.distri_62,base.py,py_ctrm_fcws.state_py_6
cit_3112,3112,SAN ANTONIO MI,py_ctrm_fcws.distri_62,base.py,py_ctrm_fcws.state_py_6
cit_3113,3113,SAN ANTONIO DE PADUA,py_ctrm_fcws.distri_62,base.py,py_ctrm_fcws.state_py_6
cit_3114,3114,SAN JORGE,py_ctrm_fcws.distri_62,base.py,py_ctrm_fcws.state_py_6
cit_3115,3115,SAN MIGUEL,py_ctrm_fcws.distri_62,base.py,py_ctrm_fcws.state_py_6
cit_3116,3116,SAN ROQUE,py_ctrm_fcws.distri_62,base.py,py_ctrm_fcws.state_py_6
cit_3117,3117,SAN SALVADOR,py_ctrm_fcws.distri_62,base.py,py_ctrm_fcws.state_py_6
cit_3118,3118,SANJA CORA (LA FABRIL),py_ctrm_fcws.distri_62,base.py,py_ctrm_fcws.state_py_6
cit_3119,3119,SANTIAGO CUE,py_ctrm_fcws.distri_62,base.py,py_ctrm_fcws.state_py_6
cit_3120,3120,SAPIRO,py_ctrm_fcws.distri_62,base.py,py_ctrm_fcws.state_py_6
cit_3121,3121,TACUARE (COL.INDIGENA),py_ctrm_fcws.distri_62,base.py,py_ctrm_fcws.state_py_6
cit_3122,3122,TACURU,py_ctrm_fcws.distri_62,base.py,py_ctrm_fcws.state_py_6
cit_3123,3123,TAGUATO,py_ctrm_fcws.distri_62,base.py,py_ctrm_fcws.state_py_6
cit_3124,3124,TAYTETA,py_ctrm_fcws.distri_62,base.py,py_ctrm_fcws.state_py_6
cit_3125,3125,TAYI,py_ctrm_fcws.distri_62,base.py,py_ctrm_fcws.state_py_6
cit_3126,3126,TIMBO,py_ctrm_fcws.distri_62,base.py,py_ctrm_fcws.state_py_6
cit_3127,3127,TORO BLANCO,py_ctrm_fcws.distri_62,base.py,py_ctrm_fcws.state_py_6
cit_3128,3128,TORIN,py_ctrm_fcws.distri_62,base.py,py_ctrm_fcws.state_py_6
cit_3129,3129,VILLA SAN JUAN,py_ctrm_fcws.distri_62,base.py,py_ctrm_fcws.state_py_6
cit_3130,3130,VOLCAN CUA,py_ctrm_fcws.distri_62,base.py,py_ctrm_fcws.state_py_6
cit_3131,3131,Y-ROYUÑA,py_ctrm_fcws.distri_62,base.py,py_ctrm_fcws.state_py_6
cit_3132,3132,YACARE,py_ctrm_fcws.distri_62,base.py,py_ctrm_fcws.state_py_6
cit_3133,3133,YAGUATAI,py_ctrm_fcws.distri_62,base.py,py_ctrm_fcws.state_py_6
cit_3134,3134,YURUNI,py_ctrm_fcws.distri_62,base.py,py_ctrm_fcws.state_py_6
cit_3135,3135,YAYBY,py_ctrm_fcws.distri_62,base.py,py_ctrm_fcws.state_py_6
cit_3136,3136,YPECUA,py_ctrm_fcws.distri_62,base.py,py_ctrm_fcws.state_py_6
cit_3137,3137,ZANJA JHU,py_ctrm_fcws.distri_62,base.py,py_ctrm_fcws.state_py_6
cit_3138,3138,ZANJA PYTA (CAPI-I),py_ctrm_fcws.distri_62,base.py,py_ctrm_fcws.state_py_6
cit_3139,3139,ÑURUNDIAY,py_ctrm_fcws.distri_62,base.py,py_ctrm_fcws.state_py_6
cit_6357,6357,GUARRAUNGUA 2DA,py_ctrm_fcws.distri_62,base.py,py_ctrm_fcws.state_py_6
cit_6358,6358,LA FABRIL,py_ctrm_fcws.distri_62,base.py,py_ctrm_fcws.state_py_6
cit_6359,6359,"MANZANA ""E"" ( YBAJAHI )",py_ctrm_fcws.distri_62,base.py,py_ctrm_fcws.state_py_6
cit_6360,6360,MBURURU base.py,py_ctrm_fcws.distri_62,base.py,py_ctrm_fcws.state_py_6
cit_6361,6361,OVEÑA 2DA. LINEA,py_ctrm_fcws.distri_62,base.py,py_ctrm_fcws.state_py_6
cit_6362,6362,PASO YOBAY,py_ctrm_fcws.distri_62,base.py,py_ctrm_fcws.state_py_6
cit_6363,6363,POTRERO SAN JUAN,py_ctrm_fcws.distri_62,base.py,py_ctrm_fcws.state_py_6
cit_6364,6364,RAMONITA,py_ctrm_fcws.distri_62,base.py,py_ctrm_fcws.state_py_6
cit_6365,6365,SAN ISIDRO (COL.J.D.OCAMPOS),py_ctrm_fcws.distri_62,base.py,py_ctrm_fcws.state_py_6
cit_3140,3140,CARAYAO,py_ctrm_fcws.distri_63,base.py,py_ctrm_fcws.state_py_6
cit_3141,3141,17 MIL,py_ctrm_fcws.distri_63,base.py,py_ctrm_fcws.state_py_6
cit_3142,3142,4 MIL,py_ctrm_fcws.distri_63,base.py,py_ctrm_fcws.state_py_6
cit_3143,3143,ALEMAN CUE,py_ctrm_fcws.distri_63,base.py,py_ctrm_fcws.state_py_6
cit_3144,3144,AMANBAY,py_ctrm_fcws.distri_63,base.py,py_ctrm_fcws.state_py_6
cit_3145,3145,APYA,py_ctrm_fcws.distri_63,base.py,py_ctrm_fcws.state_py_6
cit_3146,3146,ARROYITO,py_ctrm_fcws.distri_63,base.py,py_ctrm_fcws.state_py_6
cit_3147,3147,ARROYO GUAZU,py_ctrm_fcws.distri_63,base.py,py_ctrm_fcws.state_py_6
cit_3148,3148,ARROYO HONDO,py_ctrm_fcws.distri_63,base.py,py_ctrm_fcws.state_py_6
cit_3149,3149,CAFETAL,py_ctrm_fcws.distri_63,base.py,py_ctrm_fcws.state_py_6
cit_3150,3150,CAMPO REDONDO,py_ctrm_fcws.distri_63,base.py,py_ctrm_fcws.state_py_6
cit_3151,3151,CARAYAO (MUNICIPIO),py_ctrm_fcws.distri_63,base.py,py_ctrm_fcws.state_py_6
cit_3151,3151,CARAYAO (MUNICIPIO),py_ctrm_fcws.distri_63,base.py,py_ctrm_fcws.state_py_6
cit_3151,3151,CARAYAO (MUNICIPIO),py_ctrm_fcws.distri_63,base.py,py_ctrm_fcws.state_py_6
cit_3152,3152,CARRO SAINGO,py_ctrm_fcws.distri_63,base.py,py_ctrm_fcws.state_py_6
cit_3153,3153,CARUGUA,py_ctrm_fcws.distri_63,base.py,py_ctrm_fcws.state_py_6
cit_3154,3154,CATALDO CAÑADA,py_ctrm_fcws.distri_63,base.py,py_ctrm_fcws.state_py_6
cit_3155,3155,CERRO CORA,py_ctrm_fcws.distri_63,base.py,py_ctrm_fcws.state_py_6
cit_3156,3156,COL. UNIDA PARAGUAYA,py_ctrm_fcws.distri_63,base.py,py_ctrm_fcws.state_py_6
cit_3157,3157,COMISARIA CUE,py_ctrm_fcws.distri_63,base.py,py_ctrm_fcws.state_py_6
cit_3158,3158,COSTA LOMA,py_ctrm_fcws.distri_63,base.py,py_ctrm_fcws.state_py_6
cit_3159,3159,COSTA ROMERO,py_ctrm_fcws.distri_63,base.py,py_ctrm_fcws.state_py_6
cit_3160,3160,DOCE MIL,py_ctrm_fcws.distri_63,base.py,py_ctrm_fcws.state_py_6
cit_3161,3161,DIAZ CUE,py_ctrm_fcws.distri_63,base.py,py_ctrm_fcws.state_py_6
cit_3162,3162,DISTANCIA MORALES,py_ctrm_fcws.distri_63,base.py,py_ctrm_fcws.state_py_6
cit_3163,3163,ESTANCIA SARAMBI,py_ctrm_fcws.distri_63,base.py,py_ctrm_fcws.state_py_6
cit_3164,3164,ISLERIA,py_ctrm_fcws.distri_63,base.py,py_ctrm_fcws.state_py_6
cit_3165,3165,ITA CORA,py_ctrm_fcws.distri_63,base.py,py_ctrm_fcws.state_py_6
cit_3166,3166,LIMPIO,py_ctrm_fcws.distri_63,base.py,py_ctrm_fcws.state_py_6
cit_3167,3167,OCHO MIL,py_ctrm_fcws.distri_63,base.py,py_ctrm_fcws.state_py_6
cit_3168,3168,PARA GUAZU,py_ctrm_fcws.distri_63,base.py,py_ctrm_fcws.state_py_6
cit_3169,3169,PEGUAJHO,py_ctrm_fcws.distri_63,base.py,py_ctrm_fcws.state_py_6
cit_3170,3170,PINDO CORA,py_ctrm_fcws.distri_63,base.py,py_ctrm_fcws.state_py_6
cit_3171,3171,POTRERITO,py_ctrm_fcws.distri_63,base.py,py_ctrm_fcws.state_py_6
cit_3172,3172,POTRERO GUAZU,py_ctrm_fcws.distri_63,base.py,py_ctrm_fcws.state_py_6
cit_3173,3173,POTRERO GUAZU (I.N.D.),py_ctrm_fcws.distri_63,base.py,py_ctrm_fcws.state_py_6
cit_3174,3174,POTRERO STA.CATALINA,py_ctrm_fcws.distri_63,base.py,py_ctrm_fcws.state_py_6
cit_3175,3175,PUNTA GUAZU,py_ctrm_fcws.distri_63,base.py,py_ctrm_fcws.state_py_6
cit_3176,3176,RETIRO ESTANCIA MORALES,py_ctrm_fcws.distri_63,base.py,py_ctrm_fcws.state_py_6
cit_3177,3177,TAPYI,py_ctrm_fcws.distri_63,base.py,py_ctrm_fcws.state_py_6
cit_3178,3178,TIQUINE,py_ctrm_fcws.distri_63,base.py,py_ctrm_fcws.state_py_6
cit_3179,3179,YAGUA PETYNDY CUE,py_ctrm_fcws.distri_63,base.py,py_ctrm_fcws.state_py_6
cit_3180,3180,YEIBY,py_ctrm_fcws.distri_63,base.py,py_ctrm_fcws.state_py_6
cit_3181,3181,CECILIO BAEZ,py_ctrm_fcws.distri_64,base.py,py_ctrm_fcws.state_py_6
cit_3181,3181,CECILIO BAEZ,py_ctrm_fcws.distri_64,base.py,py_ctrm_fcws.state_py_6
cit_3181,3181,CECILIO BAEZ,py_ctrm_fcws.distri_64,base.py,py_ctrm_fcws.state_py_6
cit_3181,3181,CECILIO BAEZ,py_ctrm_fcws.distri_64,base.py,py_ctrm_fcws.state_py_6
cit_3181,3181,CECILIO BAEZ,py_ctrm_fcws.distri_64,base.py,py_ctrm_fcws.state_py_6
cit_3181,3181,CECILIO BAEZ,py_ctrm_fcws.distri_64,base.py,py_ctrm_fcws.state_py_6
cit_3181,3181,CECILIO BAEZ,py_ctrm_fcws.distri_64,base.py,py_ctrm_fcws.state_py_6
cit_3182,3182,ARROYO PORA,py_ctrm_fcws.distri_64,base.py,py_ctrm_fcws.state_py_6
cit_3183,3183,BOLA CUA,py_ctrm_fcws.distri_64,base.py,py_ctrm_fcws.state_py_6
cit_3184,3184,BOZARQUIZ,py_ctrm_fcws.distri_64,base.py,py_ctrm_fcws.state_py_6
cit_3185,3185,CAATY,py_ctrm_fcws.distri_64,base.py,py_ctrm_fcws.state_py_6
cit_3186,3186,CAATY MI,py_ctrm_fcws.distri_64,base.py,py_ctrm_fcws.state_py_6
cit_3187,3187,CAATY MI GUAZU,py_ctrm_fcws.distri_64,base.py,py_ctrm_fcws.state_py_6
cit_3188,3188,CALLE 1RO. DE MAYO,py_ctrm_fcws.distri_64,base.py,py_ctrm_fcws.state_py_6
cit_3189,3189,CARRO GUY,py_ctrm_fcws.distri_64,base.py,py_ctrm_fcws.state_py_6
cit_3190,3190,CAÑADA,py_ctrm_fcws.distri_64,base.py,py_ctrm_fcws.state_py_6
cit_3191,3191,CECILIO BAEZ,py_ctrm_fcws.distri_64,base.py,py_ctrm_fcws.state_py_6
cit_3192,3192,CERRO SANTA ANA,py_ctrm_fcws.distri_64,base.py,py_ctrm_fcws.state_py_6
cit_3193,3193,COSTA VILLALBA,py_ctrm_fcws.distri_64,base.py,py_ctrm_fcws.state_py_6
cit_3194,3194,CUÑANDAYTY,py_ctrm_fcws.distri_64,base.py,py_ctrm_fcws.state_py_6
cit_3195,3195,EMPALADO,py_ctrm_fcws.distri_64,base.py,py_ctrm_fcws.state_py_6
cit_3196,3196,ESTANCIA SAN IGNACIO,py_ctrm_fcws.distri_64,base.py,py_ctrm_fcws.state_py_6
cit_3197,3197,ESTANCIA SANTA ANA,py_ctrm_fcws.distri_64,base.py,py_ctrm_fcws.state_py_6
cit_3198,3198,GUAVIRATY,py_ctrm_fcws.distri_64,base.py,py_ctrm_fcws.state_py_6
cit_3199,3199,JHUGUA GUAZU,py_ctrm_fcws.distri_64,base.py,py_ctrm_fcws.state_py_6
cit_3200,3200,JHUGUA POI,py_ctrm_fcws.distri_64,base.py,py_ctrm_fcws.state_py_6
cit_3201,3201,KIRAY,py_ctrm_fcws.distri_64,base.py,py_ctrm_fcws.state_py_6
cit_3202,3202,OCULTO (POTRERO),py_ctrm_fcws.distri_64,base.py,py_ctrm_fcws.state_py_6
cit_3203,3203,PASO ITA,py_ctrm_fcws.distri_64,base.py,py_ctrm_fcws.state_py_6
cit_3204,3204,POTRERO,py_ctrm_fcws.distri_64,base.py,py_ctrm_fcws.state_py_6
cit_3205,3205,POTRERO ACEVAL,py_ctrm_fcws.distri_64,base.py,py_ctrm_fcws.state_py_6
cit_3206,3206,POTRERO VILLALBA,py_ctrm_fcws.distri_64,base.py,py_ctrm_fcws.state_py_6
cit_3207,3207,PUESTO GARRIDO,py_ctrm_fcws.distri_64,base.py,py_ctrm_fcws.state_py_6
cit_3208,3208,SAN AGUSTIN,py_ctrm_fcws.distri_64,base.py,py_ctrm_fcws.state_py_6
cit_3209,3209,SAROBY,py_ctrm_fcws.distri_64,base.py,py_ctrm_fcws.state_py_6
cit_3210,3210,TORORO,py_ctrm_fcws.distri_64,base.py,py_ctrm_fcws.state_py_6
cit_3211,3211,URUCUTIY,py_ctrm_fcws.distri_64,base.py,py_ctrm_fcws.state_py_6
cit_3212,3212,YCUA RUGUA,py_ctrm_fcws.distri_64,base.py,py_ctrm_fcws.state_py_6
cit_3213,3213,ÑUbase.py,py_ctrm_fcws.distri_64,base.py,py_ctrm_fcws.state_py_6
cit_3214,3214,HUGO STROESSNER,py_ctrm_fcws.distri_65,base.py,py_ctrm_fcws.state_py_6
cit_3215,3215,BOQUERON,py_ctrm_fcws.distri_65,base.py,py_ctrm_fcws.state_py_6
cit_3216,3216,BOTREL (ESTERO),py_ctrm_fcws.distri_65,base.py,py_ctrm_fcws.state_py_6
cit_3217,3217,CARACHI,py_ctrm_fcws.distri_65,base.py,py_ctrm_fcws.state_py_6
cit_3218,3218,COL. NUEVA AUSTRALIA,py_ctrm_fcws.distri_65,base.py,py_ctrm_fcws.state_py_6
cit_3219,3219,ESTANCIA ELIZABETH,py_ctrm_fcws.distri_65,base.py,py_ctrm_fcws.state_py_6
cit_3220,3220,ESTANCIA SACIAIN,py_ctrm_fcws.distri_65,base.py,py_ctrm_fcws.state_py_6
cit_3221,3221,GUAVIRA,py_ctrm_fcws.distri_65,base.py,py_ctrm_fcws.state_py_6
cit_3222,3222,H. STROESSNER (N.LONDRES-MUNI),py_ctrm_fcws.distri_65,base.py,py_ctrm_fcws.state_py_6
cit_3223,3223,JHUGUA,py_ctrm_fcws.distri_65,base.py,py_ctrm_fcws.state_py_6
cit_3224,3224,JHUGUA YERE,py_ctrm_fcws.distri_65,base.py,py_ctrm_fcws.state_py_6
cit_3225,3225,LA NOVIA,py_ctrm_fcws.distri_65,base.py,py_ctrm_fcws.state_py_6
cit_3226,3226,LA PASTORA ESTANCIA,py_ctrm_fcws.distri_65,base.py,py_ctrm_fcws.state_py_6
cit_3227,3227,LA VOGUI,py_ctrm_fcws.distri_65,base.py,py_ctrm_fcws.state_py_6
cit_3228,3228,LEIVA,py_ctrm_fcws.distri_65,base.py,py_ctrm_fcws.state_py_6
cit_3229,3229,LEÑA CUE,py_ctrm_fcws.distri_65,base.py,py_ctrm_fcws.state_py_6
cit_3230,3230,LOMA RUGUA,py_ctrm_fcws.distri_65,base.py,py_ctrm_fcws.state_py_6
cit_3231,3231,MARIA AUXILIADORA,py_ctrm_fcws.distri_65,base.py,py_ctrm_fcws.state_py_6
cit_3232,3232,MBOBERA JHAGUA,py_ctrm_fcws.distri_65,base.py,py_ctrm_fcws.state_py_6
cit_3233,3233,POTRERO ITACURUBI,py_ctrm_fcws.distri_65,base.py,py_ctrm_fcws.state_py_6
cit_3234,3234,SAN ANTONIO,py_ctrm_fcws.distri_65,base.py,py_ctrm_fcws.state_py_6
cit_3235,3235,SAN ISIDRO 1RA. Y 2DA.,py_ctrm_fcws.distri_65,base.py,py_ctrm_fcws.state_py_6
cit_3236,3236,SAN MIGUEL,py_ctrm_fcws.distri_65,base.py,py_ctrm_fcws.state_py_6
cit_3237,3237,SAN MIGUEL,py_ctrm_fcws.distri_65,base.py,py_ctrm_fcws.state_py_6
cit_3238,3238,SANTA ROSA,py_ctrm_fcws.distri_65,base.py,py_ctrm_fcws.state_py_6
cit_3239,3239,SANTO DOMINGO,py_ctrm_fcws.distri_65,base.py,py_ctrm_fcws.state_py_6
cit_3240,3240,TAPE TUYA,py_ctrm_fcws.distri_65,base.py,py_ctrm_fcws.state_py_6
cit_3241,3241,TEYU RUGUAI,py_ctrm_fcws.distri_65,base.py,py_ctrm_fcws.state_py_6
cit_3242,3242,VISTA ALEGRE,py_ctrm_fcws.distri_65,base.py,py_ctrm_fcws.state_py_6
cit_3243,3243,YUKYRY,py_ctrm_fcws.distri_65,base.py,py_ctrm_fcws.state_py_6
cit_3244,3244,ÑANDU CUA,py_ctrm_fcws.distri_65,base.py,py_ctrm_fcws.state_py_6
cit_6366,6366,POTRERO TUYA,py_ctrm_fcws.distri_65,base.py,py_ctrm_fcws.state_py_6
cit_6367,6367,SANTA LIBRADA,py_ctrm_fcws.distri_65,base.py,py_ctrm_fcws.state_py_6
cit_6368,6368,YTEU ITA,py_ctrm_fcws.distri_65,base.py,py_ctrm_fcws.state_py_6
cit_525,525,TORIN INDIGENA 2DA.,py_ctrm_fcws.distri_66,base.py,py_ctrm_fcws.state_py_6
cit_526,526,TRAPICHE,py_ctrm_fcws.distri_66,base.py,py_ctrm_fcws.state_py_6
cit_527,527,TUCU CANGUE,py_ctrm_fcws.distri_66,base.py,py_ctrm_fcws.state_py_6
cit_528,528,UNION,py_ctrm_fcws.distri_66,base.py,py_ctrm_fcws.state_py_6
cit_529,529,YBU,py_ctrm_fcws.distri_66,base.py,py_ctrm_fcws.state_py_6
cit_530,530,YOIBY,py_ctrm_fcws.distri_66,base.py,py_ctrm_fcws.state_py_6
cit_531,531,YUKYRY,py_ctrm_fcws.distri_66,base.py,py_ctrm_fcws.state_py_6
cit_532,532,YUKYRY (COMPAÑIA),py_ctrm_fcws.distri_66,base.py,py_ctrm_fcws.state_py_6
cit_533,533,YUKYRY 2DA.,py_ctrm_fcws.distri_66,base.py,py_ctrm_fcws.state_py_6
cit_534,534,YUKYRY INDIGENA,py_ctrm_fcws.distri_66,base.py,py_ctrm_fcws.state_py_6
cit_535,535,ZELANO,py_ctrm_fcws.distri_66,base.py,py_ctrm_fcws.state_py_6
cit_536,536,ÑATIURY 1RO.,py_ctrm_fcws.distri_66,base.py,py_ctrm_fcws.state_py_6
cit_537,537,ÑATIURY GUAZU,py_ctrm_fcws.distri_66,base.py,py_ctrm_fcws.state_py_6
cit_538,538,ÑATIURY MI,py_ctrm_fcws.distri_66,base.py,py_ctrm_fcws.state_py_6
cit_539,539,ÑATIURY-MI 2DA.LINEA,py_ctrm_fcws.distri_66,base.py,py_ctrm_fcws.state_py_6
cit_540,540,ÑUbase.py,py_ctrm_fcws.distri_66,base.py,py_ctrm_fcws.state_py_6
cit_2154,2154,R.I.6 2DA.LINEA,py_ctrm_fcws.distri_66,base.py,py_ctrm_fcws.state_py_6
cit_2155,2155,R.I.6 BOQUERON,py_ctrm_fcws.distri_66,base.py,py_ctrm_fcws.state_py_6
cit_2156,2156,SAN AGUSTIN,py_ctrm_fcws.distri_66,base.py,py_ctrm_fcws.state_py_6
cit_2157,2157,SAN JOAQUIN (MUNICIPIO),py_ctrm_fcws.distri_66,base.py,py_ctrm_fcws.state_py_6
cit_2158,2158,SAN MIGUEL,py_ctrm_fcws.distri_66,base.py,py_ctrm_fcws.state_py_6
cit_2159,2159,TACUAPI,py_ctrm_fcws.distri_66,base.py,py_ctrm_fcws.state_py_6
cit_2160,2160,TAPIRACUAI,py_ctrm_fcws.distri_66,base.py,py_ctrm_fcws.state_py_6
cit_2161,2161,TAPIRACUAI LOMA,py_ctrm_fcws.distri_66,base.py,py_ctrm_fcws.state_py_6
cit_2162,2162,TARUMA-I,py_ctrm_fcws.distri_66,base.py,py_ctrm_fcws.state_py_6
cit_2163,2163,TEJAS CUE,py_ctrm_fcws.distri_66,base.py,py_ctrm_fcws.state_py_6
cit_2164,2164,TEYU PA,py_ctrm_fcws.distri_66,base.py,py_ctrm_fcws.state_py_6
cit_2165,2165,TORO ACA,py_ctrm_fcws.distri_66,base.py,py_ctrm_fcws.state_py_6
cit_2166,2166,TORIN 2DA.,py_ctrm_fcws.distri_66,base.py,py_ctrm_fcws.state_py_6
cit_2167,2167,TORIN CUE,py_ctrm_fcws.distri_66,base.py,py_ctrm_fcws.state_py_6
cit_2168,2168,TORIN CUE INDIGENA,py_ctrm_fcws.distri_66,base.py,py_ctrm_fcws.state_py_6
cit_3245,3245,SAN JOAQUIN,py_ctrm_fcws.distri_66,base.py,py_ctrm_fcws.state_py_6
cit_3246,3246,2DA.LINEA AÑARETANGUE,py_ctrm_fcws.distri_66,base.py,py_ctrm_fcws.state_py_6
cit_3247,3247,ACARETANGUE CALLE 2DA.,py_ctrm_fcws.distri_66,base.py,py_ctrm_fcws.state_py_6
cit_3248,3248,ADMINISTRACION FINAY,py_ctrm_fcws.distri_66,base.py,py_ctrm_fcws.state_py_6
cit_3249,3249,ARROYO ACARETANGUE,py_ctrm_fcws.distri_66,base.py,py_ctrm_fcws.state_py_6
cit_3250,3250,CABAYU RAY,py_ctrm_fcws.distri_66,base.py,py_ctrm_fcws.state_py_6
cit_3251,3251,CALLE 20,py_ctrm_fcws.distri_66,base.py,py_ctrm_fcws.state_py_6
cit_3252,3252,CAPIITINDY,py_ctrm_fcws.distri_66,base.py,py_ctrm_fcws.state_py_6
cit_3253,3253,CARPA CUE,py_ctrm_fcws.distri_66,base.py,py_ctrm_fcws.state_py_6
cit_3254,3254,CARPA CUE 1RA.LINEA,py_ctrm_fcws.distri_66,base.py,py_ctrm_fcws.state_py_6
cit_3255,3255,CERRITO,py_ctrm_fcws.distri_66,base.py,py_ctrm_fcws.state_py_6
cit_3256,3256,CERRITO FINAY,py_ctrm_fcws.distri_66,base.py,py_ctrm_fcws.state_py_6
cit_3257,3257,CERRO CUE,py_ctrm_fcws.distri_66,base.py,py_ctrm_fcws.state_py_6
cit_3258,3258,CHACHI,py_ctrm_fcws.distri_66,base.py,py_ctrm_fcws.state_py_6
cit_3259,3259,CHOLOLO,py_ctrm_fcws.distri_66,base.py,py_ctrm_fcws.state_py_6
cit_3260,3260,COL.JUAN R. CHAVEZ(SANTA ROSA),py_ctrm_fcws.distri_66,base.py,py_ctrm_fcws.state_py_6
cit_3261,3261,COSTA ALEGRE,py_ctrm_fcws.distri_66,base.py,py_ctrm_fcws.state_py_6
cit_3262,3262,COSTA GUAJHA,py_ctrm_fcws.distri_66,base.py,py_ctrm_fcws.state_py_6
cit_3263,3263,COSTA GUAJHA,py_ctrm_fcws.distri_66,base.py,py_ctrm_fcws.state_py_6
cit_3264,3264,GUAJHO,py_ctrm_fcws.distri_66,base.py,py_ctrm_fcws.state_py_6
cit_3265,3265,INDUSTRIA CUE,py_ctrm_fcws.distri_66,base.py,py_ctrm_fcws.state_py_6
cit_3266,3266,INVERNADA,py_ctrm_fcws.distri_66,base.py,py_ctrm_fcws.state_py_6
cit_3267,3267,ITA CUATIA,py_ctrm_fcws.distri_66,base.py,py_ctrm_fcws.state_py_6
cit_3268,3268,JHUGUA POI,py_ctrm_fcws.distri_66,base.py,py_ctrm_fcws.state_py_6
cit_3269,3269,JHU-YBARA,py_ctrm_fcws.distri_66,base.py,py_ctrm_fcws.state_py_6
cit_3270,3270,L. TAMBOR,py_ctrm_fcws.distri_66,base.py,py_ctrm_fcws.state_py_6
cit_3271,3271,LAGUNA PYTA,py_ctrm_fcws.distri_66,base.py,py_ctrm_fcws.state_py_6
cit_3272,3272,MANDYYUTYCUE,py_ctrm_fcws.distri_66,base.py,py_ctrm_fcws.state_py_6
cit_3273,3273,MBUTYY MI,py_ctrm_fcws.distri_66,base.py,py_ctrm_fcws.state_py_6
cit_3274,3274,MBUYUI CUA,py_ctrm_fcws.distri_66,base.py,py_ctrm_fcws.state_py_6
cit_3275,3275,MONTE ALTO,py_ctrm_fcws.distri_66,base.py,py_ctrm_fcws.state_py_6
cit_3276,3276,NOGUEIRO 2DA.,py_ctrm_fcws.distri_66,base.py,py_ctrm_fcws.state_py_6
cit_3277,3277,OLLA RUGUA,py_ctrm_fcws.distri_66,base.py,py_ctrm_fcws.state_py_6
cit_3278,3278,OMBU CUA,py_ctrm_fcws.distri_66,base.py,py_ctrm_fcws.state_py_6
cit_3279,3279,PASO ITA,py_ctrm_fcws.distri_66,base.py,py_ctrm_fcws.state_py_6
cit_3280,3280,PINDO,py_ctrm_fcws.distri_66,base.py,py_ctrm_fcws.state_py_6
cit_3281,3281,POTRERITO,py_ctrm_fcws.distri_66,base.py,py_ctrm_fcws.state_py_6
cit_3282,3282,POTRERITO 1RA.,py_ctrm_fcws.distri_66,base.py,py_ctrm_fcws.state_py_6
cit_3283,3283,POTRERO APUA,py_ctrm_fcws.distri_66,base.py,py_ctrm_fcws.state_py_6
cit_3284,3284,POTRERO GUAYAKI,py_ctrm_fcws.distri_66,base.py,py_ctrm_fcws.state_py_6
cit_3285,3285,POTRERO PUCU,py_ctrm_fcws.distri_66,base.py,py_ctrm_fcws.state_py_6
cit_3286,3286,POTRERO VERDE,py_ctrm_fcws.distri_66,base.py,py_ctrm_fcws.state_py_6
cit_6369,6369,3RA.LINEA,py_ctrm_fcws.distri_66,base.py,py_ctrm_fcws.state_py_6
cit_6370,6370,ARROYO PANAMBI,py_ctrm_fcws.distri_66,base.py,py_ctrm_fcws.state_py_6
cit_6371,6371,CAÑADA SAN BLAS,py_ctrm_fcws.distri_66,base.py,py_ctrm_fcws.state_py_6
cit_6372,6372,COL.JUAN E.BOGARIN,py_ctrm_fcws.distri_66,base.py,py_ctrm_fcws.state_py_6
cit_6373,6373,GUARDIA CUE,py_ctrm_fcws.distri_66,base.py,py_ctrm_fcws.state_py_6
cit_6374,6374,JHUGUA VERDE,py_ctrm_fcws.distri_66,base.py,py_ctrm_fcws.state_py_6
cit_6375,6375,MBUTYY,py_ctrm_fcws.distri_66,base.py,py_ctrm_fcws.state_py_6
cit_6376,6376,NOGUEIRO CUE,py_ctrm_fcws.distri_66,base.py,py_ctrm_fcws.state_py_6
cit_6377,6377,PIRI POTY,py_ctrm_fcws.distri_66,base.py,py_ctrm_fcws.state_py_6
cit_6378,6378,POTRERO JARDIN,py_ctrm_fcws.distri_66,base.py,py_ctrm_fcws.state_py_6
cit_541,541,SAN JOSE,py_ctrm_fcws.distri_67,base.py,py_ctrm_fcws.state_py_6
cit_542,542,CACHINDY,py_ctrm_fcws.distri_67,base.py,py_ctrm_fcws.state_py_6
cit_543,543,CARIY CAÑADA,py_ctrm_fcws.distri_67,base.py,py_ctrm_fcws.state_py_6
cit_544,544,COL.PTE. FRANCO,py_ctrm_fcws.distri_67,base.py,py_ctrm_fcws.state_py_6
cit_545,545,COSTA POI,py_ctrm_fcws.distri_67,base.py,py_ctrm_fcws.state_py_6
cit_546,546,COSTA PUCU,py_ctrm_fcws.distri_67,base.py,py_ctrm_fcws.state_py_6
cit_547,547,ESTANCIA BELLA VISTA,py_ctrm_fcws.distri_67,base.py,py_ctrm_fcws.state_py_6
cit_548,548,ESTANCIA CABRAL,py_ctrm_fcws.distri_67,base.py,py_ctrm_fcws.state_py_6
cit_549,549,ESTANCIA CABUREI,py_ctrm_fcws.distri_67,base.py,py_ctrm_fcws.state_py_6
cit_550,550,ESTANCIA H.,py_ctrm_fcws.distri_67,base.py,py_ctrm_fcws.state_py_6
cit_551,551,ESTANCIA SAN PATRICIO,py_ctrm_fcws.distri_67,base.py,py_ctrm_fcws.state_py_6
cit_552,552,ESTANCIA YUKERY,py_ctrm_fcws.distri_67,base.py,py_ctrm_fcws.state_py_6
cit_553,553,LAGUNA VERDE,py_ctrm_fcws.distri_67,base.py,py_ctrm_fcws.state_py_6
cit_554,554,MANDIO,py_ctrm_fcws.distri_67,base.py,py_ctrm_fcws.state_py_6
cit_555,555,MELLO,py_ctrm_fcws.distri_67,base.py,py_ctrm_fcws.state_py_6
cit_556,556,MONTE ALTO,py_ctrm_fcws.distri_67,base.py,py_ctrm_fcws.state_py_6
cit_557,557,POTRERITO,py_ctrm_fcws.distri_67,base.py,py_ctrm_fcws.state_py_6
cit_558,558,POTRERO IRALA,py_ctrm_fcws.distri_67,base.py,py_ctrm_fcws.state_py_6
cit_559,559,ROAS,py_ctrm_fcws.distri_67,base.py,py_ctrm_fcws.state_py_6
cit_560,560,SAN ISIDRO,py_ctrm_fcws.distri_67,base.py,py_ctrm_fcws.state_py_6
cit_561,561,SAN JOSE (MUNICIPIO),py_ctrm_fcws.distri_67,base.py,py_ctrm_fcws.state_py_6
cit_561,561,SAN JOSE (MUNICIPIO),py_ctrm_fcws.distri_67,base.py,py_ctrm_fcws.state_py_6
cit_561,561,SAN JOSE (MUNICIPIO),py_ctrm_fcws.distri_67,base.py,py_ctrm_fcws.state_py_6
cit_561,561,SAN JOSE (MUNICIPIO),py_ctrm_fcws.distri_67,base.py,py_ctrm_fcws.state_py_6
cit_562,562,SAN LUIS,py_ctrm_fcws.distri_67,base.py,py_ctrm_fcws.state_py_6
cit_563,563,SAN PATRICIO,py_ctrm_fcws.distri_67,base.py,py_ctrm_fcws.state_py_6
cit_564,564,TTE.DAKAC,py_ctrm_fcws.distri_67,base.py,py_ctrm_fcws.state_py_6
cit_565,565,U PAU,py_ctrm_fcws.distri_67,base.py,py_ctrm_fcws.state_py_6
cit_566,566,YACU BARRETO,py_ctrm_fcws.distri_67,base.py,py_ctrm_fcws.state_py_6
cit_567,567,YCUA PORA,py_ctrm_fcws.distri_67,base.py,py_ctrm_fcws.state_py_6
cit_568,568,YHACA,py_ctrm_fcws.distri_67,base.py,py_ctrm_fcws.state_py_6
cit_569,569,ÑA CUALI CUE,py_ctrm_fcws.distri_67,base.py,py_ctrm_fcws.state_py_6
cit_570,570,ÑANDU CUA,py_ctrm_fcws.distri_67,base.py,py_ctrm_fcws.state_py_6
cit_571,571,YHU,py_ctrm_fcws.distri_68,base.py,py_ctrm_fcws.state_py_6
cit_572,572,ADMINISTRACION KM.8,py_ctrm_fcws.distri_68,base.py,py_ctrm_fcws.state_py_6
cit_573,573,AGUADA,py_ctrm_fcws.distri_68,base.py,py_ctrm_fcws.state_py_6
cit_574,574,ARROYO PALOMARES,py_ctrm_fcws.distri_68,base.py,py_ctrm_fcws.state_py_6
cit_575,575,BAQUERIA,py_ctrm_fcws.distri_68,base.py,py_ctrm_fcws.state_py_6
cit_576,576,BELLA VISTA,py_ctrm_fcws.distri_68,base.py,py_ctrm_fcws.state_py_6
cit_577,577,BLANCARA,py_ctrm_fcws.distri_68,base.py,py_ctrm_fcws.state_py_6
cit_578,578,BUENA VISTA (YHU),py_ctrm_fcws.distri_68,base.py,py_ctrm_fcws.state_py_6
cit_579,579,BUEY CANGUE,py_ctrm_fcws.distri_68,base.py,py_ctrm_fcws.state_py_6
cit_580,580,CAMPANARIO,py_ctrm_fcws.distri_68,base.py,py_ctrm_fcws.state_py_6
cit_581,581,CANO CUE,py_ctrm_fcws.distri_68,base.py,py_ctrm_fcws.state_py_6
cit_582,582,CARRENTINA (SAN MIGUEL),py_ctrm_fcws.distri_68,base.py,py_ctrm_fcws.state_py_6
cit_583,583,CARRERIAS,py_ctrm_fcws.distri_68,base.py,py_ctrm_fcws.state_py_6
cit_584,584,CAÑADA MONDAY,py_ctrm_fcws.distri_68,base.py,py_ctrm_fcws.state_py_6
cit_585,585,CAÑADITA,py_ctrm_fcws.distri_68,base.py,py_ctrm_fcws.state_py_6
cit_586,586,CEDRO TY,py_ctrm_fcws.distri_68,base.py,py_ctrm_fcws.state_py_6
cit_587,587,COL.JUAN L. MALLORQUIN,py_ctrm_fcws.distri_68,base.py,py_ctrm_fcws.state_py_6
cit_588,588,JUAN S. BOGARIN,py_ctrm_fcws.distri_68,base.py,py_ctrm_fcws.state_py_6
cit_589,589,COL.PABRAS,py_ctrm_fcws.distri_68,base.py,py_ctrm_fcws.state_py_6
cit_590,590,COL. RUSSEL SMITH,py_ctrm_fcws.distri_68,base.py,py_ctrm_fcws.state_py_6
cit_591,591,CORRENTINA GUAZU,py_ctrm_fcws.distri_68,base.py,py_ctrm_fcws.state_py_6
cit_592,592,COSTA BARRIOS,py_ctrm_fcws.distri_68,base.py,py_ctrm_fcws.state_py_6
cit_593,593,CURUPAY CARAPE,py_ctrm_fcws.distri_68,base.py,py_ctrm_fcws.state_py_6
cit_594,594,CURURU,py_ctrm_fcws.distri_68,base.py,py_ctrm_fcws.state_py_6
cit_595,595,CURURU LONONES,py_ctrm_fcws.distri_68,base.py,py_ctrm_fcws.state_py_6
cit_596,596,CURUZU KAA,py_ctrm_fcws.distri_68,base.py,py_ctrm_fcws.state_py_6
cit_597,597,CASILLA 2,py_ctrm_fcws.distri_68,base.py,py_ctrm_fcws.state_py_6
cit_598,598,DONCELLA,py_ctrm_fcws.distri_68,base.py,py_ctrm_fcws.state_py_6
cit_599,599,EPI-CUE,py_ctrm_fcws.distri_68,base.py,py_ctrm_fcws.state_py_6
cit_600,600,ESTANCIA MARGARITA,py_ctrm_fcws.distri_68,base.py,py_ctrm_fcws.state_py_6
cit_601,601,ESTANCIA PALOMARES,py_ctrm_fcws.distri_68,base.py,py_ctrm_fcws.state_py_6
cit_602,602,GUA A CUA,py_ctrm_fcws.distri_68,base.py,py_ctrm_fcws.state_py_6
cit_603,603,GUILLERMINA,py_ctrm_fcws.distri_68,base.py,py_ctrm_fcws.state_py_6
cit_604,604,GULLON POTRERO,py_ctrm_fcws.distri_68,base.py,py_ctrm_fcws.state_py_6
cit_605,605,HORNALLA CUE,py_ctrm_fcws.distri_68,base.py,py_ctrm_fcws.state_py_6
cit_606,606,IGAMI,py_ctrm_fcws.distri_68,base.py,py_ctrm_fcws.state_py_6
cit_607,607,INDIGENA ACARAY,py_ctrm_fcws.distri_68,base.py,py_ctrm_fcws.state_py_6
cit_608,608,ISLA TACUARA,py_ctrm_fcws.distri_68,base.py,py_ctrm_fcws.state_py_6
cit_609,609,ISLA YACU,py_ctrm_fcws.distri_68,base.py,py_ctrm_fcws.state_py_6
cit_610,610,LAGUNA,py_ctrm_fcws.distri_68,base.py,py_ctrm_fcws.state_py_6
cit_611,611,LAGUNA PYTA,py_ctrm_fcws.distri_68,base.py,py_ctrm_fcws.state_py_6
cit_612,612,LAGUNA VERA,py_ctrm_fcws.distri_68,base.py,py_ctrm_fcws.state_py_6
cit_613,613,MACHAIN CUE,py_ctrm_fcws.distri_68,base.py,py_ctrm_fcws.state_py_6
cit_614,614,MARACANA,py_ctrm_fcws.distri_68,base.py,py_ctrm_fcws.state_py_6
cit_615,615,MBARACAYU,py_ctrm_fcws.distri_68,base.py,py_ctrm_fcws.state_py_6
cit_616,616,MBARACAYU FLORIDO,py_ctrm_fcws.distri_68,base.py,py_ctrm_fcws.state_py_6
cit_617,617,MBOI-Y,py_ctrm_fcws.distri_68,base.py,py_ctrm_fcws.state_py_6
cit_618,618,NARVAEZ CUE,py_ctrm_fcws.distri_68,base.py,py_ctrm_fcws.state_py_6
cit_619,619,NDUN CUE,py_ctrm_fcws.distri_68,base.py,py_ctrm_fcws.state_py_6
cit_620,620,OBRAJE MBOCAYA-I,py_ctrm_fcws.distri_68,base.py,py_ctrm_fcws.state_py_6
cit_621,621,PALOMARES,py_ctrm_fcws.distri_68,base.py,py_ctrm_fcws.state_py_6
cit_622,622,PANAMBI,py_ctrm_fcws.distri_68,base.py,py_ctrm_fcws.state_py_6
cit_623,623,PASO CADENA,py_ctrm_fcws.distri_68,base.py,py_ctrm_fcws.state_py_6
cit_624,624,PASO ITA,py_ctrm_fcws.distri_68,base.py,py_ctrm_fcws.state_py_6
cit_625,625,PASTOREO-MI,py_ctrm_fcws.distri_68,base.py,py_ctrm_fcws.state_py_6
cit_626,626,PINDO,py_ctrm_fcws.distri_68,base.py,py_ctrm_fcws.state_py_6
cit_627,627,PIQUETE-CUE,py_ctrm_fcws.distri_68,base.py,py_ctrm_fcws.state_py_6
cit_628,628,PIRA-ÑARO,py_ctrm_fcws.distri_68,base.py,py_ctrm_fcws.state_py_6
cit_629,629,PLANCHADA TALAVERA,py_ctrm_fcws.distri_68,base.py,py_ctrm_fcws.state_py_6
cit_630,630,POTRERITO,py_ctrm_fcws.distri_68,base.py,py_ctrm_fcws.state_py_6
cit_631,631,POTRERO ALVAREZ,py_ctrm_fcws.distri_68,base.py,py_ctrm_fcws.state_py_6
cit_632,632,POTRERO CORA,py_ctrm_fcws.distri_68,base.py,py_ctrm_fcws.state_py_6
cit_633,633,POTRERO GUAZU,py_ctrm_fcws.distri_68,base.py,py_ctrm_fcws.state_py_6
cit_634,634,PUENTECITA,py_ctrm_fcws.distri_68,base.py,py_ctrm_fcws.state_py_6
cit_635,635,PUERTO JULIA,py_ctrm_fcws.distri_68,base.py,py_ctrm_fcws.state_py_6
cit_636,636,PUERTO MAMORA,py_ctrm_fcws.distri_68,base.py,py_ctrm_fcws.state_py_6
cit_637,637,PUERTO MANCUELLO,py_ctrm_fcws.distri_68,base.py,py_ctrm_fcws.state_py_6
cit_638,638,PUERTO MOROTI,py_ctrm_fcws.distri_68,base.py,py_ctrm_fcws.state_py_6
cit_639,639,PUESTO ALOJA,py_ctrm_fcws.distri_68,base.py,py_ctrm_fcws.state_py_6
cit_640,640,PUESTO INDIGENA,py_ctrm_fcws.distri_68,base.py,py_ctrm_fcws.state_py_6
cit_641,641,RANCHO CAPULLO,py_ctrm_fcws.distri_68,base.py,py_ctrm_fcws.state_py_6
cit_642,642,RANCHO ARENA,py_ctrm_fcws.distri_68,base.py,py_ctrm_fcws.state_py_6
cit_643,643,ROMERO CUE,py_ctrm_fcws.distri_68,base.py,py_ctrm_fcws.state_py_6
cit_644,644,RIOS CUE,py_ctrm_fcws.distri_68,base.py,py_ctrm_fcws.state_py_6
cit_645,645,SALMENA CUE,py_ctrm_fcws.distri_68,base.py,py_ctrm_fcws.state_py_6
cit_646,646,SAN ANTONIO,py_ctrm_fcws.distri_68,base.py,py_ctrm_fcws.state_py_6
cit_647,647,SAN  RAFAEL,py_ctrm_fcws.distri_68,base.py,py_ctrm_fcws.state_py_6
cit_648,648,SANJA MOROTI,py_ctrm_fcws.distri_68,base.py,py_ctrm_fcws.state_py_6
cit_649,649,SANTA ANA,py_ctrm_fcws.distri_68,base.py,py_ctrm_fcws.state_py_6
cit_650,650,SANTA LIBRADA,py_ctrm_fcws.distri_68,base.py,py_ctrm_fcws.state_py_6
cit_651,651,SANTA TERESA,py_ctrm_fcws.distri_68,base.py,py_ctrm_fcws.state_py_6
cit_652,652,SATI,py_ctrm_fcws.distri_68,base.py,py_ctrm_fcws.state_py_6
cit_653,653,SYRYCA,py_ctrm_fcws.distri_68,base.py,py_ctrm_fcws.state_py_6
cit_654,654,SANCHEZ CUE,py_ctrm_fcws.distri_68,base.py,py_ctrm_fcws.state_py_6
cit_655,655,TARUMA-I,py_ctrm_fcws.distri_68,base.py,py_ctrm_fcws.state_py_6
cit_656,656,TARUMA 1RA. Y 2DA. LINEA,py_ctrm_fcws.distri_68,base.py,py_ctrm_fcws.state_py_6
cit_657,657,TARUMA BOLSA,py_ctrm_fcws.distri_68,base.py,py_ctrm_fcws.state_py_6
cit_658,658,TOBATI,py_ctrm_fcws.distri_68,base.py,py_ctrm_fcws.state_py_6
cit_659,659,TURCO CUE,py_ctrm_fcws.distri_68,base.py,py_ctrm_fcws.state_py_6
cit_660,660,VALLE-I,py_ctrm_fcws.distri_68,base.py,py_ctrm_fcws.state_py_6
cit_661,661,VILLA MARIA BONITA,py_ctrm_fcws.distri_68,base.py,py_ctrm_fcws.state_py_6
cit_662,662,YACARE CAI,py_ctrm_fcws.distri_68,base.py,py_ctrm_fcws.state_py_6
cit_663,663,YAJHAPE-O,py_ctrm_fcws.distri_68,base.py,py_ctrm_fcws.state_py_6
cit_664,664,YAJHAPE-O 2DO.,py_ctrm_fcws.distri_68,base.py,py_ctrm_fcws.state_py_6
cit_665,665,YATAITY,py_ctrm_fcws.distri_68,base.py,py_ctrm_fcws.state_py_6
cit_666,666,YBYPYTA,py_ctrm_fcws.distri_68,base.py,py_ctrm_fcws.state_py_6
cit_667,667,YBYRACATU,py_ctrm_fcws.distri_68,base.py,py_ctrm_fcws.state_py_6
cit_668,668,YHU (MUNICIPIO),py_ctrm_fcws.distri_68,base.py,py_ctrm_fcws.state_py_6
cit_669,669,YOIBY,py_ctrm_fcws.distri_68,base.py,py_ctrm_fcws.state_py_6
cit_670,670,ZAPALLO,py_ctrm_fcws.distri_68,base.py,py_ctrm_fcws.state_py_6
cit_671,671,ZAYAS CUE,py_ctrm_fcws.distri_68,base.py,py_ctrm_fcws.state_py_6
cit_672,672,ÑEMBIARA,py_ctrm_fcws.distri_68,base.py,py_ctrm_fcws.state_py_6
cit_673,673,ÑURAVIYU,py_ctrm_fcws.distri_68,base.py,py_ctrm_fcws.state_py_6
cit_674,674,ÑU PUCU,py_ctrm_fcws.distri_68,base.py,py_ctrm_fcws.state_py_6
cit_6193,6193,OBRAJE SANTA CATALINA,py_ctrm_fcws.distri_68,base.py,py_ctrm_fcws.state_py_6
cit_6194,6194,PATRIMONIO,py_ctrm_fcws.distri_68,base.py,py_ctrm_fcws.state_py_6
cit_6195,6195,POROMBO JHE,py_ctrm_fcws.distri_68,base.py,py_ctrm_fcws.state_py_6
cit_6196,6196,PUERTO ESPINOZA,py_ctrm_fcws.distri_68,base.py,py_ctrm_fcws.state_py_6
cit_6197,6197,PUERTO PORVENIR,py_ctrm_fcws.distri_68,base.py,py_ctrm_fcws.state_py_6
cit_6198,6198,ROSILLO,py_ctrm_fcws.distri_68,base.py,py_ctrm_fcws.state_py_6
cit_6199,6199,SANJA JHU,py_ctrm_fcws.distri_68,base.py,py_ctrm_fcws.state_py_6
cit_6200,6200,SANTA ROSA,py_ctrm_fcws.distri_68,base.py,py_ctrm_fcws.state_py_6
cit_6201,6201,TARUMA,py_ctrm_fcws.distri_68,base.py,py_ctrm_fcws.state_py_6
cit_6202,6202,TORO,py_ctrm_fcws.distri_68,base.py,py_ctrm_fcws.state_py_6
cit_6203,6203,VILLALBA CUE,py_ctrm_fcws.distri_68,base.py,py_ctrm_fcws.state_py_6
cit_6204,6204,YATAI,py_ctrm_fcws.distri_68,base.py,py_ctrm_fcws.state_py_6
cit_6205,6205,YUQUYRY,py_ctrm_fcws.distri_68,base.py,py_ctrm_fcws.state_py_6
cit_6206,6206,ÑUMBUCU,py_ctrm_fcws.distri_68,base.py,py_ctrm_fcws.state_py_6
cit_675,675,JUAN MANUEL FRUTOS,py_ctrm_fcws.distri_69,base.py,py_ctrm_fcws.state_py_6
cit_676,676,1 2 LINEA (COL.PTE.STROESSNER),py_ctrm_fcws.distri_69,base.py,py_ctrm_fcws.state_py_6
cit_677,677,1A.LINEA YTU,py_ctrm_fcws.distri_69,base.py,py_ctrm_fcws.state_py_6
cit_678,678,2A. LINEA YTU,py_ctrm_fcws.distri_69,base.py,py_ctrm_fcws.state_py_6
cit_679,679,B. VISTA,py_ctrm_fcws.distri_69,base.py,py_ctrm_fcws.state_py_6
cit_680,680,CA.AY,py_ctrm_fcws.distri_69,base.py,py_ctrm_fcws.state_py_6
cit_681,681,CAIBO,py_ctrm_fcws.distri_69,base.py,py_ctrm_fcws.state_py_6
cit_682,682,CALLE 1 (COL.PTE.STROESSNER),py_ctrm_fcws.distri_69,base.py,py_ctrm_fcws.state_py_6
cit_683,683,CALLE 2 (PTE.STROESNER),py_ctrm_fcws.distri_69,base.py,py_ctrm_fcws.state_py_6
cit_684,684,CALLE 3 (PTE.STROESSNER),py_ctrm_fcws.distri_69,base.py,py_ctrm_fcws.state_py_6
cit_685,685,CALLE 4 SAN AGUSTIN,py_ctrm_fcws.distri_69,base.py,py_ctrm_fcws.state_py_6
cit_686,686,CALLE 5 YSAU,py_ctrm_fcws.distri_69,base.py,py_ctrm_fcws.state_py_6
cit_687,687,CAMPO 1 COL.BERTHAL,py_ctrm_fcws.distri_69,base.py,py_ctrm_fcws.state_py_6
cit_688,688,CAMPO 10 COL.BERTHAL,py_ctrm_fcws.distri_69,base.py,py_ctrm_fcws.state_py_6
cit_689,689,CAMPO 11 COL.BERTHAL,py_ctrm_fcws.distri_69,base.py,py_ctrm_fcws.state_py_6
cit_690,690,CAMPO 12 COL.BERTHAL,py_ctrm_fcws.distri_69,base.py,py_ctrm_fcws.state_py_6
cit_691,691,CAMPO 2 COL.BERTHAL,py_ctrm_fcws.distri_69,base.py,py_ctrm_fcws.state_py_6
cit_692,692,CAMPO 3 COL.BERTHAL,py_ctrm_fcws.distri_69,base.py,py_ctrm_fcws.state_py_6
cit_693,693,CAMPO 4 COL.BERTHAL,py_ctrm_fcws.distri_69,base.py,py_ctrm_fcws.state_py_6
cit_694,694,CAMPO 5 COL.BERTHAL,py_ctrm_fcws.distri_69,base.py,py_ctrm_fcws.state_py_6
cit_695,695,CAMPO 5 COL.BERTHAL,py_ctrm_fcws.distri_69,base.py,py_ctrm_fcws.state_py_6
cit_696,696,CAMPO 7 COL.BERTHAL,py_ctrm_fcws.distri_69,base.py,py_ctrm_fcws.state_py_6
cit_697,697,CAMPO 8 COL.BERTHAL,py_ctrm_fcws.distri_69,base.py,py_ctrm_fcws.state_py_6
cit_698,698,CAMPO 9 COL.BERTHAL,py_ctrm_fcws.distri_69,base.py,py_ctrm_fcws.state_py_6
cit_699,699,CARRERIA-I,py_ctrm_fcws.distri_69,base.py,py_ctrm_fcws.state_py_6
cit_700,700,COL.JUAN M. FRUTOS (MUNICIPIO),py_ctrm_fcws.distri_69,base.py,py_ctrm_fcws.state_py_6
cit_701,701,COL.STO.DOMINGO GUZMAN,py_ctrm_fcws.distri_69,base.py,py_ctrm_fcws.state_py_6
cit_702,702,CRUCE PASTOREO,py_ctrm_fcws.distri_69,base.py,py_ctrm_fcws.state_py_6
cit_703,703,ESTANCIA AQUINO,py_ctrm_fcws.distri_69,base.py,py_ctrm_fcws.state_py_6
cit_704,704,ESTANCIA FLEITAS,py_ctrm_fcws.distri_69,base.py,py_ctrm_fcws.state_py_6
cit_705,705,ESTANCIA GUGGIARI,py_ctrm_fcws.distri_69,base.py,py_ctrm_fcws.state_py_6
cit_706,706,ESTANCIA VERBENA,py_ctrm_fcws.distri_69,base.py,py_ctrm_fcws.state_py_6
cit_707,707,GRINGO CUE,py_ctrm_fcws.distri_69,base.py,py_ctrm_fcws.state_py_6
cit_708,708,ISLA VERA,py_ctrm_fcws.distri_69,base.py,py_ctrm_fcws.state_py_6
cit_709,709,LOPEZ-I,py_ctrm_fcws.distri_69,base.py,py_ctrm_fcws.state_py_6
cit_710,710,PUENTE VAVA,py_ctrm_fcws.distri_69,base.py,py_ctrm_fcws.state_py_6
cit_711,711,PUENTECITA,py_ctrm_fcws.distri_69,base.py,py_ctrm_fcws.state_py_6
cit_712,712,PUESTO CARMEN,py_ctrm_fcws.distri_69,base.py,py_ctrm_fcws.state_py_6
cit_713,713,PUESTO CURUPICAY,py_ctrm_fcws.distri_69,base.py,py_ctrm_fcws.state_py_6
cit_714,714,PUESTO ISIDRO FLEITAS.,py_ctrm_fcws.distri_69,base.py,py_ctrm_fcws.state_py_6
cit_715,715,PUESTO LAGUNITA (POTRERO),py_ctrm_fcws.distri_69,base.py,py_ctrm_fcws.state_py_6
cit_716,716,SAN AGUSTIN,py_ctrm_fcws.distri_69,base.py,py_ctrm_fcws.state_py_6
cit_717,717,SANJA PE,py_ctrm_fcws.distri_69,base.py,py_ctrm_fcws.state_py_6
cit_718,718,SANTA CARMEN,py_ctrm_fcws.distri_69,base.py,py_ctrm_fcws.state_py_6
cit_719,719,TATACUA-I,py_ctrm_fcws.distri_69,base.py,py_ctrm_fcws.state_py_6
cit_720,720,TEMBETARY,py_ctrm_fcws.distri_69,base.py,py_ctrm_fcws.state_py_6
cit_721,721,TORO CAI,py_ctrm_fcws.distri_69,base.py,py_ctrm_fcws.state_py_6
cit_722,722,TORIN,py_ctrm_fcws.distri_69,base.py,py_ctrm_fcws.state_py_6
cit_723,723,VALLE CUE,py_ctrm_fcws.distri_69,base.py,py_ctrm_fcws.state_py_6
cit_724,724,YACARE,py_ctrm_fcws.distri_69,base.py,py_ctrm_fcws.state_py_6
cit_725,725,YBYJHU,py_ctrm_fcws.distri_69,base.py,py_ctrm_fcws.state_py_6
cit_726,726,YBYRA POCA,py_ctrm_fcws.distri_69,base.py,py_ctrm_fcws.state_py_6
cit_727,727,YBU,py_ctrm_fcws.distri_69,base.py,py_ctrm_fcws.state_py_6
cit_728,728,YPANARA,py_ctrm_fcws.distri_69,base.py,py_ctrm_fcws.state_py_6
cit_729,729,YUKYRY,py_ctrm_fcws.distri_69,base.py,py_ctrm_fcws.state_py_6
cit_730,730,ÑURUNDIAY,py_ctrm_fcws.distri_69,base.py,py_ctrm_fcws.state_py_6
cit_731,731,REPATRIACION,py_ctrm_fcws.distri_70,base.py,py_ctrm_fcws.state_py_6
cit_731,731,REPATRIACION,py_ctrm_fcws.distri_70,base.py,py_ctrm_fcws.state_py_6
cit_731,731,REPATRIACION,py_ctrm_fcws.distri_70,base.py,py_ctrm_fcws.state_py_6
cit_732,732,3 DE noviembre,py_ctrm_fcws.distri_70,base.py,py_ctrm_fcws.state_py_6
cit_733,733,AVALOS A.JOSE (COLONIA),py_ctrm_fcws.distri_70,base.py,py_ctrm_fcws.state_py_6
cit_734,734,CHACO-RE (COLONIA),py_ctrm_fcws.distri_70,base.py,py_ctrm_fcws.state_py_6
cit_735,735,COL. REPATRIACION,py_ctrm_fcws.distri_70,base.py,py_ctrm_fcws.state_py_6
cit_736,736,COL.SAN MIGUEL,py_ctrm_fcws.distri_70,base.py,py_ctrm_fcws.state_py_6
cit_737,737,JUAN R. CHAVEZ,py_ctrm_fcws.distri_71,base.py,py_ctrm_fcws.state_py_6
cit_738,738,CIA. CERRO PYTA,py_ctrm_fcws.distri_71,base.py,py_ctrm_fcws.state_py_6
cit_739,739,CIA. COSTA CHAJHA,py_ctrm_fcws.distri_71,base.py,py_ctrm_fcws.state_py_6
cit_740,740,CIA.GUARDIA CUE,py_ctrm_fcws.distri_71,base.py,py_ctrm_fcws.state_py_6
cit_741,741,CIA. GUAZU RETA,py_ctrm_fcws.distri_71,base.py,py_ctrm_fcws.state_py_6
cit_742,742,CIA. JHUGUA GRANDE,py_ctrm_fcws.distri_71,base.py,py_ctrm_fcws.state_py_6
cit_743,743,CIA. POTRERITO,py_ctrm_fcws.distri_71,base.py,py_ctrm_fcws.state_py_6
cit_744,744,CIA. POTRERO,py_ctrm_fcws.distri_71,base.py,py_ctrm_fcws.state_py_6
cit_745,745,CIA. POTRERO JABON,py_ctrm_fcws.distri_71,base.py,py_ctrm_fcws.state_py_6
cit_746,746,CIA. SAN AGUSTIN,py_ctrm_fcws.distri_71,base.py,py_ctrm_fcws.state_py_6
cit_747,747,CIA. SANTA LUCIA,py_ctrm_fcws.distri_71,base.py,py_ctrm_fcws.state_py_6
cit_748,748,CIA. TRAPICHE,py_ctrm_fcws.distri_71,base.py,py_ctrm_fcws.state_py_6
cit_749,749,CIA. VIRGEN DE FATIMA,py_ctrm_fcws.distri_71,base.py,py_ctrm_fcws.state_py_6
cit_750,750,CIA. ÑATIURUGUAZU,py_ctrm_fcws.distri_71,base.py,py_ctrm_fcws.state_py_6
cit_751,751,ESTACION CABAYU RAY,py_ctrm_fcws.distri_71,base.py,py_ctrm_fcws.state_py_6
cit_752,752,J. EULOGIO ESTIGARRIBIA,py_ctrm_fcws.distri_72,base.py,py_ctrm_fcws.state_py_6
cit_752,752,J. EULOGIO ESTIGARRIBIA,py_ctrm_fcws.distri_72,base.py,py_ctrm_fcws.state_py_6
cit_752,752,J. EULOGIO ESTIGARRIBIA,py_ctrm_fcws.distri_72,base.py,py_ctrm_fcws.state_py_6
cit_752,752,J. EULOGIO ESTIGARRIBIA,py_ctrm_fcws.distri_72,base.py,py_ctrm_fcws.state_py_6
cit_752,752,J. EULOGIO ESTIGARRIBIA,py_ctrm_fcws.distri_72,base.py,py_ctrm_fcws.state_py_6
cit_752,752,J. EULOGIO ESTIGARRIBIA,py_ctrm_fcws.distri_72,base.py,py_ctrm_fcws.state_py_6
cit_752,752,J. EULOGIO ESTIGARRIBIA,py_ctrm_fcws.distri_72,base.py,py_ctrm_fcws.state_py_6
cit_752,752,J. EULOGIO ESTIGARRIBIA,py_ctrm_fcws.distri_72,base.py,py_ctrm_fcws.state_py_6
cit_753,753,CAMPO  9,py_ctrm_fcws.distri_72,base.py,py_ctrm_fcws.state_py_6
cit_754,754,COL.BERZTHAL,py_ctrm_fcws.distri_72,base.py,py_ctrm_fcws.state_py_6
cit_755,755,COL.GRAL.STROESSNER,py_ctrm_fcws.distri_72,base.py,py_ctrm_fcws.state_py_6
cit_756,756,CIA.MARACAGUA,py_ctrm_fcws.distri_72,base.py,py_ctrm_fcws.state_py_6
cit_757,757,JOSE D. OCAMPOS,py_ctrm_fcws.distri_73,base.py,py_ctrm_fcws.state_py_6
cit_758,758,CHARIDE,py_ctrm_fcws.distri_73,base.py,py_ctrm_fcws.state_py_6
cit_759,759,CIA. HILARIO CUE,py_ctrm_fcws.distri_73,base.py,py_ctrm_fcws.state_py_6
cit_760,760,ESTACION SAN LUIS,py_ctrm_fcws.distri_73,base.py,py_ctrm_fcws.state_py_6
cit_761,761,LA VIRGINIA,py_ctrm_fcws.distri_73,base.py,py_ctrm_fcws.state_py_6
cit_762,762,PASTOREO MI,py_ctrm_fcws.distri_73,base.py,py_ctrm_fcws.state_py_6
cit_763,763,SANTA CARMEN,py_ctrm_fcws.distri_73,base.py,py_ctrm_fcws.state_py_6
cit_764,764,TORIN,py_ctrm_fcws.distri_73,base.py,py_ctrm_fcws.state_py_6
cit_765,765,ZAPALLO,py_ctrm_fcws.distri_73,base.py,py_ctrm_fcws.state_py_6
cit_766,766,R.I.3 CORRALES,py_ctrm_fcws.distri_74,base.py,py_ctrm_fcws.state_py_6
cit_767,767,1ER. POTRERO,py_ctrm_fcws.distri_74,base.py,py_ctrm_fcws.state_py_6
cit_768,768,2DO. POTRERO,py_ctrm_fcws.distri_74,base.py,py_ctrm_fcws.state_py_6
cit_769,769,3R.POTRERO,py_ctrm_fcws.distri_74,base.py,py_ctrm_fcws.state_py_6
cit_770,770,CALLE 10,py_ctrm_fcws.distri_74,base.py,py_ctrm_fcws.state_py_6
cit_771,771,CALLE 12,py_ctrm_fcws.distri_74,base.py,py_ctrm_fcws.state_py_6
cit_772,772,CALLE 2,py_ctrm_fcws.distri_74,base.py,py_ctrm_fcws.state_py_6
cit_773,773,CALLE 4,py_ctrm_fcws.distri_74,base.py,py_ctrm_fcws.state_py_6
cit_774,774,CALLE 6,py_ctrm_fcws.distri_74,base.py,py_ctrm_fcws.state_py_6
cit_775,775,CALLE 8,py_ctrm_fcws.distri_74,base.py,py_ctrm_fcws.state_py_6
cit_776,776,PASO ITA,py_ctrm_fcws.distri_74,base.py,py_ctrm_fcws.state_py_6
cit_777,777,POTRERO BIYU,py_ctrm_fcws.distri_74,base.py,py_ctrm_fcws.state_py_6
cit_778,778,RAUL A. OVIEDO,py_ctrm_fcws.distri_75,base.py,py_ctrm_fcws.state_py_6
cit_779,779,BUENA VISTA,py_ctrm_fcws.distri_75,base.py,py_ctrm_fcws.state_py_6
cit_780,780,COL.CNEL TOLEDO,py_ctrm_fcws.distri_75,base.py,py_ctrm_fcws.state_py_6
cit_781,781,COL. GUAJHORY,py_ctrm_fcws.distri_75,base.py,py_ctrm_fcws.state_py_6
cit_782,782,COL. PANAMBI,py_ctrm_fcws.distri_75,base.py,py_ctrm_fcws.state_py_6
cit_783,783,COL. TEMBIAPORA,py_ctrm_fcws.distri_75,base.py,py_ctrm_fcws.state_py_6
cit_784,784,COL. TRES PALMAS,py_ctrm_fcws.distri_75,base.py,py_ctrm_fcws.state_py_6
cit_785,785,COL. CEDROTY,py_ctrm_fcws.distri_75,base.py,py_ctrm_fcws.state_py_6
cit_786,786,COMPAÑIA,py_ctrm_fcws.distri_75,base.py,py_ctrm_fcws.state_py_6
cit_787,787,COMPAÑIA LUCERO,py_ctrm_fcws.distri_75,base.py,py_ctrm_fcws.state_py_6
cit_788,788,COMPAÑIA PIRAY,py_ctrm_fcws.distri_75,base.py,py_ctrm_fcws.state_py_6
cit_789,789,COMPAÑIA SANCHEZ CUE,py_ctrm_fcws.distri_75,base.py,py_ctrm_fcws.state_py_6
cit_790,790,CIA. DONCELLA,py_ctrm_fcws.distri_75,base.py,py_ctrm_fcws.state_py_6
cit_791,791,ZAYAS CUE,py_ctrm_fcws.distri_75,base.py,py_ctrm_fcws.state_py_6
cit_6207,6207,COMPAÑIA ÑUABIYU,py_ctrm_fcws.distri_75,base.py,py_ctrm_fcws.state_py_6
cit_792,792,MCAL.F.SOLANO LOPEZ,py_ctrm_fcws.distri_76,base.py,py_ctrm_fcws.state_py_6
cit_793,793,COL.SANTA TERESA,py_ctrm_fcws.distri_76,base.py,py_ctrm_fcws.state_py_6
cit_794,794,CIA. BUENA VISTA,py_ctrm_fcws.distri_76,base.py,py_ctrm_fcws.state_py_6
cit_795,795,CIA. PASO BOLI,py_ctrm_fcws.distri_76,base.py,py_ctrm_fcws.state_py_6
cit_796,796,CIA. POTRERO BULLON,py_ctrm_fcws.distri_76,base.py,py_ctrm_fcws.state_py_6
cit_797,797,CIA. MACHAIN CUE,py_ctrm_fcws.distri_76,base.py,py_ctrm_fcws.state_py_6
cit_798,798,CIA. MACHIAN CUE,py_ctrm_fcws.distri_76,base.py,py_ctrm_fcws.state_py_6
cit_799,799,CIA. PALOMARES,py_ctrm_fcws.distri_76,base.py,py_ctrm_fcws.state_py_6
cit_800,800,PUESTO YUKERI,py_ctrm_fcws.distri_76,base.py,py_ctrm_fcws.state_py_6
cit_6208,6208,COL. PASO CADENA,py_ctrm_fcws.distri_76,base.py,py_ctrm_fcws.state_py_6
cit_6209,6209,CURUZU LORENZO,py_ctrm_fcws.distri_76,base.py,py_ctrm_fcws.state_py_6
cit_5704,5704,COL. BERTAL,py_ctrm_fcws.distri_227,base.py,py_ctrm_fcws.state_py_6
cit_5705,5705,SANCHE CUE,py_ctrm_fcws.distri_227,base.py,py_ctrm_fcws.state_py_6
cit_5714,5714,3 DE febrero,py_ctrm_fcws.distri_227,base.py,py_ctrm_fcws.state_py_6
cit_5706,5706,COL. HONDA,py_ctrm_fcws.distri_228,base.py,py_ctrm_fcws.state_py_6
cit_5707,5707,COL. MONSE|OR BOGARIN,py_ctrm_fcws.distri_228,base.py,py_ctrm_fcws.state_py_6
cit_5892,5892,SIMON BOLIVAR,py_ctrm_fcws.distri_228,base.py,py_ctrm_fcws.state_py_6
cit_5708,5708,CIA. YBU,py_ctrm_fcws.distri_229,base.py,py_ctrm_fcws.state_py_6
cit_5709,5709,CIA. PUENTECITO,py_ctrm_fcws.distri_229,base.py,py_ctrm_fcws.state_py_6
cit_5710,5710,CIA. CHACO I,py_ctrm_fcws.distri_229,base.py,py_ctrm_fcws.state_py_6
cit_5715,5715,LA PASTORA,py_ctrm_fcws.distri_229,base.py,py_ctrm_fcws.state_py_6
cit_5894,5894,CIA. RAMONITA,py_ctrm_fcws.distri_229,base.py,py_ctrm_fcws.state_py_6
cit_4600,4600,VAQUERIA,py_ctrm_fcws.distri_237,base.py,py_ctrm_fcws.state_py_6
cit_4610,4610,ESCULIES,py_ctrm_fcws.distri_244,base.py,py_ctrm_fcws.state_py_6
cit_6427,6427,TEMBIAPORA,py_ctrm_fcws.distri_275,base.py,py_ctrm_fcws.state_py_6
cit_6435,6435,NUEVA TOLEDO,py_ctrm_fcws.distri_276,base.py,py_ctrm_fcws.state_py_6
cit_4321,4321,CAAZAPA,py_ctrm_fcws.distri_77,base.py,py_ctrm_fcws.state_py_7
cit_4322,4322,20 DE JULIO (BOQUERON),py_ctrm_fcws.distri_77,base.py,py_ctrm_fcws.state_py_7
cit_4323,4323,ARROYO PORA,py_ctrm_fcws.distri_77,base.py,py_ctrm_fcws.state_py_7
cit_4324,4324,BOQUERON,py_ctrm_fcws.distri_77,base.py,py_ctrm_fcws.state_py_7
cit_4325,4325,CAAZAPA,py_ctrm_fcws.distri_77,base.py,py_ctrm_fcws.state_py_7
cit_4326,4326,CABAYU RETA,py_ctrm_fcws.distri_77,base.py,py_ctrm_fcws.state_py_7
cit_4327,4327,COL. COSME,py_ctrm_fcws.distri_77,base.py,py_ctrm_fcws.state_py_7
cit_4328,4328,COL. SARUBBI,py_ctrm_fcws.distri_77,base.py,py_ctrm_fcws.state_py_7
cit_4329,4329,ESTANCIA LA MILAGROSA,py_ctrm_fcws.distri_77,base.py,py_ctrm_fcws.state_py_7
cit_4330,4330,ESTANCIA MARISOL BERTOLO,py_ctrm_fcws.distri_77,base.py,py_ctrm_fcws.state_py_7
cit_4331,4331,ESTANCIA RIACHUELO,py_ctrm_fcws.distri_77,base.py,py_ctrm_fcws.state_py_7
cit_4332,4332,ESTANCIA ROSARIO,py_ctrm_fcws.distri_77,base.py,py_ctrm_fcws.state_py_7
cit_4333,4333,ESTANCIA SAN AGUSTIN,py_ctrm_fcws.distri_77,base.py,py_ctrm_fcws.state_py_7
cit_4334,4334,ESTANCIA SAN ISIDRO,py_ctrm_fcws.distri_77,base.py,py_ctrm_fcws.state_py_7
cit_4335,4335,ESTANCIA SAN NICOLAS,py_ctrm_fcws.distri_77,base.py,py_ctrm_fcws.state_py_7
cit_4336,4336,ESTANCIA SAPARA,py_ctrm_fcws.distri_77,base.py,py_ctrm_fcws.state_py_7
cit_4337,4337,ESTANCIA SARITA,py_ctrm_fcws.distri_77,base.py,py_ctrm_fcws.state_py_7
cit_4338,4338,GALEANO CUE,py_ctrm_fcws.distri_77,base.py,py_ctrm_fcws.state_py_7
cit_4339,4339,GUAVIRA,py_ctrm_fcws.distri_77,base.py,py_ctrm_fcws.state_py_7
cit_4340,4340,ISLA GUAZU,py_ctrm_fcws.distri_77,base.py,py_ctrm_fcws.state_py_7
cit_4341,4341,JHUGUA GUAZU,py_ctrm_fcws.distri_77,base.py,py_ctrm_fcws.state_py_7
cit_4342,4342,PASO PINDO,py_ctrm_fcws.distri_77,base.py,py_ctrm_fcws.state_py_7
cit_4343,4343,POTRERO GUAZU,py_ctrm_fcws.distri_77,base.py,py_ctrm_fcws.state_py_7
cit_4344,4344,POTRERO TATUY,py_ctrm_fcws.distri_77,base.py,py_ctrm_fcws.state_py_7
cit_4345,4345,ROJAS SILVA,py_ctrm_fcws.distri_77,base.py,py_ctrm_fcws.state_py_7
cit_4346,4346,ROSARIO TATUY,py_ctrm_fcws.distri_77,base.py,py_ctrm_fcws.state_py_7
cit_4347,4347,SAN AGUSTIN,py_ctrm_fcws.distri_77,base.py,py_ctrm_fcws.state_py_7
cit_4348,4348,SAN ANTONIO,py_ctrm_fcws.distri_77,base.py,py_ctrm_fcws.state_py_7
cit_4349,4349,SAN IGNACIO (BOQUERON),py_ctrm_fcws.distri_77,base.py,py_ctrm_fcws.state_py_7
cit_4350,4350,SAN JOSE,py_ctrm_fcws.distri_77,base.py,py_ctrm_fcws.state_py_7
cit_4351,4351,SAN MIGUEL,py_ctrm_fcws.distri_77,base.py,py_ctrm_fcws.state_py_7
cit_4352,4352,SAN PEDRO-MI,py_ctrm_fcws.distri_77,base.py,py_ctrm_fcws.state_py_7
cit_4353,4353,SAN ROQUE,py_ctrm_fcws.distri_77,base.py,py_ctrm_fcws.state_py_7
cit_4354,4354,SANTA CATALINA,py_ctrm_fcws.distri_77,base.py,py_ctrm_fcws.state_py_7
cit_4355,4355,SANTA LUCIA,py_ctrm_fcws.distri_77,base.py,py_ctrm_fcws.state_py_7
cit_4356,4356,SANTA TERESITA,py_ctrm_fcws.distri_77,base.py,py_ctrm_fcws.state_py_7
cit_4357,4357,SARANDI,py_ctrm_fcws.distri_77,base.py,py_ctrm_fcws.state_py_7
cit_4358,4358,VISCAINO CUE,py_ctrm_fcws.distri_77,base.py,py_ctrm_fcws.state_py_7
cit_4359,4359,YAJHAPETY,py_ctrm_fcws.distri_77,base.py,py_ctrm_fcws.state_py_7
cit_4360,4360,ÑANDUCUA,py_ctrm_fcws.distri_77,base.py,py_ctrm_fcws.state_py_7
cit_4361,4361,ÑAUMBY,py_ctrm_fcws.distri_77,base.py,py_ctrm_fcws.state_py_7
cit_4362,4362,ÑAUMBYTA,py_ctrm_fcws.distri_77,base.py,py_ctrm_fcws.state_py_7
cit_4363,4363,ÑU PYAJHU-MI,py_ctrm_fcws.distri_77,base.py,py_ctrm_fcws.state_py_7
cit_4364,4364,ÑU PYAJHU GUAZU,py_ctrm_fcws.distri_77,base.py,py_ctrm_fcws.state_py_7
cit_4365,4365,BUENA VISTA,py_ctrm_fcws.distri_78,base.py,py_ctrm_fcws.state_py_7
cit_4365,4365,BUENA VISTA,py_ctrm_fcws.distri_78,base.py,py_ctrm_fcws.state_py_7
cit_4365,4365,BUENA VISTA,py_ctrm_fcws.distri_78,base.py,py_ctrm_fcws.state_py_7
cit_4365,4365,BUENA VISTA,py_ctrm_fcws.distri_78,base.py,py_ctrm_fcws.state_py_7
cit_4365,4365,BUENA VISTA,py_ctrm_fcws.distri_78,base.py,py_ctrm_fcws.state_py_7
cit_4366,4366,BUENA VISTA,py_ctrm_fcws.distri_78,base.py,py_ctrm_fcws.state_py_7
cit_4367,4367,COCUERE,py_ctrm_fcws.distri_78,base.py,py_ctrm_fcws.state_py_7
cit_4368,4368,COSTEADA,py_ctrm_fcws.distri_78,base.py,py_ctrm_fcws.state_py_7
cit_4369,4369,GUAJHO,py_ctrm_fcws.distri_78,base.py,py_ctrm_fcws.state_py_7
cit_4370,4370,LOMA,py_ctrm_fcws.distri_78,base.py,py_ctrm_fcws.state_py_7
cit_4371,4371,SAN ISIDRO,py_ctrm_fcws.distri_78,base.py,py_ctrm_fcws.state_py_7
cit_4372,4372,SAN RAMON,py_ctrm_fcws.distri_78,base.py,py_ctrm_fcws.state_py_7
cit_4373,4373,SANTA ROSA,py_ctrm_fcws.distri_78,base.py,py_ctrm_fcws.state_py_7
cit_4374,4374,YAPEPO ISLA,py_ctrm_fcws.distri_78,base.py,py_ctrm_fcws.state_py_7
cit_4375,4375,YUI CUE,py_ctrm_fcws.distri_78,base.py,py_ctrm_fcws.state_py_7
cit_4376,4376,GRAL. H. MORINIGO,py_ctrm_fcws.distri_79,base.py,py_ctrm_fcws.state_py_7
cit_4377,4377,CAAGUY JHOVY,py_ctrm_fcws.distri_79,base.py,py_ctrm_fcws.state_py_7
cit_4378,4378,COSTA ESPERANZA,py_ctrm_fcws.distri_79,base.py,py_ctrm_fcws.state_py_7
cit_4379,4379,COSTA PIRAPO,py_ctrm_fcws.distri_79,base.py,py_ctrm_fcws.state_py_7
cit_4380,4380,DURAZNO,py_ctrm_fcws.distri_79,base.py,py_ctrm_fcws.state_py_7
cit_4381,4381,ESTANCIA SAN SIMON,py_ctrm_fcws.distri_79,base.py,py_ctrm_fcws.state_py_7
cit_4382,4382,ESTANCIA VALLE APUA,py_ctrm_fcws.distri_79,base.py,py_ctrm_fcws.state_py_7
cit_4383,4383,ESTANCIA YBA PYTA (PUESTO),py_ctrm_fcws.distri_79,base.py,py_ctrm_fcws.state_py_7
cit_4384,4384,GRAAL.H. MORINIGO (MUNIC.),py_ctrm_fcws.distri_79,base.py,py_ctrm_fcws.state_py_7
cit_4384,4384,GRAAL.H. MORINIGO (MUNIC.),py_ctrm_fcws.distri_79,base.py,py_ctrm_fcws.state_py_7
cit_4384,4384,GRAAL.H. MORINIGO (MUNIC.),py_ctrm_fcws.distri_79,base.py,py_ctrm_fcws.state_py_7
cit_4385,4385,GUYRA KEJHA,py_ctrm_fcws.distri_79,base.py,py_ctrm_fcws.state_py_7
cit_4386,4386,ISLA FLORIDO,py_ctrm_fcws.distri_79,base.py,py_ctrm_fcws.state_py_7
cit_4387,4387,MBARACAYA CUA,py_ctrm_fcws.distri_79,base.py,py_ctrm_fcws.state_py_7
cit_4388,4388,PATIÑO,py_ctrm_fcws.distri_79,base.py,py_ctrm_fcws.state_py_7
cit_4389,4389,PINDOYU,py_ctrm_fcws.distri_79,base.py,py_ctrm_fcws.state_py_7
cit_4390,4390,PIQUETE,py_ctrm_fcws.distri_79,base.py,py_ctrm_fcws.state_py_7
cit_4391,4391,SAN ESTANISLAO,py_ctrm_fcws.distri_79,base.py,py_ctrm_fcws.state_py_7
cit_4392,4392,SAN WENCESLAO,py_ctrm_fcws.distri_79,base.py,py_ctrm_fcws.state_py_7
cit_4393,4393,SANTA MARIA CHICA,py_ctrm_fcws.distri_79,base.py,py_ctrm_fcws.state_py_7
cit_4394,4394,SANTA MARIA GRANDE,py_ctrm_fcws.distri_79,base.py,py_ctrm_fcws.state_py_7
cit_5801,5801,KILOMETRO 50,py_ctrm_fcws.distri_79,base.py,py_ctrm_fcws.state_py_7
cit_5802,5802,SAN ANTONIO,py_ctrm_fcws.distri_79,base.py,py_ctrm_fcws.state_py_7
cit_5803,5803,SANTA MARIA JHUGUA,py_ctrm_fcws.distri_79,base.py,py_ctrm_fcws.state_py_7
cit_4395,4395,MACIEL,py_ctrm_fcws.distri_80,base.py,py_ctrm_fcws.state_py_7
cit_4396,4396,CARA CARA-I,py_ctrm_fcws.distri_80,base.py,py_ctrm_fcws.state_py_7
cit_4397,4397,COSTA DULCE,py_ctrm_fcws.distri_80,base.py,py_ctrm_fcws.state_py_7
cit_4398,4398,CURUZU PUCU,py_ctrm_fcws.distri_80,base.py,py_ctrm_fcws.state_py_7
cit_4399,4399,ESTANCIA ISLA PUCU,py_ctrm_fcws.distri_80,base.py,py_ctrm_fcws.state_py_7
cit_4400,4400,ESTANCIA SAN JUAN,py_ctrm_fcws.distri_80,base.py,py_ctrm_fcws.state_py_7
cit_4401,4401,ESTANCIA SAN LORENZO,py_ctrm_fcws.distri_80,base.py,py_ctrm_fcws.state_py_7
cit_4402,4402,ÑACANGUA,py_ctrm_fcws.distri_80,base.py,py_ctrm_fcws.state_py_7
cit_4403,4403,ISLA FLORIDO,py_ctrm_fcws.distri_80,base.py,py_ctrm_fcws.state_py_7
cit_4404,4404,MACIEL (MUNICIPIO),py_ctrm_fcws.distri_80,base.py,py_ctrm_fcws.state_py_7
cit_4405,4405,RETIRO ESTANCIA SAN JUAN,py_ctrm_fcws.distri_80,base.py,py_ctrm_fcws.state_py_7
cit_4406,4406,SAN FRANCISCO,py_ctrm_fcws.distri_80,base.py,py_ctrm_fcws.state_py_7
cit_4407,4407,SAN MIGUEL,py_ctrm_fcws.distri_80,base.py,py_ctrm_fcws.state_py_7
cit_4408,4408,SAN MIGUEL ISLA,py_ctrm_fcws.distri_80,base.py,py_ctrm_fcws.state_py_7
cit_4409,4409,SAN PABLO,py_ctrm_fcws.distri_80,base.py,py_ctrm_fcws.state_py_7
cit_4410,4410,VALOIS RIVAROLA,py_ctrm_fcws.distri_80,base.py,py_ctrm_fcws.state_py_7
cit_5804,5804,ESTANCIA LAGUNA CARE,py_ctrm_fcws.distri_80,base.py,py_ctrm_fcws.state_py_7
cit_5805,5805,RETIRO SIETE ISLAS,py_ctrm_fcws.distri_80,base.py,py_ctrm_fcws.state_py_7
cit_5806,5806,YBYRA CAIGUE,py_ctrm_fcws.distri_80,base.py,py_ctrm_fcws.state_py_7
cit_4411,4411,MOISES BERTONI,py_ctrm_fcws.distri_81,base.py,py_ctrm_fcws.state_py_7
cit_4412,4412,CORRALITO,py_ctrm_fcws.distri_81,base.py,py_ctrm_fcws.state_py_7
cit_4413,4413,ESTANCIA ALGARROBO,py_ctrm_fcws.distri_81,base.py,py_ctrm_fcws.state_py_7
cit_4414,4414,ESTANCIA BELEN,py_ctrm_fcws.distri_81,base.py,py_ctrm_fcws.state_py_7
cit_4415,4415,ESTANCIA GUAVIRA,py_ctrm_fcws.distri_81,base.py,py_ctrm_fcws.state_py_7
cit_4416,4416,ESTANCIA JUANA MARTA,py_ctrm_fcws.distri_81,base.py,py_ctrm_fcws.state_py_7
cit_4417,4417,ESTANCIA MARIA STELLA,py_ctrm_fcws.distri_81,base.py,py_ctrm_fcws.state_py_7
cit_4418,4418,ESTANCIA S. ROJAS,py_ctrm_fcws.distri_81,base.py,py_ctrm_fcws.state_py_7
cit_4419,4419,ESTANCIA SANTO DOMINGO,py_ctrm_fcws.distri_81,base.py,py_ctrm_fcws.state_py_7
cit_4420,4420,ESTANCIA YBY RUGUA,py_ctrm_fcws.distri_81,base.py,py_ctrm_fcws.state_py_7
cit_4421,4421,GRAL.ROGELIO BENITEZ,py_ctrm_fcws.distri_81,base.py,py_ctrm_fcws.state_py_7
cit_4422,4422,LOMA-I,py_ctrm_fcws.distri_81,base.py,py_ctrm_fcws.state_py_7
cit_4423,4423,MOISES S.BERTONI (SOSA-MUNIC),py_ctrm_fcws.distri_81,base.py,py_ctrm_fcws.state_py_7
cit_4424,4424,RETIRO SANTA ANA,py_ctrm_fcws.distri_81,base.py,py_ctrm_fcws.state_py_7
cit_4425,4425,SAN VENTURA,py_ctrm_fcws.distri_81,base.py,py_ctrm_fcws.state_py_7
cit_4426,4426,SANTA CECILIA,py_ctrm_fcws.distri_81,base.py,py_ctrm_fcws.state_py_7
cit_4427,4427,SANTA TERESA,py_ctrm_fcws.distri_81,base.py,py_ctrm_fcws.state_py_7
cit_5807,5807,ESTANCIA CASACCIA,py_ctrm_fcws.distri_81,base.py,py_ctrm_fcws.state_py_7
cit_5808,5808,ESTANCIA TYPYCHA,py_ctrm_fcws.distri_81,base.py,py_ctrm_fcws.state_py_7
cit_5809,5809,SAN CARLOS,py_ctrm_fcws.distri_81,base.py,py_ctrm_fcws.state_py_7
cit_4428,4428,SAN JUAN NEPOMUCENO,py_ctrm_fcws.distri_82,base.py,py_ctrm_fcws.state_py_7
cit_4429,4429,11 DE SETIEMBRE,py_ctrm_fcws.distri_82,base.py,py_ctrm_fcws.state_py_7
cit_4430,4430,ARACANGUY,py_ctrm_fcws.distri_82,base.py,py_ctrm_fcws.state_py_7
cit_4431,4431,BARRIO SAN VICENTE,py_ctrm_fcws.distri_82,base.py,py_ctrm_fcws.state_py_7
cit_4432,4432,BIYU,py_ctrm_fcws.distri_82,base.py,py_ctrm_fcws.state_py_7
cit_4433,4433,CARIDAD,py_ctrm_fcws.distri_82,base.py,py_ctrm_fcws.state_py_7
cit_4434,4434,CAUNDY,py_ctrm_fcws.distri_82,base.py,py_ctrm_fcws.state_py_7
cit_4435,4435,CAUNDY-I,py_ctrm_fcws.distri_82,base.py,py_ctrm_fcws.state_py_7
cit_4436,4436,CIERVO CUA PUESTO,py_ctrm_fcws.distri_82,base.py,py_ctrm_fcws.state_py_7
cit_4437,4437,COL. NUEVA,py_ctrm_fcws.distri_82,base.py,py_ctrm_fcws.state_py_7
cit_4438,4438,CRISTAL,py_ctrm_fcws.distri_82,base.py,py_ctrm_fcws.state_py_7
cit_4439,4439,DOMINGO MARTINEZ DE IRALA,py_ctrm_fcws.distri_82,base.py,py_ctrm_fcws.state_py_7
cit_4440,4440,EMPALADO,py_ctrm_fcws.distri_82,base.py,py_ctrm_fcws.state_py_7
cit_4441,4441,ENGELBERTO,py_ctrm_fcws.distri_82,base.py,py_ctrm_fcws.state_py_7
cit_4442,4442,ESTANCIA L.RODRIGUEZ,py_ctrm_fcws.distri_82,base.py,py_ctrm_fcws.state_py_7
cit_4443,4443,ESTANCIA R. SILVERO,py_ctrm_fcws.distri_82,base.py,py_ctrm_fcws.state_py_7
cit_4444,4444,ESTANCIA TAPYTA,py_ctrm_fcws.distri_82,base.py,py_ctrm_fcws.state_py_7
cit_4445,4445,ESTANCIA ÑU PYAJHU,py_ctrm_fcws.distri_82,base.py,py_ctrm_fcws.state_py_7
cit_4446,4446,FRANCO-I,py_ctrm_fcws.distri_82,base.py,py_ctrm_fcws.state_py_7
cit_4447,4447,FRANCO POTRERO,py_ctrm_fcws.distri_82,base.py,py_ctrm_fcws.state_py_7
cit_4448,4448,ISLA FLORIDO,py_ctrm_fcws.distri_82,base.py,py_ctrm_fcws.state_py_7
cit_4449,4449,ISLA YOBAI,py_ctrm_fcws.distri_82,base.py,py_ctrm_fcws.state_py_7
cit_4450,4450,JHUGUA PUCU,py_ctrm_fcws.distri_82,base.py,py_ctrm_fcws.state_py_7
cit_4451,4451,KERAY,py_ctrm_fcws.distri_82,base.py,py_ctrm_fcws.state_py_7
cit_4452,4452,LOMA JHOVY,py_ctrm_fcws.distri_82,base.py,py_ctrm_fcws.state_py_7
cit_4453,4453,MRICA POTRERO,py_ctrm_fcws.distri_82,base.py,py_ctrm_fcws.state_py_7
cit_4454,4454,MONTE-CUE,py_ctrm_fcws.distri_82,base.py,py_ctrm_fcws.state_py_7
cit_4455,4455,OCULTO,py_ctrm_fcws.distri_82,base.py,py_ctrm_fcws.state_py_7
cit_4456,4456,PINDO-I,py_ctrm_fcws.distri_82,base.py,py_ctrm_fcws.state_py_7
cit_4457,4457,PINDO POTRERO,py_ctrm_fcws.distri_82,base.py,py_ctrm_fcws.state_py_7
cit_4458,4458,PIO CUE,py_ctrm_fcws.distri_82,base.py,py_ctrm_fcws.state_py_7
cit_4459,4459,POTRERO,py_ctrm_fcws.distri_82,base.py,py_ctrm_fcws.state_py_7
cit_4460,4460,POTRERO SANTIAGO,py_ctrm_fcws.distri_82,base.py,py_ctrm_fcws.state_py_7
cit_4461,4461,POTRERO YBATE,py_ctrm_fcws.distri_82,base.py,py_ctrm_fcws.state_py_7
cit_4462,4462,POTRERO YBATE 1RO.,py_ctrm_fcws.distri_82,base.py,py_ctrm_fcws.state_py_7
cit_4463,4463,POTRERO YBATE 2DO.,py_ctrm_fcws.distri_82,base.py,py_ctrm_fcws.state_py_7
cit_4464,4464,PUESTO CLAVEL,py_ctrm_fcws.distri_82,base.py,py_ctrm_fcws.state_py_7
cit_4465,4465,PUESTO FRANCO CUE,py_ctrm_fcws.distri_82,base.py,py_ctrm_fcws.state_py_7
cit_4466,4466,PUESTO NARANJO,py_ctrm_fcws.distri_82,base.py,py_ctrm_fcws.state_py_7
cit_4467,4467,PUESTO TIMBO,py_ctrm_fcws.distri_82,base.py,py_ctrm_fcws.state_py_7
cit_4468,4468,POTRERO AGUARA,py_ctrm_fcws.distri_82,base.py,py_ctrm_fcws.state_py_7
cit_4469,4469,ROQUE GONZALES ( BEATO ),py_ctrm_fcws.distri_82,base.py,py_ctrm_fcws.state_py_7
cit_4470,4470,RIO SAN LUIS,py_ctrm_fcws.distri_82,base.py,py_ctrm_fcws.state_py_7
cit_4471,4471,SAN CARLOS,py_ctrm_fcws.distri_82,base.py,py_ctrm_fcws.state_py_7
cit_4472,4472,SAN FRANCISCO,py_ctrm_fcws.distri_82,base.py,py_ctrm_fcws.state_py_7
cit_4473,4473,SAN J. NEPOMUCENO (MUNICIPIO),py_ctrm_fcws.distri_82,base.py,py_ctrm_fcws.state_py_7
cit_4473,4473,SAN J. NEPOMUCENO (MUNICIPIO),py_ctrm_fcws.distri_82,base.py,py_ctrm_fcws.state_py_7
cit_4473,4473,SAN J. NEPOMUCENO (MUNICIPIO),py_ctrm_fcws.distri_82,base.py,py_ctrm_fcws.state_py_7
cit_4473,4473,SAN J. NEPOMUCENO (MUNICIPIO),py_ctrm_fcws.distri_82,base.py,py_ctrm_fcws.state_py_7
cit_4473,4473,SAN J. NEPOMUCENO (MUNICIPIO),py_ctrm_fcws.distri_82,base.py,py_ctrm_fcws.state_py_7
cit_4473,4473,SAN J. NEPOMUCENO (MUNICIPIO),py_ctrm_fcws.distri_82,base.py,py_ctrm_fcws.state_py_7
cit_4474,4474,SAN LUIS (X),py_ctrm_fcws.distri_82,base.py,py_ctrm_fcws.state_py_7
cit_4475,4475,SAN MIGUEL (POTRERITO),py_ctrm_fcws.distri_82,base.py,py_ctrm_fcws.state_py_7
cit_4476,4476,SAN RAFAEL (TAPUY CUE ),py_ctrm_fcws.distri_82,base.py,py_ctrm_fcws.state_py_7
cit_4477,4477,SAN RAMON,py_ctrm_fcws.distri_82,base.py,py_ctrm_fcws.state_py_7
cit_4478,4478,SANTA ROSA (X),py_ctrm_fcws.distri_82,base.py,py_ctrm_fcws.state_py_7
cit_4479,4479,TATUCUA - I,py_ctrm_fcws.distri_82,base.py,py_ctrm_fcws.state_py_7
cit_4480,4480,TEBICUARY MI,py_ctrm_fcws.distri_82,base.py,py_ctrm_fcws.state_py_7
cit_4481,4481,TORRE CUE,py_ctrm_fcws.distri_82,base.py,py_ctrm_fcws.state_py_7
cit_4482,4482,TUYUTI,py_ctrm_fcws.distri_82,base.py,py_ctrm_fcws.state_py_7
cit_4483,4483,URRUTIA,py_ctrm_fcws.distri_82,base.py,py_ctrm_fcws.state_py_7
cit_4484,4484,YBYRATY,py_ctrm_fcws.distri_82,base.py,py_ctrm_fcws.state_py_7
cit_4485,4485,YHU,py_ctrm_fcws.distri_82,base.py,py_ctrm_fcws.state_py_7
cit_4486,4486,YPANE,py_ctrm_fcws.distri_82,base.py,py_ctrm_fcws.state_py_7
cit_4487,4487,ZANJA CORA (SAN GERARDO),py_ctrm_fcws.distri_82,base.py,py_ctrm_fcws.state_py_7
cit_4488,4488,ZANJA PYTA,py_ctrm_fcws.distri_82,base.py,py_ctrm_fcws.state_py_7
cit_4489,4489,ÑA'U,py_ctrm_fcws.distri_82,base.py,py_ctrm_fcws.state_py_7
cit_4490,4490,ÑUMI,py_ctrm_fcws.distri_82,base.py,py_ctrm_fcws.state_py_7
cit_4491,4491,ÑURUNDIAY,py_ctrm_fcws.distri_82,base.py,py_ctrm_fcws.state_py_7
cit_4492,4492,ÑU - CAÑY,py_ctrm_fcws.distri_82,base.py,py_ctrm_fcws.state_py_7
cit_4493,4493,ÑU PYAJHU POTRERO,py_ctrm_fcws.distri_82,base.py,py_ctrm_fcws.state_py_7
cit_4494,4494,ABAI,py_ctrm_fcws.distri_83,base.py,py_ctrm_fcws.state_py_7
cit_4495,4495,3 DE mayo,py_ctrm_fcws.distri_83,base.py,py_ctrm_fcws.state_py_7
cit_4496,4496,ABAI,py_ctrm_fcws.distri_83,base.py,py_ctrm_fcws.state_py_7
cit_4497,4497,ARROYO MOROTI,py_ctrm_fcws.distri_83,base.py,py_ctrm_fcws.state_py_7
cit_4498,4498,BARROSO,py_ctrm_fcws.distri_83,base.py,py_ctrm_fcws.state_py_7
cit_4499,4499,BORDA I ( SAN VALENTIN ),py_ctrm_fcws.distri_83,base.py,py_ctrm_fcws.state_py_7
cit_4500,4500,BORDA GUAZU,py_ctrm_fcws.distri_83,base.py,py_ctrm_fcws.state_py_7
cit_4501,4501,CAGUARE - I,py_ctrm_fcws.distri_83,base.py,py_ctrm_fcws.state_py_7
cit_4502,4502,CAMBA - I,py_ctrm_fcws.distri_83,base.py,py_ctrm_fcws.state_py_7
cit_4503,4503,CAMPITO,py_ctrm_fcws.distri_83,base.py,py_ctrm_fcws.state_py_7
cit_4504,4504,CAPI ITINDY,py_ctrm_fcws.distri_83,base.py,py_ctrm_fcws.state_py_7
cit_4505,4505,CAPIIBARY (X),py_ctrm_fcws.distri_83,base.py,py_ctrm_fcws.state_py_7
cit_4506,4506,CAÑADA (X),py_ctrm_fcws.distri_83,base.py,py_ctrm_fcws.state_py_7
cit_4507,4507,CECINA,py_ctrm_fcws.distri_83,base.py,py_ctrm_fcws.state_py_7
cit_4508,4508,CERRITO TAPYI - I,py_ctrm_fcws.distri_83,base.py,py_ctrm_fcws.state_py_7
cit_4509,4509,COL. ROGELIO BENITEZ,py_ctrm_fcws.distri_83,base.py,py_ctrm_fcws.state_py_7
cit_4510,4510,CUATI,py_ctrm_fcws.distri_83,base.py,py_ctrm_fcws.state_py_7
cit_4511,4511,CUATI - I,py_ctrm_fcws.distri_83,base.py,py_ctrm_fcws.state_py_7
cit_4512,4512,ITACURUBI,py_ctrm_fcws.distri_83,base.py,py_ctrm_fcws.state_py_7
cit_4513,4513,KILOMETRO 17 ( X ),py_ctrm_fcws.distri_83,base.py,py_ctrm_fcws.state_py_7
cit_4514,4514,LIMA GUAZU (X),py_ctrm_fcws.distri_83,base.py,py_ctrm_fcws.state_py_7
cit_4515,4515,MANGRULLO - I (X),py_ctrm_fcws.distri_83,base.py,py_ctrm_fcws.state_py_7
cit_4516,4516,MBAYA,py_ctrm_fcws.distri_83,base.py,py_ctrm_fcws.state_py_7
cit_4517,4517,MBOCAYA,py_ctrm_fcws.distri_83,base.py,py_ctrm_fcws.state_py_7
cit_4518,4518,MBOIY,py_ctrm_fcws.distri_83,base.py,py_ctrm_fcws.state_py_7
cit_4519,4519,MELGAREJO - CUE,py_ctrm_fcws.distri_83,base.py,py_ctrm_fcws.state_py_7
cit_4520,4520,MONDAY,py_ctrm_fcws.distri_83,base.py,py_ctrm_fcws.state_py_7
cit_4521,4521,NARANJA - JHAI,py_ctrm_fcws.distri_83,base.py,py_ctrm_fcws.state_py_7
cit_4522,4522,OB. GOLONDRINA,py_ctrm_fcws.distri_83,base.py,py_ctrm_fcws.state_py_7
cit_4523,4523,PARAJE NARANJA,py_ctrm_fcws.distri_83,base.py,py_ctrm_fcws.state_py_7
cit_4524,4524,PINDOYU,py_ctrm_fcws.distri_83,base.py,py_ctrm_fcws.state_py_7
cit_4525,4525,PIRAY (SAN ISIDRO),py_ctrm_fcws.distri_83,base.py,py_ctrm_fcws.state_py_7
cit_4526,4526,PLANTACION,py_ctrm_fcws.distri_83,base.py,py_ctrm_fcws.state_py_7
cit_4527,4527,PUNTA PORA,py_ctrm_fcws.distri_83,base.py,py_ctrm_fcws.state_py_7
cit_4528,4528,ROSARIO PASTOREO,py_ctrm_fcws.distri_83,base.py,py_ctrm_fcws.state_py_7
cit_4529,4529,ROSARIO POTRERO,py_ctrm_fcws.distri_83,base.py,py_ctrm_fcws.state_py_7
cit_4530,4530,SAN AGUSTIN,py_ctrm_fcws.distri_83,base.py,py_ctrm_fcws.state_py_7
cit_4531,4531,SAN ANTONIO (TORIN),py_ctrm_fcws.distri_83,base.py,py_ctrm_fcws.state_py_7
cit_4532,4532,SAN CARLOS (NUEVE),py_ctrm_fcws.distri_83,base.py,py_ctrm_fcws.state_py_7
cit_4533,4533,SAN LUIS (TARUMA),py_ctrm_fcws.distri_83,base.py,py_ctrm_fcws.state_py_7
cit_4534,4534,SAN PABLO,py_ctrm_fcws.distri_83,base.py,py_ctrm_fcws.state_py_7
cit_4535,4535,SAN PABLO (TORIN),py_ctrm_fcws.distri_83,base.py,py_ctrm_fcws.state_py_7
cit_4536,4536,SAN VICENTE,py_ctrm_fcws.distri_83,base.py,py_ctrm_fcws.state_py_7
cit_4537,4537,SANTA CATALINA,py_ctrm_fcws.distri_83,base.py,py_ctrm_fcws.state_py_7
cit_4538,4538,SANTA ROSA,py_ctrm_fcws.distri_83,base.py,py_ctrm_fcws.state_py_7
cit_4539,4539,SANTA TERESA,py_ctrm_fcws.distri_83,base.py,py_ctrm_fcws.state_py_7
cit_4540,4540,SANTO TOME,py_ctrm_fcws.distri_83,base.py,py_ctrm_fcws.state_py_7
cit_4541,4541,TACUARA,py_ctrm_fcws.distri_83,base.py,py_ctrm_fcws.state_py_7
cit_4542,4542,TACUARITA,py_ctrm_fcws.distri_83,base.py,py_ctrm_fcws.state_py_7
cit_4543,4543,TAJHYI-I,py_ctrm_fcws.distri_83,base.py,py_ctrm_fcws.state_py_7
cit_4544,4544,TUNA,py_ctrm_fcws.distri_83,base.py,py_ctrm_fcws.state_py_7
cit_4545,4545,VALLEI-CUE,py_ctrm_fcws.distri_83,base.py,py_ctrm_fcws.state_py_7
cit_4546,4546,VILLA PASTOREO,py_ctrm_fcws.distri_83,base.py,py_ctrm_fcws.state_py_7
cit_4547,4547,YATA-I,py_ctrm_fcws.distri_83,base.py,py_ctrm_fcws.state_py_7
cit_4548,4548,ÑU GUAZU,py_ctrm_fcws.distri_83,base.py,py_ctrm_fcws.state_py_7
cit_5810,5810,Y JHOVY,py_ctrm_fcws.distri_83,base.py,py_ctrm_fcws.state_py_7
cit_4549,4549,TAVAI,py_ctrm_fcws.distri_84,base.py,py_ctrm_fcws.state_py_7
cit_4550,4550,ATONGUE,py_ctrm_fcws.distri_84,base.py,py_ctrm_fcws.state_py_7
cit_4551,4551,BIYU,py_ctrm_fcws.distri_84,base.py,py_ctrm_fcws.state_py_7
cit_4552,4552,CASTOR CUE,py_ctrm_fcws.distri_84,base.py,py_ctrm_fcws.state_py_7
cit_4553,4553,CERRO-I,py_ctrm_fcws.distri_84,base.py,py_ctrm_fcws.state_py_7
cit_4554,4554,ENRAMADITA,py_ctrm_fcws.distri_84,base.py,py_ctrm_fcws.state_py_7
cit_4555,4555,ITANGUA,py_ctrm_fcws.distri_84,base.py,py_ctrm_fcws.state_py_7
cit_4556,4556,MBOPI REVI,py_ctrm_fcws.distri_84,base.py,py_ctrm_fcws.state_py_7
cit_4557,4557,RIVAS CUE,py_ctrm_fcws.distri_84,base.py,py_ctrm_fcws.state_py_7
cit_4558,4558,SAN GABRIEL,py_ctrm_fcws.distri_84,base.py,py_ctrm_fcws.state_py_7
cit_4559,4559,TAVAI (MUNICIPIO),py_ctrm_fcws.distri_84,base.py,py_ctrm_fcws.state_py_7
cit_4559,4559,TAVAI (MUNICIPIO),py_ctrm_fcws.distri_84,base.py,py_ctrm_fcws.state_py_7
cit_4559,4559,TAVAI (MUNICIPIO),py_ctrm_fcws.distri_84,base.py,py_ctrm_fcws.state_py_7
cit_4559,4559,TAVAI (MUNICIPIO),py_ctrm_fcws.distri_84,base.py,py_ctrm_fcws.state_py_7
cit_4560,4560,TORO BLANCO GUAZU,py_ctrm_fcws.distri_84,base.py,py_ctrm_fcws.state_py_7
cit_4561,4561,TORO BLANCO-I,py_ctrm_fcws.distri_84,base.py,py_ctrm_fcws.state_py_7
cit_4562,4562,VALLE-MI,py_ctrm_fcws.distri_84,base.py,py_ctrm_fcws.state_py_7
cit_4563,4563,YBYTY CORA,py_ctrm_fcws.distri_84,base.py,py_ctrm_fcws.state_py_7
cit_4564,4564,ÑU CAÑY,py_ctrm_fcws.distri_84,base.py,py_ctrm_fcws.state_py_7
cit_5811,5811,CAAZAPA-MI,py_ctrm_fcws.distri_84,base.py,py_ctrm_fcws.state_py_7
cit_5812,5812,MBOI CHINI,py_ctrm_fcws.distri_84,base.py,py_ctrm_fcws.state_py_7
cit_5813,5813,TORANZO,py_ctrm_fcws.distri_84,base.py,py_ctrm_fcws.state_py_7
cit_5814,5814,YBY ATY,py_ctrm_fcws.distri_84,base.py,py_ctrm_fcws.state_py_7
cit_4565,4565,YEGROS,py_ctrm_fcws.distri_85,base.py,py_ctrm_fcws.state_py_7
cit_4566,4566,COSTA LIMA,py_ctrm_fcws.distri_85,base.py,py_ctrm_fcws.state_py_7
cit_4567,4567,ESTACION JESUS MARIA,py_ctrm_fcws.distri_85,base.py,py_ctrm_fcws.state_py_7
cit_4568,4568,ESTACION SAN LUIS CARMEJAN,py_ctrm_fcws.distri_85,base.py,py_ctrm_fcws.state_py_7
cit_4569,4569,ESTACION SOLANO (LA RUAL DE Y),py_ctrm_fcws.distri_85,base.py,py_ctrm_fcws.state_py_7
cit_4570,4570,ESTACION SOLEI,py_ctrm_fcws.distri_85,base.py,py_ctrm_fcws.state_py_7
cit_4571,4571,FULGENCIO YEGROS (MUNICIPIO),py_ctrm_fcws.distri_85,base.py,py_ctrm_fcws.state_py_7
cit_4571,4571,FULGENCIO YEGROS (MUNICIPIO),py_ctrm_fcws.distri_85,base.py,py_ctrm_fcws.state_py_7
cit_4571,4571,FULGENCIO YEGROS (MUNICIPIO),py_ctrm_fcws.distri_85,base.py,py_ctrm_fcws.state_py_7
cit_4571,4571,FULGENCIO YEGROS (MUNICIPIO),py_ctrm_fcws.distri_85,base.py,py_ctrm_fcws.state_py_7
cit_4572,4572,ISLA SACA,py_ctrm_fcws.distri_85,base.py,py_ctrm_fcws.state_py_7
cit_4573,4573,MBARIGUI,py_ctrm_fcws.distri_85,base.py,py_ctrm_fcws.state_py_7
cit_4574,4574,PINDOYU,py_ctrm_fcws.distri_85,base.py,py_ctrm_fcws.state_py_7
cit_4575,4575,PIRAPO,py_ctrm_fcws.distri_85,base.py,py_ctrm_fcws.state_py_7
cit_4576,4576,PUESTO CAÑETE,py_ctrm_fcws.distri_85,base.py,py_ctrm_fcws.state_py_7
cit_4577,4577,PUESTO MBOCAYA,py_ctrm_fcws.distri_85,base.py,py_ctrm_fcws.state_py_7
cit_4578,4578,PUESTO NARANJO,py_ctrm_fcws.distri_85,base.py,py_ctrm_fcws.state_py_7
cit_4579,4579,PUNTA GUAZU,py_ctrm_fcws.distri_85,base.py,py_ctrm_fcws.state_py_7
cit_4580,4580,RETIRO CAÑETE,py_ctrm_fcws.distri_85,base.py,py_ctrm_fcws.state_py_7
cit_4581,4581,RETIRO REVENTON,py_ctrm_fcws.distri_85,base.py,py_ctrm_fcws.state_py_7
cit_4582,4582,RETIRO TIMBO,py_ctrm_fcws.distri_85,base.py,py_ctrm_fcws.state_py_7
cit_4583,4583,SAN RAFAEL,py_ctrm_fcws.distri_85,base.py,py_ctrm_fcws.state_py_7
cit_4584,4584,YBYRA CATU,py_ctrm_fcws.distri_85,base.py,py_ctrm_fcws.state_py_7
cit_5815,5815,ESTACION ELISA REAL,py_ctrm_fcws.distri_85,base.py,py_ctrm_fcws.state_py_7
cit_5816,5816,GRAL.COLMAN,py_ctrm_fcws.distri_85,base.py,py_ctrm_fcws.state_py_7
cit_5817,5817,PUESTO CAMBAY,py_ctrm_fcws.distri_85,base.py,py_ctrm_fcws.state_py_7
cit_5818,5818,RETIRO ISLA GUAZU,py_ctrm_fcws.distri_85,base.py,py_ctrm_fcws.state_py_7
cit_2169,2169,ESTANCIA LAS PERLAS,py_ctrm_fcws.distri_86,base.py,py_ctrm_fcws.state_py_7
cit_2170,2170,ESTANCIA LIMA,py_ctrm_fcws.distri_86,base.py,py_ctrm_fcws.state_py_7
cit_2171,2171,ESTANCIA PYTERE,py_ctrm_fcws.distri_86,base.py,py_ctrm_fcws.state_py_7
cit_2172,2172,ESTANCIA SAN ANTONIO,py_ctrm_fcws.distri_86,base.py,py_ctrm_fcws.state_py_7
cit_2173,2173,ESTANCIA SAN LORENZO,py_ctrm_fcws.distri_86,base.py,py_ctrm_fcws.state_py_7
cit_2174,2174,ESTANCIA SANABRIA,py_ctrm_fcws.distri_86,base.py,py_ctrm_fcws.state_py_7
cit_2175,2175,ESTANCIA TARUMA,py_ctrm_fcws.distri_86,base.py,py_ctrm_fcws.state_py_7
cit_2176,2176,ESTANCIA TRES HERMANAS,py_ctrm_fcws.distri_86,base.py,py_ctrm_fcws.state_py_7
cit_2177,2177,ESTANCIA YPUCU,py_ctrm_fcws.distri_86,base.py,py_ctrm_fcws.state_py_7
cit_2178,2178,ESTANCIA YUTY,py_ctrm_fcws.distri_86,base.py,py_ctrm_fcws.state_py_7
cit_2179,2179,GANADERA PIRAPO (ESTANCIA),py_ctrm_fcws.distri_86,base.py,py_ctrm_fcws.state_py_7
cit_2180,2180,GUAZU CAI,py_ctrm_fcws.distri_86,base.py,py_ctrm_fcws.state_py_7
cit_2181,2181,ISLA FLORIDO,py_ctrm_fcws.distri_86,base.py,py_ctrm_fcws.state_py_7
cit_2182,2182,ITA ANGU-A,py_ctrm_fcws.distri_86,base.py,py_ctrm_fcws.state_py_7
cit_2183,2183,LOMA JHOVY,py_ctrm_fcws.distri_86,base.py,py_ctrm_fcws.state_py_7
cit_2184,2184,LOMITA,py_ctrm_fcws.distri_86,base.py,py_ctrm_fcws.state_py_7
cit_2185,2185,MANDYYU TYGUE,py_ctrm_fcws.distri_86,base.py,py_ctrm_fcws.state_py_7
cit_2186,2186,MBOCAYA TY,py_ctrm_fcws.distri_86,base.py,py_ctrm_fcws.state_py_7
cit_2187,2187,MENDEZ PUESTO,py_ctrm_fcws.distri_86,base.py,py_ctrm_fcws.state_py_7
cit_2188,2188,POTRERO ANTEOJO,py_ctrm_fcws.distri_86,base.py,py_ctrm_fcws.state_py_7
cit_2189,2189,POTRERO YBATE,py_ctrm_fcws.distri_86,base.py,py_ctrm_fcws.state_py_7
cit_2190,2190,PUESTO TARUTI 1RO.,py_ctrm_fcws.distri_86,base.py,py_ctrm_fcws.state_py_7
cit_2191,2191,PUESTO TARUTI 2DO.,py_ctrm_fcws.distri_86,base.py,py_ctrm_fcws.state_py_7
cit_2192,2192,PUESTO TERUTI 3RO.,py_ctrm_fcws.distri_86,base.py,py_ctrm_fcws.state_py_7
cit_2193,2193,PUESTO YACAREY,py_ctrm_fcws.distri_86,base.py,py_ctrm_fcws.state_py_7
cit_2194,2194,PUESTO Y-JHOVY,py_ctrm_fcws.distri_86,base.py,py_ctrm_fcws.state_py_7
cit_2195,2195,PYTERE GUAZU,py_ctrm_fcws.distri_86,base.py,py_ctrm_fcws.state_py_7
cit_2196,2196,PYTERE-MI,py_ctrm_fcws.distri_86,base.py,py_ctrm_fcws.state_py_7
cit_2197,2197,RINCON ALEGRE,py_ctrm_fcws.distri_86,base.py,py_ctrm_fcws.state_py_7
cit_2198,2198,ROA RUGUA,py_ctrm_fcws.distri_86,base.py,py_ctrm_fcws.state_py_7
cit_2199,2199,SAN ANTONIO,py_ctrm_fcws.distri_86,base.py,py_ctrm_fcws.state_py_7
cit_2200,2200,SAN GERONIMO,py_ctrm_fcws.distri_86,base.py,py_ctrm_fcws.state_py_7
cit_2201,2201,SAN ISIDRO,py_ctrm_fcws.distri_86,base.py,py_ctrm_fcws.state_py_7
cit_2202,2202,SAN JUAN,py_ctrm_fcws.distri_86,base.py,py_ctrm_fcws.state_py_7
cit_2203,2203,SAN JUAN LOMA,py_ctrm_fcws.distri_86,base.py,py_ctrm_fcws.state_py_7
cit_2204,2204,SAN MIGUEL,py_ctrm_fcws.distri_86,base.py,py_ctrm_fcws.state_py_7
cit_2205,2205,SAN VICENTE,py_ctrm_fcws.distri_86,base.py,py_ctrm_fcws.state_py_7
cit_2206,2206,SANTA BARBARA,py_ctrm_fcws.distri_86,base.py,py_ctrm_fcws.state_py_7
cit_2207,2207,SANTA LUCIA,py_ctrm_fcws.distri_86,base.py,py_ctrm_fcws.state_py_7
cit_2208,2208,SANTA ROSA DE LIMA,py_ctrm_fcws.distri_86,base.py,py_ctrm_fcws.state_py_7
cit_2209,2209,SANTA URSULA,py_ctrm_fcws.distri_86,base.py,py_ctrm_fcws.state_py_7
cit_2210,2210,SARGENTO POTRERO,py_ctrm_fcws.distri_86,base.py,py_ctrm_fcws.state_py_7
cit_2211,2211,TACUAREMBOI-Y,py_ctrm_fcws.distri_86,base.py,py_ctrm_fcws.state_py_7
cit_2212,2212,TATU-CUA,py_ctrm_fcws.distri_86,base.py,py_ctrm_fcws.state_py_7
cit_2213,2213,TIRI,py_ctrm_fcws.distri_86,base.py,py_ctrm_fcws.state_py_7
cit_2214,2214,TYPYCHA-TY,py_ctrm_fcws.distri_86,base.py,py_ctrm_fcws.state_py_7
cit_2215,2215,URUGUY-Y,py_ctrm_fcws.distri_86,base.py,py_ctrm_fcws.state_py_7
cit_2216,2216,VAZQUEZ POTRERO,py_ctrm_fcws.distri_86,base.py,py_ctrm_fcws.state_py_7
cit_2217,2217,VERA-CUE,py_ctrm_fcws.distri_86,base.py,py_ctrm_fcws.state_py_7
cit_2218,2218,YACUARA-A,py_ctrm_fcws.distri_86,base.py,py_ctrm_fcws.state_py_7
cit_2219,2219,YAGUARETE CORA,py_ctrm_fcws.distri_86,base.py,py_ctrm_fcws.state_py_7
cit_2220,2220,TARATI-I,py_ctrm_fcws.distri_86,base.py,py_ctrm_fcws.state_py_7
cit_2221,2221,YATAI-TY,py_ctrm_fcws.distri_86,base.py,py_ctrm_fcws.state_py_7
cit_2222,2222,YU-I (CERRO),py_ctrm_fcws.distri_86,base.py,py_ctrm_fcws.state_py_7
cit_2223,2223,YUTY (MUNICIPIO),py_ctrm_fcws.distri_86,base.py,py_ctrm_fcws.state_py_7
cit_2223,2223,YUTY (MUNICIPIO),py_ctrm_fcws.distri_86,base.py,py_ctrm_fcws.state_py_7
cit_2223,2223,YUTY (MUNICIPIO),py_ctrm_fcws.distri_86,base.py,py_ctrm_fcws.state_py_7
cit_2223,2223,YUTY (MUNICIPIO),py_ctrm_fcws.distri_86,base.py,py_ctrm_fcws.state_py_7
cit_2224,2224,ZURUGUAY,py_ctrm_fcws.distri_86,base.py,py_ctrm_fcws.state_py_7
cit_2225,2225,ÑU PYAJHU MI,py_ctrm_fcws.distri_86,base.py,py_ctrm_fcws.state_py_7
cit_3287,3287,CAA CARAPA,py_ctrm_fcws.distri_86,base.py,py_ctrm_fcws.state_py_7
cit_3288,3288,CAÑADA,py_ctrm_fcws.distri_86,base.py,py_ctrm_fcws.state_py_7
cit_3289,3289,CAÑADA (SANTA TERESITA),py_ctrm_fcws.distri_86,base.py,py_ctrm_fcws.state_py_7
cit_3290,3290,COLORES,py_ctrm_fcws.distri_86,base.py,py_ctrm_fcws.state_py_7
cit_3291,3291,COMBATE CUE,py_ctrm_fcws.distri_86,base.py,py_ctrm_fcws.state_py_7
cit_3292,3292,CURUPI,py_ctrm_fcws.distri_86,base.py,py_ctrm_fcws.state_py_7
cit_3293,3293,ESTANCIA BOQUERON,py_ctrm_fcws.distri_86,base.py,py_ctrm_fcws.state_py_7
cit_3294,3294,ESTANCIA CARAYA,py_ctrm_fcws.distri_86,base.py,py_ctrm_fcws.state_py_7
cit_3295,3295,ESTANCIA DOLORES,py_ctrm_fcws.distri_86,base.py,py_ctrm_fcws.state_py_7
cit_3296,3296,ESTANCIA DOS MARIAS,py_ctrm_fcws.distri_86,base.py,py_ctrm_fcws.state_py_7
cit_3297,3297,ESTANCIA ITACURUBI DEL CARMEN,py_ctrm_fcws.distri_86,base.py,py_ctrm_fcws.state_py_7
cit_4585,4585,YUTY,py_ctrm_fcws.distri_86,base.py,py_ctrm_fcws.state_py_7
cit_4586,4586,ABAI,py_ctrm_fcws.distri_86,base.py,py_ctrm_fcws.state_py_7
cit_4587,4587,AGUARAY GUAZU,py_ctrm_fcws.distri_86,base.py,py_ctrm_fcws.state_py_7
cit_4588,4588,AGUARAY-MI,py_ctrm_fcws.distri_86,base.py,py_ctrm_fcws.state_py_7
cit_4589,4589,ARARUPE,py_ctrm_fcws.distri_86,base.py,py_ctrm_fcws.state_py_7
cit_4590,4590,ARROYO MACA,py_ctrm_fcws.distri_86,base.py,py_ctrm_fcws.state_py_7
cit_4591,4591,AYALA CUE,py_ctrm_fcws.distri_86,base.py,py_ctrm_fcws.state_py_7
cit_4592,4592,AZAME CUE,py_ctrm_fcws.distri_86,base.py,py_ctrm_fcws.state_py_7
cit_4593,4593,BOLAS CUE,py_ctrm_fcws.distri_86,base.py,py_ctrm_fcws.state_py_7
cit_4594,4594,CAPIITINDY,py_ctrm_fcws.distri_86,base.py,py_ctrm_fcws.state_py_7
cit_5819,5819,3 DE mayo,py_ctrm_fcws.distri_86,base.py,py_ctrm_fcws.state_py_7
cit_5820,5820,ARGAÑA CUE,py_ctrm_fcws.distri_86,base.py,py_ctrm_fcws.state_py_7
cit_5821,5821,"CABAÑA ""LA CHIQUILLA""",py_ctrm_fcws.distri_86,base.py,py_ctrm_fcws.state_py_7
cit_6425,6425,3 DE mayo,py_ctrm_fcws.distri_272,base.py,py_ctrm_fcws.state_py_7
cit_2226,2226,ENCARNACION,py_ctrm_fcws.distri_87,base.py,py_ctrm_fcws.state_py_8
cit_2227,2227,3 POTRERO,py_ctrm_fcws.distri_87,base.py,py_ctrm_fcws.state_py_8
cit_2228,2228,4 POTRERO,py_ctrm_fcws.distri_87,base.py,py_ctrm_fcws.state_py_8
cit_2229,2229,AGUIRRE CUE,py_ctrm_fcws.distri_87,base.py,py_ctrm_fcws.state_py_8
cit_2230,2230,ARROYO PORA,py_ctrm_fcws.distri_87,base.py,py_ctrm_fcws.state_py_8
cit_2231,2231,BARRIO POTI Y (ISLA),py_ctrm_fcws.distri_87,base.py,py_ctrm_fcws.state_py_8
cit_2232,2232,BARRIO VIUDITA,py_ctrm_fcws.distri_87,base.py,py_ctrm_fcws.state_py_8
cit_2233,2233,BARRIO YBYCUI 1A.(ISLA),py_ctrm_fcws.distri_87,base.py,py_ctrm_fcws.state_py_8
cit_2234,2234,BARRIO YBYCUI 2DA.(ISLA),py_ctrm_fcws.distri_87,base.py,py_ctrm_fcws.state_py_8
cit_2235,2235,BARRIO BEATO ROQUE,py_ctrm_fcws.distri_87,base.py,py_ctrm_fcws.state_py_8
cit_2236,2236,BARRIO ESTACION,py_ctrm_fcws.distri_87,base.py,py_ctrm_fcws.state_py_8
cit_2237,2237,BARRIO FABRIL,py_ctrm_fcws.distri_87,base.py,py_ctrm_fcws.state_py_8
cit_2238,2238,BARRIO LOMA CLAVEL,py_ctrm_fcws.distri_87,base.py,py_ctrm_fcws.state_py_8
cit_2239,2239,BARRIO SANTA MARIA,py_ctrm_fcws.distri_87,base.py,py_ctrm_fcws.state_py_8
cit_2240,2240,BARRIO SANTA ROSA 2DA.,py_ctrm_fcws.distri_87,base.py,py_ctrm_fcws.state_py_8
cit_2241,2241,C.5 6 7 COL.DR.F.ESCULIES,py_ctrm_fcws.distri_87,base.py,py_ctrm_fcws.state_py_8
cit_2242,2242,CAAGUY COL.SANTO DOMINGO,py_ctrm_fcws.distri_87,base.py,py_ctrm_fcws.state_py_8
cit_2243,2243,CALLE 1 COL.DR.F.ESCULIES,py_ctrm_fcws.distri_87,base.py,py_ctrm_fcws.state_py_8
cit_2244,2244,CALLE 2 COL.DR.F.ESCULIES,py_ctrm_fcws.distri_87,base.py,py_ctrm_fcws.state_py_8
cit_2245,2245,CALLE 3 COL.DR.F.ESCULIES,py_ctrm_fcws.distri_87,base.py,py_ctrm_fcws.state_py_8
cit_2246,2246,CALLE 4 DR.F.ESCULIES,py_ctrm_fcws.distri_87,base.py,py_ctrm_fcws.state_py_8
cit_2247,2247,CALLE 6 Y 7 (CERRITO),py_ctrm_fcws.distri_87,base.py,py_ctrm_fcws.state_py_8
cit_2248,2248,CAMPO SANTO DOMINGO,py_ctrm_fcws.distri_87,base.py,py_ctrm_fcws.state_py_8
cit_2249,2249,CHAIPE,py_ctrm_fcws.distri_87,base.py,py_ctrm_fcws.state_py_8
cit_2250,2250,CURUPAYTY,py_ctrm_fcws.distri_87,base.py,py_ctrm_fcws.state_py_8
cit_2251,2251,CURUZU TOMAS,py_ctrm_fcws.distri_87,base.py,py_ctrm_fcws.state_py_8
cit_2252,2252,ENCARNACION (MUNICIPIO),py_ctrm_fcws.distri_87,base.py,py_ctrm_fcws.state_py_8
cit_2252,2252,ENCARNACION (MUNICIPIO),py_ctrm_fcws.distri_87,base.py,py_ctrm_fcws.state_py_8
cit_2252,2252,ENCARNACION (MUNICIPIO),py_ctrm_fcws.distri_87,base.py,py_ctrm_fcws.state_py_8
cit_2252,2252,ENCARNACION (MUNICIPIO),py_ctrm_fcws.distri_87,base.py,py_ctrm_fcws.state_py_8
cit_2252,2252,ENCARNACION (MUNICIPIO),py_ctrm_fcws.distri_87,base.py,py_ctrm_fcws.state_py_8
cit_2252,2252,ENCARNACION (MUNICIPIO),py_ctrm_fcws.distri_87,base.py,py_ctrm_fcws.state_py_8
cit_2252,2252,ENCARNACION (MUNICIPIO),py_ctrm_fcws.distri_87,base.py,py_ctrm_fcws.state_py_8
cit_2252,2252,ENCARNACION (MUNICIPIO),py_ctrm_fcws.distri_87,base.py,py_ctrm_fcws.state_py_8
cit_2252,2252,ENCARNACION (MUNICIPIO),py_ctrm_fcws.distri_87,base.py,py_ctrm_fcws.state_py_8
cit_2252,2252,ENCARNACION (MUNICIPIO),py_ctrm_fcws.distri_87,base.py,py_ctrm_fcws.state_py_8
cit_2252,2252,ENCARNACION (MUNICIPIO),py_ctrm_fcws.distri_87,base.py,py_ctrm_fcws.state_py_8
cit_2252,2252,ENCARNACION (MUNICIPIO),py_ctrm_fcws.distri_87,base.py,py_ctrm_fcws.state_py_8
cit_2252,2252,ENCARNACION (MUNICIPIO),py_ctrm_fcws.distri_87,base.py,py_ctrm_fcws.state_py_8
cit_2252,2252,ENCARNACION (MUNICIPIO),py_ctrm_fcws.distri_87,base.py,py_ctrm_fcws.state_py_8
cit_2252,2252,ENCARNACION (MUNICIPIO),py_ctrm_fcws.distri_87,base.py,py_ctrm_fcws.state_py_8
cit_2252,2252,ENCARNACION (MUNICIPIO),py_ctrm_fcws.distri_87,base.py,py_ctrm_fcws.state_py_8
cit_2252,2252,ENCARNACION (MUNICIPIO),py_ctrm_fcws.distri_87,base.py,py_ctrm_fcws.state_py_8
cit_2252,2252,ENCARNACION (MUNICIPIO),py_ctrm_fcws.distri_87,base.py,py_ctrm_fcws.state_py_8
cit_2252,2252,ENCARNACION (MUNICIPIO),py_ctrm_fcws.distri_87,base.py,py_ctrm_fcws.state_py_8
cit_2252,2252,ENCARNACION (MUNICIPIO),py_ctrm_fcws.distri_87,base.py,py_ctrm_fcws.state_py_8
cit_2252,2252,ENCARNACION (MUNICIPIO),py_ctrm_fcws.distri_87,base.py,py_ctrm_fcws.state_py_8
cit_2252,2252,ENCARNACION (MUNICIPIO),py_ctrm_fcws.distri_87,base.py,py_ctrm_fcws.state_py_8
cit_2252,2252,ENCARNACION (MUNICIPIO),py_ctrm_fcws.distri_87,base.py,py_ctrm_fcws.state_py_8
cit_2252,2252,ENCARNACION (MUNICIPIO),py_ctrm_fcws.distri_87,base.py,py_ctrm_fcws.state_py_8
cit_2252,2252,ENCARNACION (MUNICIPIO),py_ctrm_fcws.distri_87,base.py,py_ctrm_fcws.state_py_8
cit_2252,2252,ENCARNACION (MUNICIPIO),py_ctrm_fcws.distri_87,base.py,py_ctrm_fcws.state_py_8
cit_2252,2252,ENCARNACION (MUNICIPIO),py_ctrm_fcws.distri_87,base.py,py_ctrm_fcws.state_py_8
cit_2252,2252,ENCARNACION (MUNICIPIO),py_ctrm_fcws.distri_87,base.py,py_ctrm_fcws.state_py_8
cit_2252,2252,ENCARNACION (MUNICIPIO),py_ctrm_fcws.distri_87,base.py,py_ctrm_fcws.state_py_8
cit_2253,2253,ESTANCIA MATIAUDA,py_ctrm_fcws.distri_87,base.py,py_ctrm_fcws.state_py_8
cit_2254,2254,FATIMA,py_ctrm_fcws.distri_87,base.py,py_ctrm_fcws.state_py_8
cit_2255,2255,ISLA B.DEL MEDIO,py_ctrm_fcws.distri_87,base.py,py_ctrm_fcws.state_py_8
cit_2256,2256,ISLA B.TATAINDY,py_ctrm_fcws.distri_87,base.py,py_ctrm_fcws.state_py_8
cit_2257,2257,ISLA MBOREVI,py_ctrm_fcws.distri_87,base.py,py_ctrm_fcws.state_py_8
cit_2258,2258,ISLA PANAMBI,py_ctrm_fcws.distri_87,base.py,py_ctrm_fcws.state_py_8
cit_2259,2259,ISLA PARANA 1RO.,py_ctrm_fcws.distri_87,base.py,py_ctrm_fcws.state_py_8
cit_2260,2260,ISLA VICTORIA,py_ctrm_fcws.distri_87,base.py,py_ctrm_fcws.state_py_8
cit_2261,2261,ITA ANGUA GUAZU,py_ctrm_fcws.distri_87,base.py,py_ctrm_fcws.state_py_8
cit_2262,2262,ITA ANGUA I,py_ctrm_fcws.distri_87,base.py,py_ctrm_fcws.state_py_8
cit_2263,2263,ITA CUA,py_ctrm_fcws.distri_87,base.py,py_ctrm_fcws.state_py_8
cit_2264,2264,ITA PASO (SANTO DOMINGO),py_ctrm_fcws.distri_87,base.py,py_ctrm_fcws.state_py_8
cit_2265,2265,MBOI CAE,py_ctrm_fcws.distri_87,base.py,py_ctrm_fcws.state_py_8
cit_2266,2266,PACU CUA (BARRIO),py_ctrm_fcws.distri_87,base.py,py_ctrm_fcws.state_py_8
cit_2267,2267,PACU CUA 3RO.,py_ctrm_fcws.distri_87,base.py,py_ctrm_fcws.state_py_8
cit_2268,2268,PICADA PYTA,py_ctrm_fcws.distri_87,base.py,py_ctrm_fcws.state_py_8
cit_2269,2269,PLANTA URBANA (COL.ESCULIES),py_ctrm_fcws.distri_87,base.py,py_ctrm_fcws.state_py_8
cit_2270,2270,QUITERIO,py_ctrm_fcws.distri_87,base.py,py_ctrm_fcws.state_py_8
cit_2271,2271,RETIRO CARAGUATA,py_ctrm_fcws.distri_87,base.py,py_ctrm_fcws.state_py_8
cit_2272,2272,SAN BLAS (COL.INDEPENDENCIA),py_ctrm_fcws.distri_87,base.py,py_ctrm_fcws.state_py_8
cit_2273,2273,SAN CARLOS,py_ctrm_fcws.distri_87,base.py,py_ctrm_fcws.state_py_8
cit_2274,2274,SAN ISIDRO (COL.INDEPENDENCIA),py_ctrm_fcws.distri_87,base.py,py_ctrm_fcws.state_py_8
cit_2275,2275,SAN JUAN DEL PARANA,py_ctrm_fcws.distri_87,base.py,py_ctrm_fcws.state_py_8
cit_2276,2276,SAN MIGUEL,py_ctrm_fcws.distri_87,base.py,py_ctrm_fcws.state_py_8
cit_2277,2277,SAN MIGUEL (COL.STO.DOMINGO),py_ctrm_fcws.distri_87,base.py,py_ctrm_fcws.state_py_8
cit_2278,2278,SAN NICOLAS,py_ctrm_fcws.distri_87,base.py,py_ctrm_fcws.state_py_8
cit_2279,2279,SANTA LUCIA (COL.C.A.LOPEZ),py_ctrm_fcws.distri_87,base.py,py_ctrm_fcws.state_py_8
cit_2280,2280,SANTA MARIA,py_ctrm_fcws.distri_87,base.py,py_ctrm_fcws.state_py_8
cit_2281,2281,SANTA ROSA 1RO.,py_ctrm_fcws.distri_87,base.py,py_ctrm_fcws.state_py_8
cit_2282,2282,SANTA ROSA DEL PARANA,py_ctrm_fcws.distri_87,base.py,py_ctrm_fcws.state_py_8
cit_2283,2283,TACUARI,py_ctrm_fcws.distri_87,base.py,py_ctrm_fcws.state_py_8
cit_2284,2284,TATU CUA 3RO.,py_ctrm_fcws.distri_87,base.py,py_ctrm_fcws.state_py_8
cit_2285,2285,VILLA CRISTINA,py_ctrm_fcws.distri_87,base.py,py_ctrm_fcws.state_py_8
cit_2286,2286,YPE CURU 2DO.,py_ctrm_fcws.distri_87,base.py,py_ctrm_fcws.state_py_8
cit_4601,4601,NUEVA AURORA,py_ctrm_fcws.distri_87,base.py,py_ctrm_fcws.state_py_8
cit_6308,6308,SAN ANTONIO,py_ctrm_fcws.distri_87,base.py,py_ctrm_fcws.state_py_8
cit_6309,6309,SAN LUIS DEL PARANA,py_ctrm_fcws.distri_87,base.py,py_ctrm_fcws.state_py_8
cit_6310,6310,SANTA ROSA 2DO.,py_ctrm_fcws.distri_87,base.py,py_ctrm_fcws.state_py_8
cit_6311,6311,YPE CURU 1RO.,py_ctrm_fcws.distri_87,base.py,py_ctrm_fcws.state_py_8
cit_2287,2287,BELLA VISTA,py_ctrm_fcws.distri_88,base.py,py_ctrm_fcws.state_py_8
cit_2288,2288,ACA CARAYA KM.20,py_ctrm_fcws.distri_88,base.py,py_ctrm_fcws.state_py_8
cit_2289,2289,ACA CARAYA KM.22,py_ctrm_fcws.distri_88,base.py,py_ctrm_fcws.state_py_8
cit_2290,2290,BELLA VISTA (MUNICIPIO),py_ctrm_fcws.distri_88,base.py,py_ctrm_fcws.state_py_8
cit_2290,2290,BELLA VISTA (MUNICIPIO),py_ctrm_fcws.distri_88,base.py,py_ctrm_fcws.state_py_8
cit_2290,2290,BELLA VISTA (MUNICIPIO),py_ctrm_fcws.distri_88,base.py,py_ctrm_fcws.state_py_8
cit_2290,2290,BELLA VISTA (MUNICIPIO),py_ctrm_fcws.distri_88,base.py,py_ctrm_fcws.state_py_8
cit_2290,2290,BELLA VISTA (MUNICIPIO),py_ctrm_fcws.distri_88,base.py,py_ctrm_fcws.state_py_8
cit_2290,2290,BELLA VISTA (MUNICIPIO),py_ctrm_fcws.distri_88,base.py,py_ctrm_fcws.state_py_8
cit_2291,2291,CALLE 1RO.PIRAPO,py_ctrm_fcws.distri_88,base.py,py_ctrm_fcws.state_py_8
cit_2292,2292,CAARENDY,py_ctrm_fcws.distri_88,base.py,py_ctrm_fcws.state_py_8
cit_2293,2293,COL.FORDI-I,py_ctrm_fcws.distri_88,base.py,py_ctrm_fcws.state_py_8
cit_2294,2294,COL.PIRAPO KM.13,py_ctrm_fcws.distri_88,base.py,py_ctrm_fcws.state_py_8
cit_2295,2295,COL.PIRAPO KM.15,py_ctrm_fcws.distri_88,base.py,py_ctrm_fcws.state_py_8
cit_2296,2296,COL.SANTA CLARA,py_ctrm_fcws.distri_88,base.py,py_ctrm_fcws.state_py_8
cit_2297,2297,COL.UNION,py_ctrm_fcws.distri_88,base.py,py_ctrm_fcws.state_py_8
cit_2298,2298,COL.URUGUAYA,py_ctrm_fcws.distri_88,base.py,py_ctrm_fcws.state_py_8
cit_2299,2299,COL.VACAY,py_ctrm_fcws.distri_88,base.py,py_ctrm_fcws.state_py_8
cit_2300,2300,FISCO KM.25,py_ctrm_fcws.distri_88,base.py,py_ctrm_fcws.state_py_8
cit_2301,2301,KILOMETRO 19 COL.PIRAPO,py_ctrm_fcws.distri_88,base.py,py_ctrm_fcws.state_py_8
cit_2302,2302,LA TRINIDAD,py_ctrm_fcws.distri_88,base.py,py_ctrm_fcws.state_py_8
cit_2303,2303,PIRAPO (PLANTA URBANA),py_ctrm_fcws.distri_88,base.py,py_ctrm_fcws.state_py_8
cit_2304,2304,PIRAPO KM.17,py_ctrm_fcws.distri_88,base.py,py_ctrm_fcws.state_py_8
cit_2305,2305,PIRAPO KM.25,py_ctrm_fcws.distri_88,base.py,py_ctrm_fcws.state_py_8
cit_2593,2593,PUERTO ACA CARAYA,py_ctrm_fcws.distri_88,base.py,py_ctrm_fcws.state_py_8
cit_2594,2594,PUERTO BELLA VISTA,py_ctrm_fcws.distri_88,base.py,py_ctrm_fcws.state_py_8
cit_2595,2595,PUERTO CAARENDY,py_ctrm_fcws.distri_88,base.py,py_ctrm_fcws.state_py_8
cit_2596,2596,PUERTO FORDI-I,py_ctrm_fcws.distri_88,base.py,py_ctrm_fcws.state_py_8
cit_2597,2597,PUERTO PIRAPO,py_ctrm_fcws.distri_88,base.py,py_ctrm_fcws.state_py_8
cit_2598,2598,PUERTO VACAY,py_ctrm_fcws.distri_88,base.py,py_ctrm_fcws.state_py_8
cit_2599,2599,VILLA CAPSA,py_ctrm_fcws.distri_88,base.py,py_ctrm_fcws.state_py_8
cit_6312,6312,CALLE 1RO. ACA CARAYA,py_ctrm_fcws.distri_88,base.py,py_ctrm_fcws.state_py_8
cit_6313,6313,COL.PIRAPO KM.22,py_ctrm_fcws.distri_88,base.py,py_ctrm_fcws.state_py_8
cit_6314,6314,KILOMETRO 23 COL.PIRAPO,py_ctrm_fcws.distri_88,base.py,py_ctrm_fcws.state_py_8
cit_6327,6327,PUERTO ITALIA,py_ctrm_fcws.distri_88,base.py,py_ctrm_fcws.state_py_8
cit_2600,2600,CAMBYRETA,py_ctrm_fcws.distri_89,base.py,py_ctrm_fcws.state_py_8
cit_2601,2601,BARRERO GUAZU,py_ctrm_fcws.distri_89,base.py,py_ctrm_fcws.state_py_8
cit_2602,2602,CALLE A CAMBYRETA,py_ctrm_fcws.distri_89,base.py,py_ctrm_fcws.state_py_8
cit_2603,2603,CAMBYRETA (MUNICIPIO),py_ctrm_fcws.distri_89,base.py,py_ctrm_fcws.state_py_8
cit_2604,2604,COL.CAMPICHUELO,py_ctrm_fcws.distri_89,base.py,py_ctrm_fcws.state_py_8
cit_2605,2605,COL.PARANA,py_ctrm_fcws.distri_89,base.py,py_ctrm_fcws.state_py_8
cit_2606,2606,PUERTO CAMPICHUELO,py_ctrm_fcws.distri_89,base.py,py_ctrm_fcws.state_py_8
cit_2607,2607,SAN MIGUEL CURUZU,py_ctrm_fcws.distri_89,base.py,py_ctrm_fcws.state_py_8
cit_2608,2608,TRES PALMITOS,py_ctrm_fcws.distri_89,base.py,py_ctrm_fcws.state_py_8
cit_6328,6328,ARROYO VERDE,py_ctrm_fcws.distri_89,base.py,py_ctrm_fcws.state_py_8
cit_6329,6329,"COL.PARANA ""A"" (CALLE)",py_ctrm_fcws.distri_89,base.py,py_ctrm_fcws.state_py_8
cit_2609,2609,CAPITAN MEZA,py_ctrm_fcws.distri_90,base.py,py_ctrm_fcws.state_py_8
cit_2610,2610,CAPITAN MEZA (MUNICIPIO),py_ctrm_fcws.distri_90,base.py,py_ctrm_fcws.state_py_8
cit_2611,2611,COL. CARLOS A.LOPEZ,py_ctrm_fcws.distri_90,base.py,py_ctrm_fcws.state_py_8
cit_2612,2612,COL.EDELIRA,py_ctrm_fcws.distri_90,base.py,py_ctrm_fcws.state_py_8
cit_2613,2613,COL. INDIGENA,py_ctrm_fcws.distri_90,base.py,py_ctrm_fcws.state_py_8
cit_2614,2614,COL. NATALICIO 5A. LINEA,py_ctrm_fcws.distri_90,base.py,py_ctrm_fcws.state_py_8
cit_2615,2615,COL. NUEVA,py_ctrm_fcws.distri_90,base.py,py_ctrm_fcws.state_py_8
cit_2616,2616,COL. TEMBEY,py_ctrm_fcws.distri_90,base.py,py_ctrm_fcws.state_py_8
cit_2617,2617,COL. MAYOR OTAÑO 1 2 3 4 5 LIN,py_ctrm_fcws.distri_90,base.py,py_ctrm_fcws.state_py_8
cit_2618,2618,COL. REPATRIACION 2A. LINEA,py_ctrm_fcws.distri_90,base.py,py_ctrm_fcws.state_py_8
cit_2619,2619,COL. REPATRIACION 3RA. LINEA,py_ctrm_fcws.distri_90,base.py,py_ctrm_fcws.state_py_8
cit_2620,2620,EDELIRA-I,py_ctrm_fcws.distri_90,base.py,py_ctrm_fcws.state_py_8
cit_2621,2621,EDELIRA KM.12,py_ctrm_fcws.distri_90,base.py,py_ctrm_fcws.state_py_8
cit_2622,2622,EDELIRA KM.16,py_ctrm_fcws.distri_90,base.py,py_ctrm_fcws.state_py_8
cit_2623,2623,EDELIRA KM.26,py_ctrm_fcws.distri_90,base.py,py_ctrm_fcws.state_py_8
cit_2624,2624,ISLA PARAJHA,py_ctrm_fcws.distri_90,base.py,py_ctrm_fcws.state_py_8
cit_2625,2625,KILOMETRO 49 -OBRAJE MANSON,py_ctrm_fcws.distri_90,base.py,py_ctrm_fcws.state_py_8
cit_2626,2626,KILOMETRO 54 OBRAJE BARANA,py_ctrm_fcws.distri_90,base.py,py_ctrm_fcws.state_py_8
cit_2627,2627,OBRAJE KM. 15,py_ctrm_fcws.distri_90,base.py,py_ctrm_fcws.state_py_8
cit_2628,2628,PALOMA,py_ctrm_fcws.distri_90,base.py,py_ctrm_fcws.state_py_8
cit_2629,2629,PARAJHA,py_ctrm_fcws.distri_90,base.py,py_ctrm_fcws.state_py_8
cit_2630,2630,PIRAYU-I,py_ctrm_fcws.distri_90,base.py,py_ctrm_fcws.state_py_8
cit_2631,2631,PUERTO 15 DE AGOSTO (C.APE-AI),py_ctrm_fcws.distri_90,base.py,py_ctrm_fcws.state_py_8
cit_2632,2632,PUERTO 3 DE MAYO,py_ctrm_fcws.distri_90,base.py,py_ctrm_fcws.state_py_8
cit_3949,3949,PUERTO CARLOS A. LOPEZ,py_ctrm_fcws.distri_90,base.py,py_ctrm_fcws.state_py_8
cit_3950,3950,PUERTO MAINUMBY,py_ctrm_fcws.distri_90,base.py,py_ctrm_fcws.state_py_8
cit_3951,3951,PUERTO NATALICIO,py_ctrm_fcws.distri_90,base.py,py_ctrm_fcws.state_py_8
cit_3952,3952,PUERTO PALOMA,py_ctrm_fcws.distri_90,base.py,py_ctrm_fcws.state_py_8
cit_3953,3953,PUERTO PORVENIR,py_ctrm_fcws.distri_90,base.py,py_ctrm_fcws.state_py_8
cit_3954,3954,PUERTO SAN LORENZO,py_ctrm_fcws.distri_90,base.py,py_ctrm_fcws.state_py_8
cit_3955,3955,PUERTO SAN RAFAEL,py_ctrm_fcws.distri_90,base.py,py_ctrm_fcws.state_py_8
cit_3956,3956,PUERTO YACUY,py_ctrm_fcws.distri_90,base.py,py_ctrm_fcws.state_py_8
cit_3957,3957,PUERTO YAGUA RASAPA,py_ctrm_fcws.distri_90,base.py,py_ctrm_fcws.state_py_8
cit_3958,3958,SAN JUAN,py_ctrm_fcws.distri_90,base.py,py_ctrm_fcws.state_py_8
cit_3959,3959,TOLDERIA KM. 9,py_ctrm_fcws.distri_90,base.py,py_ctrm_fcws.state_py_8
cit_3960,3960,TOLDERIA PIRAYU (PTO.CADENA),py_ctrm_fcws.distri_90,base.py,py_ctrm_fcws.state_py_8
cit_3961,3961,TOLDERIA YAGUA RASAPA,py_ctrm_fcws.distri_90,base.py,py_ctrm_fcws.state_py_8
cit_3962,3962,TRIUNFO KM. 25,py_ctrm_fcws.distri_90,base.py,py_ctrm_fcws.state_py_8
cit_3963,3963,URUTAU KM. 40,py_ctrm_fcws.distri_90,base.py,py_ctrm_fcws.state_py_8
cit_6330,6330,COL. APE-AIME,py_ctrm_fcws.distri_90,base.py,py_ctrm_fcws.state_py_8
cit_6331,6331,COL. SANTA ROSA,py_ctrm_fcws.distri_90,base.py,py_ctrm_fcws.state_py_8
cit_6332,6332,EDELIRA 1RO.Y 2DA. LINEA,py_ctrm_fcws.distri_90,base.py,py_ctrm_fcws.state_py_8
cit_6333,6333,KILOMETRO 72 OBRAJE KATUPYRY,py_ctrm_fcws.distri_90,base.py,py_ctrm_fcws.state_py_8
cit_3964,3964,CARMEN DEL PARANA,py_ctrm_fcws.distri_91,base.py,py_ctrm_fcws.state_py_8
cit_3965,3965,CALLE A ESTE,py_ctrm_fcws.distri_91,base.py,py_ctrm_fcws.state_py_8
cit_3966,3966,CALLE 1 OESTE,py_ctrm_fcws.distri_91,base.py,py_ctrm_fcws.state_py_8
cit_3967,3967,CALLE 2 OESTE,py_ctrm_fcws.distri_91,base.py,py_ctrm_fcws.state_py_8
cit_3968,3968,CALLE 3 OESTE,py_ctrm_fcws.distri_91,base.py,py_ctrm_fcws.state_py_8
cit_3969,3969,CALLE 4 OESTE,py_ctrm_fcws.distri_91,base.py,py_ctrm_fcws.state_py_8
cit_3970,3970,CALLE 5 OESTE,py_ctrm_fcws.distri_91,base.py,py_ctrm_fcws.state_py_8
cit_3971,3971,CALLE 6 OESTE,py_ctrm_fcws.distri_91,base.py,py_ctrm_fcws.state_py_8
cit_3972,3972,CALLE 7,py_ctrm_fcws.distri_91,base.py,py_ctrm_fcws.state_py_8
cit_3973,3973,CALLE 7 (A-B)OESTE,py_ctrm_fcws.distri_91,base.py,py_ctrm_fcws.state_py_8
cit_3974,3974,CALLE A-B-C-,py_ctrm_fcws.distri_91,base.py,py_ctrm_fcws.state_py_8
cit_3975,3975,CALLE AUXILIAR,py_ctrm_fcws.distri_91,base.py,py_ctrm_fcws.state_py_8
cit_3976,3976,CALLE B ESTE,py_ctrm_fcws.distri_91,base.py,py_ctrm_fcws.state_py_8
cit_3977,3977,CALLE B OESTE,py_ctrm_fcws.distri_91,base.py,py_ctrm_fcws.state_py_8
cit_3978,3978,CALLE C ESTE,py_ctrm_fcws.distri_91,base.py,py_ctrm_fcws.state_py_8
cit_3979,3979,CALLE C OESTE,py_ctrm_fcws.distri_91,base.py,py_ctrm_fcws.state_py_8
cit_3980,3980,CALLE D ESTE,py_ctrm_fcws.distri_91,base.py,py_ctrm_fcws.state_py_8
cit_3981,3981,CALLE D OESTE,py_ctrm_fcws.distri_91,base.py,py_ctrm_fcws.state_py_8
cit_3982,3982,CALLE E ESTE,py_ctrm_fcws.distri_91,base.py,py_ctrm_fcws.state_py_8
cit_3983,3983,CALLE E OESTE,py_ctrm_fcws.distri_91,base.py,py_ctrm_fcws.state_py_8
cit_3984,3984,CAMPAÑA COHTCF,py_ctrm_fcws.distri_91,base.py,py_ctrm_fcws.state_py_8
cit_3985,3985,CARAGUATA,py_ctrm_fcws.distri_91,base.py,py_ctrm_fcws.state_py_8
cit_3986,3986,CARMEN DEL PARANA (MUNICIPIO),py_ctrm_fcws.distri_91,base.py,py_ctrm_fcws.state_py_8
cit_3986,3986,CARMEN DEL PARANA (MUNICIPIO),py_ctrm_fcws.distri_91,base.py,py_ctrm_fcws.state_py_8
cit_3986,3986,CARMEN DEL PARANA (MUNICIPIO),py_ctrm_fcws.distri_91,base.py,py_ctrm_fcws.state_py_8
cit_3986,3986,CARMEN DEL PARANA (MUNICIPIO),py_ctrm_fcws.distri_91,base.py,py_ctrm_fcws.state_py_8
cit_3986,3986,CARMEN DEL PARANA (MUNICIPIO),py_ctrm_fcws.distri_91,base.py,py_ctrm_fcws.state_py_8
cit_3986,3986,CARMEN DEL PARANA (MUNICIPIO),py_ctrm_fcws.distri_91,base.py,py_ctrm_fcws.state_py_8
cit_3987,3987,CERRITO,py_ctrm_fcws.distri_91,base.py,py_ctrm_fcws.state_py_8
cit_3988,3988,ESTANCIA WILKE,py_ctrm_fcws.distri_91,base.py,py_ctrm_fcws.state_py_8
cit_3989,3989,PUESTO WILKE (WILKIN),py_ctrm_fcws.distri_91,base.py,py_ctrm_fcws.state_py_8
cit_3990,3990,SAN MARTIN,py_ctrm_fcws.distri_91,base.py,py_ctrm_fcws.state_py_8
cit_3991,3991,YACAREY,py_ctrm_fcws.distri_91,base.py,py_ctrm_fcws.state_py_8
cit_3992,3992,YBYRAITY,py_ctrm_fcws.distri_91,base.py,py_ctrm_fcws.state_py_8
cit_3993,3993,CAPITAN MIRANDA,py_ctrm_fcws.distri_92,base.py,py_ctrm_fcws.state_py_8
cit_3994,3994,CALLE 13 CAPITAN MIRANDA,py_ctrm_fcws.distri_92,base.py,py_ctrm_fcws.state_py_8
cit_3995,3995,CALLE 7 CAPITAN MIRANDA,py_ctrm_fcws.distri_92,base.py,py_ctrm_fcws.state_py_8
cit_3996,3996,CALLE A CAPITAN MIRANDA,py_ctrm_fcws.distri_92,base.py,py_ctrm_fcws.state_py_8
cit_3997,3997,CALLE A SUR CAPITAN MIRANDA,py_ctrm_fcws.distri_92,base.py,py_ctrm_fcws.state_py_8
cit_3998,3998,CALLE B 2DA. CAPITAN MIRANDA,py_ctrm_fcws.distri_92,base.py,py_ctrm_fcws.state_py_8
cit_3999,3999,CALLE B CAPITAN MIRANDA,py_ctrm_fcws.distri_92,base.py,py_ctrm_fcws.state_py_8
cit_4000,4000,CALLE B SUR CAPITAN MIRANDA,py_ctrm_fcws.distri_92,base.py,py_ctrm_fcws.state_py_8
cit_4001,4001,CALLE C SUR CAPITAN MIRANDA,py_ctrm_fcws.distri_92,base.py,py_ctrm_fcws.state_py_8
cit_4002,4002,CALLE C CAPITAN MIRANDA,py_ctrm_fcws.distri_92,base.py,py_ctrm_fcws.state_py_8
cit_4003,4003,CALLE JESUS CAPITAN MIRANDA,py_ctrm_fcws.distri_92,base.py,py_ctrm_fcws.state_py_8
cit_4004,4004,CAP. MIRANDA (MUNICIPIO),py_ctrm_fcws.distri_92,base.py,py_ctrm_fcws.state_py_8
cit_4005,4005,COL. ALBORADA 1 CAP. MIRANDA,py_ctrm_fcws.distri_92,base.py,py_ctrm_fcws.state_py_8
cit_4006,4006,COL. ALBORADA 2 CAP. MIRANDA,py_ctrm_fcws.distri_92,base.py,py_ctrm_fcws.state_py_8
cit_4007,4007,YTORORO CAP. MIRANDA,py_ctrm_fcws.distri_92,base.py,py_ctrm_fcws.state_py_8
cit_4008,4008,CORONEL BOGADO,py_ctrm_fcws.distri_93,base.py,py_ctrm_fcws.state_py_8
cit_4009,4009,AGUARA,py_ctrm_fcws.distri_93,base.py,py_ctrm_fcws.state_py_8
cit_4010,4010,ANTEQUERA 1RO.,py_ctrm_fcws.distri_93,base.py,py_ctrm_fcws.state_py_8
cit_4011,4011,ANTEQUERA 2DO.,py_ctrm_fcws.distri_93,base.py,py_ctrm_fcws.state_py_8
cit_4012,4012,BONETE,py_ctrm_fcws.distri_93,base.py,py_ctrm_fcws.state_py_8
cit_4013,4013,CABAYU-I,py_ctrm_fcws.distri_93,base.py,py_ctrm_fcws.state_py_8
cit_4014,4014,CAMBAY,py_ctrm_fcws.distri_93,base.py,py_ctrm_fcws.state_py_8
cit_4015,4015,CAMBA RUGUA,py_ctrm_fcws.distri_93,base.py,py_ctrm_fcws.state_py_8
cit_4016,4016,CARUÑAI,py_ctrm_fcws.distri_93,base.py,py_ctrm_fcws.state_py_8
cit_4017,4017,CAUCASIA,py_ctrm_fcws.distri_93,base.py,py_ctrm_fcws.state_py_8
cit_4018,4018,CERRITO,py_ctrm_fcws.distri_93,base.py,py_ctrm_fcws.state_py_8
cit_4019,4019,CNEL.JOSE F.BOGADO (MUNICIPIO),py_ctrm_fcws.distri_93,base.py,py_ctrm_fcws.state_py_8
cit_4019,4019,CNEL.JOSE F.BOGADO (MUNICIPIO),py_ctrm_fcws.distri_93,base.py,py_ctrm_fcws.state_py_8
cit_4019,4019,CNEL.JOSE F.BOGADO (MUNICIPIO),py_ctrm_fcws.distri_93,base.py,py_ctrm_fcws.state_py_8
cit_4019,4019,CNEL.JOSE F.BOGADO (MUNICIPIO),py_ctrm_fcws.distri_93,base.py,py_ctrm_fcws.state_py_8
cit_4020,4020,COL. CAP.BADO,py_ctrm_fcws.distri_93,base.py,py_ctrm_fcws.state_py_8
cit_4021,4021,COL. SIBERIA,py_ctrm_fcws.distri_93,base.py,py_ctrm_fcws.state_py_8
cit_4022,4022,COSTA TACUARY,py_ctrm_fcws.distri_93,base.py,py_ctrm_fcws.state_py_8
cit_4023,4023,CRISTO REY,py_ctrm_fcws.distri_93,base.py,py_ctrm_fcws.state_py_8
cit_4024,4024,ESTANCIA EL PROGRESO,py_ctrm_fcws.distri_93,base.py,py_ctrm_fcws.state_py_8
cit_4025,4025,ESTANCIA FERNANDEZ,py_ctrm_fcws.distri_93,base.py,py_ctrm_fcws.state_py_8
cit_4026,4026,ESTANCIA MEFFER,py_ctrm_fcws.distri_93,base.py,py_ctrm_fcws.state_py_8
cit_4027,4027,MBUTUY,py_ctrm_fcws.distri_93,base.py,py_ctrm_fcws.state_py_8
cit_4028,4028,PICADA TUNA,py_ctrm_fcws.distri_93,base.py,py_ctrm_fcws.state_py_8
cit_4029,4029,POTRERITO,py_ctrm_fcws.distri_93,base.py,py_ctrm_fcws.state_py_8
cit_4030,4030,PUESTO GUAICURU,py_ctrm_fcws.distri_93,base.py,py_ctrm_fcws.state_py_8
cit_4031,4031,RESQUIN CUE,py_ctrm_fcws.distri_93,base.py,py_ctrm_fcws.state_py_8
cit_4032,4032,SAN ANTONIO,py_ctrm_fcws.distri_93,base.py,py_ctrm_fcws.state_py_8
cit_4033,4033,SAN FRANCISCO,py_ctrm_fcws.distri_93,base.py,py_ctrm_fcws.state_py_8
cit_4034,4034,SAN ISIDRO,py_ctrm_fcws.distri_93,base.py,py_ctrm_fcws.state_py_8
cit_4035,4035,SAN JUAN JHUGUA-I,py_ctrm_fcws.distri_93,base.py,py_ctrm_fcws.state_py_8
cit_4036,4036,SAN MIGUEL POTRERO,py_ctrm_fcws.distri_93,base.py,py_ctrm_fcws.state_py_8
cit_4037,4037,SAN RAFAEL,py_ctrm_fcws.distri_93,base.py,py_ctrm_fcws.state_py_8
cit_4038,4038,SAN ROQUE,py_ctrm_fcws.distri_93,base.py,py_ctrm_fcws.state_py_8
cit_4039,4039,SANTA RITA,py_ctrm_fcws.distri_93,base.py,py_ctrm_fcws.state_py_8
cit_4040,4040,SATI,py_ctrm_fcws.distri_93,base.py,py_ctrm_fcws.state_py_8
cit_4041,4041,TACUARY,py_ctrm_fcws.distri_93,base.py,py_ctrm_fcws.state_py_8
cit_4042,4042,TACUATY,py_ctrm_fcws.distri_93,base.py,py_ctrm_fcws.state_py_8
cit_4043,4043,TYMACA,py_ctrm_fcws.distri_93,base.py,py_ctrm_fcws.state_py_8
cit_4044,4044,TELLEZ - I,py_ctrm_fcws.distri_93,base.py,py_ctrm_fcws.state_py_8
cit_4045,4045,TELLEZ CUE,py_ctrm_fcws.distri_93,base.py,py_ctrm_fcws.state_py_8
cit_4046,4046,YPYTA,py_ctrm_fcws.distri_93,base.py,py_ctrm_fcws.state_py_8
cit_4047,4047,FRAM,py_ctrm_fcws.distri_94,base.py,py_ctrm_fcws.state_py_8
cit_4048,4048,CALLE AUXILIAR T,py_ctrm_fcws.distri_94,base.py,py_ctrm_fcws.state_py_8
cit_4049,4049,CALLE E ESTE,py_ctrm_fcws.distri_94,base.py,py_ctrm_fcws.state_py_8
cit_4050,4050,CALLE E OESTE,py_ctrm_fcws.distri_94,base.py,py_ctrm_fcws.state_py_8
cit_4051,4051,CALLE F ESTE,py_ctrm_fcws.distri_94,base.py,py_ctrm_fcws.state_py_8
cit_4052,4052,CALLE F OESTE,py_ctrm_fcws.distri_94,base.py,py_ctrm_fcws.state_py_8
cit_4053,4053,CALLE G ESTE,py_ctrm_fcws.distri_94,base.py,py_ctrm_fcws.state_py_8
cit_4054,4054,CALLE G OESTE,py_ctrm_fcws.distri_94,base.py,py_ctrm_fcws.state_py_8
cit_4055,4055,CALLE H ESTE,py_ctrm_fcws.distri_94,base.py,py_ctrm_fcws.state_py_8
cit_4056,4056,CALLE H OESTE,py_ctrm_fcws.distri_94,base.py,py_ctrm_fcws.state_py_8
cit_4057,4057,CALLE I ESTE,py_ctrm_fcws.distri_94,base.py,py_ctrm_fcws.state_py_8
cit_4058,4058,CALLE I OESTE,py_ctrm_fcws.distri_94,base.py,py_ctrm_fcws.state_py_8
cit_4059,4059,CALLE J ESTE,py_ctrm_fcws.distri_94,base.py,py_ctrm_fcws.state_py_8
cit_4060,4060,CALLE J OESTE,py_ctrm_fcws.distri_94,base.py,py_ctrm_fcws.state_py_8
cit_4061,4061,CALLE K ESTE,py_ctrm_fcws.distri_94,base.py,py_ctrm_fcws.state_py_8
cit_4062,4062,CALLE K OESTE,py_ctrm_fcws.distri_94,base.py,py_ctrm_fcws.state_py_8
cit_4063,4063,CALLE I OESTE,py_ctrm_fcws.distri_94,base.py,py_ctrm_fcws.state_py_8
cit_4064,4064,CALLE M ESTE,py_ctrm_fcws.distri_94,base.py,py_ctrm_fcws.state_py_8
cit_4065,4065,CALLE M OESTE,py_ctrm_fcws.distri_94,base.py,py_ctrm_fcws.state_py_8
cit_4066,4066,CALLE N ESTE,py_ctrm_fcws.distri_94,base.py,py_ctrm_fcws.state_py_8
cit_4067,4067,CALLE N OESTE,py_ctrm_fcws.distri_94,base.py,py_ctrm_fcws.state_py_8
cit_4068,4068,CALLE P ESTE,py_ctrm_fcws.distri_94,base.py,py_ctrm_fcws.state_py_8
cit_4069,4069,CALLE P OESTE,py_ctrm_fcws.distri_94,base.py,py_ctrm_fcws.state_py_8
cit_4070,4070,CALLE Q ESTE,py_ctrm_fcws.distri_94,base.py,py_ctrm_fcws.state_py_8
cit_4071,4071,CALLE Q OESTE,py_ctrm_fcws.distri_94,base.py,py_ctrm_fcws.state_py_8
cit_4072,4072,CALLE S ESTE,py_ctrm_fcws.distri_94,base.py,py_ctrm_fcws.state_py_8
cit_4073,4073,CALLE S OESTE,py_ctrm_fcws.distri_94,base.py,py_ctrm_fcws.state_py_8
cit_4074,4074,CALLE T ESTE,py_ctrm_fcws.distri_94,base.py,py_ctrm_fcws.state_py_8
cit_4075,4075,CAALE T OESTE,py_ctrm_fcws.distri_94,base.py,py_ctrm_fcws.state_py_8
cit_4076,4076,CALLE U ESTE,py_ctrm_fcws.distri_94,base.py,py_ctrm_fcws.state_py_8
cit_4077,4077,CALLE V OESTE,py_ctrm_fcws.distri_94,base.py,py_ctrm_fcws.state_py_8
cit_4078,4078,FRAM ( MUNICIPIO ),py_ctrm_fcws.distri_94,base.py,py_ctrm_fcws.state_py_8
cit_4078,4078,FRAM ( MUNICIPIO ),py_ctrm_fcws.distri_94,base.py,py_ctrm_fcws.state_py_8
cit_4078,4078,FRAM ( MUNICIPIO ),py_ctrm_fcws.distri_94,base.py,py_ctrm_fcws.state_py_8
cit_4078,4078,FRAM ( MUNICIPIO ),py_ctrm_fcws.distri_94,base.py,py_ctrm_fcws.state_py_8
cit_4078,4078,FRAM ( MUNICIPIO ),py_ctrm_fcws.distri_94,base.py,py_ctrm_fcws.state_py_8
cit_4078,4078,FRAM ( MUNICIPIO ),py_ctrm_fcws.distri_94,base.py,py_ctrm_fcws.state_py_8
cit_4078,4078,FRAM ( MUNICIPIO ),py_ctrm_fcws.distri_94,base.py,py_ctrm_fcws.state_py_8
cit_4078,4078,FRAM ( MUNICIPIO ),py_ctrm_fcws.distri_94,base.py,py_ctrm_fcws.state_py_8
cit_5783,5783,CALLE O ESTE,py_ctrm_fcws.distri_94,base.py,py_ctrm_fcws.state_py_8
cit_5784,5784,CALLE R OESTE,py_ctrm_fcws.distri_94,base.py,py_ctrm_fcws.state_py_8
cit_5785,5785,CALLE U OESTE,py_ctrm_fcws.distri_94,base.py,py_ctrm_fcws.state_py_8
cit_1855,1855,ESTANCIA SALTO,py_ctrm_fcws.distri_95,base.py,py_ctrm_fcws.state_py_8
cit_1856,1856,ESTANCIA SAN ANTONIO,py_ctrm_fcws.distri_95,base.py,py_ctrm_fcws.state_py_8
cit_1857,1857,ESTANCIA SANTA TERESA,py_ctrm_fcws.distri_95,base.py,py_ctrm_fcws.state_py_8
cit_1858,1858,ESTANCIA YBYRA PIRU,py_ctrm_fcws.distri_95,base.py,py_ctrm_fcws.state_py_8
cit_1859,1859,ESTNACIA ÑEEMBUCU,py_ctrm_fcws.distri_95,base.py,py_ctrm_fcws.state_py_8
cit_1860,1860,GANADERA SALITRE CUE,py_ctrm_fcws.distri_95,base.py,py_ctrm_fcws.state_py_8
cit_1861,1861,GRAL.GERVACIO ARTIGAS (MUNIC.),py_ctrm_fcws.distri_95,base.py,py_ctrm_fcws.state_py_8
cit_1861,1861,GRAL.GERVACIO ARTIGAS (MUNIC.),py_ctrm_fcws.distri_95,base.py,py_ctrm_fcws.state_py_8
cit_1861,1861,GRAL.GERVACIO ARTIGAS (MUNIC.),py_ctrm_fcws.distri_95,base.py,py_ctrm_fcws.state_py_8
cit_1861,1861,GRAL.GERVACIO ARTIGAS (MUNIC.),py_ctrm_fcws.distri_95,base.py,py_ctrm_fcws.state_py_8
cit_1862,1862,HURTADO CUE,py_ctrm_fcws.distri_95,base.py,py_ctrm_fcws.state_py_8
cit_1863,1863,ISLA ALTA,py_ctrm_fcws.distri_95,base.py,py_ctrm_fcws.state_py_8
cit_1864,1864,ITACURUBI,py_ctrm_fcws.distri_95,base.py,py_ctrm_fcws.state_py_8
cit_1865,1865,COL.SANTA MARIA,py_ctrm_fcws.distri_95,base.py,py_ctrm_fcws.state_py_8
cit_1866,1866,PICADA PYTA,py_ctrm_fcws.distri_95,base.py,py_ctrm_fcws.state_py_8
cit_1867,1867,POTRERITO,py_ctrm_fcws.distri_95,base.py,py_ctrm_fcws.state_py_8
cit_1868,1868,POTRERO DUARTE,py_ctrm_fcws.distri_95,base.py,py_ctrm_fcws.state_py_8
cit_1869,1869,PUESTO AGUADA,py_ctrm_fcws.distri_95,base.py,py_ctrm_fcws.state_py_8
cit_1870,1870,PUESTO CAAGUAZU,py_ctrm_fcws.distri_95,base.py,py_ctrm_fcws.state_py_8
cit_1871,1871,PUESTO IRALA PINDO,py_ctrm_fcws.distri_95,base.py,py_ctrm_fcws.state_py_8
cit_1872,1872,PUESTO SOLEDAD,py_ctrm_fcws.distri_95,base.py,py_ctrm_fcws.state_py_8
cit_1873,1873,PUESTO TAYY,py_ctrm_fcws.distri_95,base.py,py_ctrm_fcws.state_py_8
cit_1874,1874,SAN BLAS,py_ctrm_fcws.distri_95,base.py,py_ctrm_fcws.state_py_8
cit_1875,1875,SAN IDIDRO,py_ctrm_fcws.distri_95,base.py,py_ctrm_fcws.state_py_8
cit_1876,1876,SAN MIGUEL,py_ctrm_fcws.distri_95,base.py,py_ctrm_fcws.state_py_8
cit_1877,1877,SAN MIGUL POTRERO,py_ctrm_fcws.distri_95,base.py,py_ctrm_fcws.state_py_8
cit_1878,1878,SYRYRYCA,py_ctrm_fcws.distri_95,base.py,py_ctrm_fcws.state_py_8
cit_1879,1879,TOROPE,py_ctrm_fcws.distri_95,base.py,py_ctrm_fcws.state_py_8
cit_1880,1880,YPAYERE,py_ctrm_fcws.distri_95,base.py,py_ctrm_fcws.state_py_8
cit_1881,1881,YUKYRAYI,py_ctrm_fcws.distri_95,base.py,py_ctrm_fcws.state_py_8
cit_1882,1882,ZANJA HONDO,py_ctrm_fcws.distri_95,base.py,py_ctrm_fcws.state_py_8
cit_1883,1883,ÑU GUAZU,py_ctrm_fcws.distri_95,base.py,py_ctrm_fcws.state_py_8
cit_1884,1884,ÑU PYAJHU,py_ctrm_fcws.distri_95,base.py,py_ctrm_fcws.state_py_8
cit_4079,4079,GRAL. ARGTIGAS,py_ctrm_fcws.distri_95,base.py,py_ctrm_fcws.state_py_8
cit_4080,4080,ALBARDON,py_ctrm_fcws.distri_95,base.py,py_ctrm_fcws.state_py_8
cit_4081,4081,BOBI PUCU,py_ctrm_fcws.distri_95,base.py,py_ctrm_fcws.state_py_8
cit_4082,4082,BUENA VISTA,py_ctrm_fcws.distri_95,base.py,py_ctrm_fcws.state_py_8
cit_4083,4083,CAMBAY,py_ctrm_fcws.distri_95,base.py,py_ctrm_fcws.state_py_8
cit_4084,4084,CERRITO,py_ctrm_fcws.distri_95,base.py,py_ctrm_fcws.state_py_8
cit_4085,4085,COL. INDEPENDENCIA,py_ctrm_fcws.distri_95,base.py,py_ctrm_fcws.state_py_8
cit_4086,4086,CURUPAYTYUAYA,py_ctrm_fcws.distri_95,base.py,py_ctrm_fcws.state_py_8
cit_4087,4087,ERATY,py_ctrm_fcws.distri_95,base.py,py_ctrm_fcws.state_py_8
cit_4088,4088,ESTANCIA AREQUITA,py_ctrm_fcws.distri_95,base.py,py_ctrm_fcws.state_py_8
cit_4089,4089,ESANCIA BADO ISLA PE H,py_ctrm_fcws.distri_95,base.py,py_ctrm_fcws.state_py_8
cit_4090,4090,ESTANCIA CABALLERO GATTI,py_ctrm_fcws.distri_95,base.py,py_ctrm_fcws.state_py_8
cit_4091,4091,ESTANCIA ISLA CAMBA,py_ctrm_fcws.distri_95,base.py,py_ctrm_fcws.state_py_8
cit_4092,4092,ESTANCIA LOMA,py_ctrm_fcws.distri_95,base.py,py_ctrm_fcws.state_py_8
cit_4093,4093,ESTANCIA PIRITY,py_ctrm_fcws.distri_95,base.py,py_ctrm_fcws.state_py_8
cit_5786,5786,ARROYO VUELTA,py_ctrm_fcws.distri_95,base.py,py_ctrm_fcws.state_py_8
cit_5787,5787,COL. URUGUAYA,py_ctrm_fcws.distri_95,base.py,py_ctrm_fcws.state_py_8
cit_5788,5788,ESTANCIA BADO ISLA PE L,py_ctrm_fcws.distri_95,base.py,py_ctrm_fcws.state_py_8
cit_1885,1885,GRAL. DELGADO,py_ctrm_fcws.distri_96,base.py,py_ctrm_fcws.state_py_8
cit_1886,1886,BOQUERON,py_ctrm_fcws.distri_96,base.py,py_ctrm_fcws.state_py_8
cit_1887,1887,CAA-TY,py_ctrm_fcws.distri_96,base.py,py_ctrm_fcws.state_py_8
cit_1888,1888,COSTA JHU,py_ctrm_fcws.distri_96,base.py,py_ctrm_fcws.state_py_8
cit_1889,1889,ESTANCIA FRANCO CUE,py_ctrm_fcws.distri_96,base.py,py_ctrm_fcws.state_py_8
cit_1890,1890,ESTANCIA LAUREL,py_ctrm_fcws.distri_96,base.py,py_ctrm_fcws.state_py_8
cit_1891,1891,ESTANCIA SAN ANTONIO,py_ctrm_fcws.distri_96,base.py,py_ctrm_fcws.state_py_8
cit_1892,1892,ESTANCIA SAN MIGUELITO,py_ctrm_fcws.distri_96,base.py,py_ctrm_fcws.state_py_8
cit_1893,1893,ESTANCIA SANTA MARIA,py_ctrm_fcws.distri_96,base.py,py_ctrm_fcws.state_py_8
cit_1894,1894,ESTANCIA YCUA ÑU,py_ctrm_fcws.distri_96,base.py,py_ctrm_fcws.state_py_8
cit_1895,1895,GRAL. DELGADO (MUNICIPIO),py_ctrm_fcws.distri_96,base.py,py_ctrm_fcws.state_py_8
cit_1895,1895,GRAL. DELGADO (MUNICIPIO),py_ctrm_fcws.distri_96,base.py,py_ctrm_fcws.state_py_8
cit_1895,1895,GRAL. DELGADO (MUNICIPIO),py_ctrm_fcws.distri_96,base.py,py_ctrm_fcws.state_py_8
cit_1896,1896,ISLA GUAZU,py_ctrm_fcws.distri_96,base.py,py_ctrm_fcws.state_py_8
cit_1897,1897,ISLA PERU,py_ctrm_fcws.distri_96,base.py,py_ctrm_fcws.state_py_8
cit_1898,1898,JHUGUA GUAZU,py_ctrm_fcws.distri_96,base.py,py_ctrm_fcws.state_py_8
cit_1899,1899,JHUGUA-I,py_ctrm_fcws.distri_96,base.py,py_ctrm_fcws.state_py_8
cit_1900,1900,LOMITA,py_ctrm_fcws.distri_96,base.py,py_ctrm_fcws.state_py_8
cit_1901,1901,MANDYYU-TYGUE,py_ctrm_fcws.distri_96,base.py,py_ctrm_fcws.state_py_8
cit_1902,1902,PASO LAUREL,py_ctrm_fcws.distri_96,base.py,py_ctrm_fcws.state_py_8
cit_1903,1903,POSTA CUE,py_ctrm_fcws.distri_96,base.py,py_ctrm_fcws.state_py_8
cit_1904,1904,PUNTA PORA,py_ctrm_fcws.distri_96,base.py,py_ctrm_fcws.state_py_8
cit_1905,1905,SAN ANTONIO (JHUGUA-MI),py_ctrm_fcws.distri_96,base.py,py_ctrm_fcws.state_py_8
cit_1906,1906,SAN BLAS,py_ctrm_fcws.distri_96,base.py,py_ctrm_fcws.state_py_8
cit_1907,1907,SAN DIONISIO,py_ctrm_fcws.distri_96,base.py,py_ctrm_fcws.state_py_8
cit_1908,1908,SAN ESTANISLAO,py_ctrm_fcws.distri_96,base.py,py_ctrm_fcws.state_py_8
cit_1909,1909,SAN ISIDRO,py_ctrm_fcws.distri_96,base.py,py_ctrm_fcws.state_py_8
cit_1910,1910,SAN PEDRO,py_ctrm_fcws.distri_96,base.py,py_ctrm_fcws.state_py_8
cit_1911,1911,SANTA MARIA,py_ctrm_fcws.distri_96,base.py,py_ctrm_fcws.state_py_8
cit_1912,1912,TAVA-I,py_ctrm_fcws.distri_96,base.py,py_ctrm_fcws.state_py_8
cit_1913,1913,YBYRATY,py_ctrm_fcws.distri_96,base.py,py_ctrm_fcws.state_py_8
cit_1914,1914,YHACA,py_ctrm_fcws.distri_96,base.py,py_ctrm_fcws.state_py_8
cit_1915,1915,HOHENAU,py_ctrm_fcws.distri_97,base.py,py_ctrm_fcws.state_py_8
cit_1916,1916,CABAYU-Y,py_ctrm_fcws.distri_97,base.py,py_ctrm_fcws.state_py_8
cit_1917,1917,CAMPO ANGEL,py_ctrm_fcws.distri_97,base.py,py_ctrm_fcws.state_py_8
cit_1918,1918,FISCO HOHENAU,py_ctrm_fcws.distri_97,base.py,py_ctrm_fcws.state_py_8
cit_1919,1919,HOHENAU 1,py_ctrm_fcws.distri_97,base.py,py_ctrm_fcws.state_py_8
cit_1920,1920,HOHENAU 2 (MUNICIPIO),py_ctrm_fcws.distri_97,base.py,py_ctrm_fcws.state_py_8
cit_1921,1921,HOHENAU 3,py_ctrm_fcws.distri_97,base.py,py_ctrm_fcws.state_py_8
cit_1922,1922,HOHENAU 4,py_ctrm_fcws.distri_97,base.py,py_ctrm_fcws.state_py_8
cit_1923,1923,ITAPE SYI,py_ctrm_fcws.distri_97,base.py,py_ctrm_fcws.state_py_8
cit_1924,1924,LA MORENA,py_ctrm_fcws.distri_97,base.py,py_ctrm_fcws.state_py_8
cit_1925,1925,PUERTO HOHENAU,py_ctrm_fcws.distri_97,base.py,py_ctrm_fcws.state_py_8
cit_1926,1926,PUERTO SANTA ROSA,py_ctrm_fcws.distri_97,base.py,py_ctrm_fcws.state_py_8
cit_1927,1927,SANTA MARIA 1RO.,py_ctrm_fcws.distri_97,base.py,py_ctrm_fcws.state_py_8
cit_1928,1928,SANTA MARIA 2A.(COLONIA),py_ctrm_fcws.distri_97,base.py,py_ctrm_fcws.state_py_8
cit_1929,1929,JESUS,py_ctrm_fcws.distri_98,base.py,py_ctrm_fcws.state_py_8
cit_1930,1930,CAAGUAZU (C.FEDERICO CHAVEZ),py_ctrm_fcws.distri_98,base.py,py_ctrm_fcws.state_py_8
cit_1931,1931,CAMBAY,py_ctrm_fcws.distri_98,base.py,py_ctrm_fcws.state_py_8
cit_1932,1932,CAMPOS TERWINDT,py_ctrm_fcws.distri_98,base.py,py_ctrm_fcws.state_py_8
cit_1933,1933,CAPIIBARY (PASO CARLIN),py_ctrm_fcws.distri_98,base.py,py_ctrm_fcws.state_py_8
cit_1934,1934,CARUMBEY,py_ctrm_fcws.distri_98,base.py,py_ctrm_fcws.state_py_8
cit_1935,1935,COL.JESUS,py_ctrm_fcws.distri_98,base.py,py_ctrm_fcws.state_py_8
cit_1936,1936,JESUS (MUNICIPIO),py_ctrm_fcws.distri_98,base.py,py_ctrm_fcws.state_py_8
cit_1937,1937,MADISOVY (CAMPO TOMAS),py_ctrm_fcws.distri_98,base.py,py_ctrm_fcws.state_py_8
cit_1938,1938,SAN ANTONIO,py_ctrm_fcws.distri_98,base.py,py_ctrm_fcws.state_py_8
cit_1939,1939,SAN JUSTO,py_ctrm_fcws.distri_98,base.py,py_ctrm_fcws.state_py_8
cit_1940,1940,SAN LUIS,py_ctrm_fcws.distri_98,base.py,py_ctrm_fcws.state_py_8
cit_1941,1941,SANTA TERESA,py_ctrm_fcws.distri_98,base.py,py_ctrm_fcws.state_py_8
cit_1942,1942,OBLIGADO,py_ctrm_fcws.distri_99,base.py,py_ctrm_fcws.state_py_8
cit_1943,1943,ARROYO GUAZU,py_ctrm_fcws.distri_99,base.py,py_ctrm_fcws.state_py_8
cit_1944,1944,COL.OBLIGADO KM. 10,py_ctrm_fcws.distri_99,base.py,py_ctrm_fcws.state_py_8
cit_1945,1945,KILOMETRO 10,py_ctrm_fcws.distri_99,base.py,py_ctrm_fcws.state_py_8
cit_1946,1946,KILOMETRO 25,py_ctrm_fcws.distri_99,base.py,py_ctrm_fcws.state_py_8
cit_1947,1947,KILOMETRO 26,py_ctrm_fcws.distri_99,base.py,py_ctrm_fcws.state_py_8
cit_1948,1948,OBLIGADO (MUNICIPIO),py_ctrm_fcws.distri_99,base.py,py_ctrm_fcws.state_py_8
cit_1949,1949,OBLIGADO 3RO.,py_ctrm_fcws.distri_99,base.py,py_ctrm_fcws.state_py_8
cit_1950,1950,PASTOREO,py_ctrm_fcws.distri_99,base.py,py_ctrm_fcws.state_py_8
cit_1951,1951,PUERTO OBLIGADO,py_ctrm_fcws.distri_99,base.py,py_ctrm_fcws.state_py_8
cit_1952,1952,VILLA ALEGRE,py_ctrm_fcws.distri_99,base.py,py_ctrm_fcws.state_py_8
cit_6287,6287,CAMPO ANGEL,py_ctrm_fcws.distri_99,base.py,py_ctrm_fcws.state_py_8
cit_6288,6288,LAPACHAL,py_ctrm_fcws.distri_99,base.py,py_ctrm_fcws.state_py_8
cit_6289,6289,VACAY,py_ctrm_fcws.distri_99,base.py,py_ctrm_fcws.state_py_8
cit_1953,1953,SAN COSME,py_ctrm_fcws.distri_100,base.py,py_ctrm_fcws.state_py_8
cit_1954,1954,ARROCERA BOLF,py_ctrm_fcws.distri_100,base.py,py_ctrm_fcws.state_py_8
cit_1955,1955,CHACO-I,py_ctrm_fcws.distri_100,base.py,py_ctrm_fcws.state_py_8
cit_1956,1956,COL.TIBURCIO BOGADO..........,py_ctrm_fcws.distri_100,base.py,py_ctrm_fcws.state_py_8
cit_1957,1957,COL.YBYCUI (CERRO),py_ctrm_fcws.distri_100,base.py,py_ctrm_fcws.state_py_8
cit_1958,1958,CURUPAY CARE,py_ctrm_fcws.distri_100,base.py,py_ctrm_fcws.state_py_8
cit_1959,1959,ESTANCIA BAEZ,py_ctrm_fcws.distri_100,base.py,py_ctrm_fcws.state_py_8
cit_1960,1960,ESTANCIA JORGE BOLF,py_ctrm_fcws.distri_100,base.py,py_ctrm_fcws.state_py_8
cit_1961,1961,ESTANCIA MALAY,py_ctrm_fcws.distri_100,base.py,py_ctrm_fcws.state_py_8
cit_1962,1962,ESTANCIA MORA,py_ctrm_fcws.distri_100,base.py,py_ctrm_fcws.state_py_8
cit_1963,1963,GUACURU CUA,py_ctrm_fcws.distri_100,base.py,py_ctrm_fcws.state_py_8
cit_1964,1964,ISLA BUENA VISTA,py_ctrm_fcws.distri_100,base.py,py_ctrm_fcws.state_py_8
cit_1965,1965,ISLA FLORES,py_ctrm_fcws.distri_100,base.py,py_ctrm_fcws.state_py_8
cit_1966,1966,ISLA JUPITER,py_ctrm_fcws.distri_100,base.py,py_ctrm_fcws.state_py_8
cit_1967,1967,ISLA MBOREVI II,py_ctrm_fcws.distri_100,base.py,py_ctrm_fcws.state_py_8
cit_1968,1968,ISLA MYTU-I,py_ctrm_fcws.distri_100,base.py,py_ctrm_fcws.state_py_8
cit_1969,1969,ISLA PUCU,py_ctrm_fcws.distri_100,base.py,py_ctrm_fcws.state_py_8
cit_1970,1970,ISLA SAUCE,py_ctrm_fcws.distri_100,base.py,py_ctrm_fcws.state_py_8
cit_1971,1971,ISLA TALAVERA,py_ctrm_fcws.distri_100,base.py,py_ctrm_fcws.state_py_8
cit_1972,1972,ISLA YACY RETA,py_ctrm_fcws.distri_100,base.py,py_ctrm_fcws.state_py_8
cit_1973,1973,ISLA YPYTA,py_ctrm_fcws.distri_100,base.py,py_ctrm_fcws.state_py_8
cit_1974,1974,LOMA SAN ANTONIO,py_ctrm_fcws.distri_100,base.py,py_ctrm_fcws.state_py_8
cit_1975,1975,MISERICORDIA,py_ctrm_fcws.distri_100,base.py,py_ctrm_fcws.state_py_8
cit_1976,1976,PIRITY,py_ctrm_fcws.distri_100,base.py,py_ctrm_fcws.state_py_8
cit_1977,1977,POTRERO YBATE,py_ctrm_fcws.distri_100,base.py,py_ctrm_fcws.state_py_8
cit_1978,1978,POTRERO ÑA'U,py_ctrm_fcws.distri_100,base.py,py_ctrm_fcws.state_py_8
cit_1979,1979,PUERTO BARRANQUERITA,py_ctrm_fcws.distri_100,base.py,py_ctrm_fcws.state_py_8
cit_1980,1980,PUERTO PICARDIA,py_ctrm_fcws.distri_100,base.py,py_ctrm_fcws.state_py_8
cit_1981,1981,PUESTO,py_ctrm_fcws.distri_100,base.py,py_ctrm_fcws.state_py_8
cit_1982,1982,SAN COSME Y DAMIAN (MUNICIPIO),py_ctrm_fcws.distri_100,base.py,py_ctrm_fcws.state_py_8
cit_1982,1982,SAN COSME Y DAMIAN (MUNICIPIO),py_ctrm_fcws.distri_100,base.py,py_ctrm_fcws.state_py_8
cit_1982,1982,SAN COSME Y DAMIAN (MUNICIPIO),py_ctrm_fcws.distri_100,base.py,py_ctrm_fcws.state_py_8
cit_1982,1982,SAN COSME Y DAMIAN (MUNICIPIO),py_ctrm_fcws.distri_100,base.py,py_ctrm_fcws.state_py_8
cit_1982,1982,SAN COSME Y DAMIAN (MUNICIPIO),py_ctrm_fcws.distri_100,base.py,py_ctrm_fcws.state_py_8
cit_1982,1982,SAN COSME Y DAMIAN (MUNICIPIO),py_ctrm_fcws.distri_100,base.py,py_ctrm_fcws.state_py_8
cit_1982,1982,SAN COSME Y DAMIAN (MUNICIPIO),py_ctrm_fcws.distri_100,base.py,py_ctrm_fcws.state_py_8
cit_1983,1983,SAN LORENZO,py_ctrm_fcws.distri_100,base.py,py_ctrm_fcws.state_py_8
cit_1984,1984,SAN MAURICIO,py_ctrm_fcws.distri_100,base.py,py_ctrm_fcws.state_py_8
cit_1985,1985,SANTA LUCIA,py_ctrm_fcws.distri_100,base.py,py_ctrm_fcws.state_py_8
cit_1986,1986,SANTO TOMAS,py_ctrm_fcws.distri_100,base.py,py_ctrm_fcws.state_py_8
cit_1987,1987,TAMBURA,py_ctrm_fcws.distri_100,base.py,py_ctrm_fcws.state_py_8
cit_6290,6290,CAMBYRETA,py_ctrm_fcws.distri_100,base.py,py_ctrm_fcws.state_py_8
cit_6291,6291,ESTANCIA ABELARDA (ABELANDRA),py_ctrm_fcws.distri_100,base.py,py_ctrm_fcws.state_py_8
cit_6292,6292,ISLA GARZALITO,py_ctrm_fcws.distri_100,base.py,py_ctrm_fcws.state_py_8
cit_6293,6293,ISLA RICA,py_ctrm_fcws.distri_100,base.py,py_ctrm_fcws.state_py_8
cit_6294,6294,LOMA,py_ctrm_fcws.distri_100,base.py,py_ctrm_fcws.state_py_8
cit_6295,6295,POTRERO CARDOZO,py_ctrm_fcws.distri_100,base.py,py_ctrm_fcws.state_py_8
cit_6296,6296,PUESTO MBERU (TOMBERU),py_ctrm_fcws.distri_100,base.py,py_ctrm_fcws.state_py_8
cit_1369,1369,SAN JUAN POI,py_ctrm_fcws.distri_101,base.py,py_ctrm_fcws.state_py_8
cit_1370,1370,SAN LORENZO,py_ctrm_fcws.distri_101,base.py,py_ctrm_fcws.state_py_8
cit_1371,1371,SAN LUIS,py_ctrm_fcws.distri_101,base.py,py_ctrm_fcws.state_py_8
cit_1372,1372,SAN NICOLAS,py_ctrm_fcws.distri_101,base.py,py_ctrm_fcws.state_py_8
cit_1373,1373,SAN PABLO (ESTANCIA),py_ctrm_fcws.distri_101,base.py,py_ctrm_fcws.state_py_8
cit_1374,1374,SAN PEDRO DEL PARANA (MUNICIP),py_ctrm_fcws.distri_101,base.py,py_ctrm_fcws.state_py_8
cit_1374,1374,SAN PEDRO DEL PARANA (MUNICIP),py_ctrm_fcws.distri_101,base.py,py_ctrm_fcws.state_py_8
cit_1374,1374,SAN PEDRO DEL PARANA (MUNICIP),py_ctrm_fcws.distri_101,base.py,py_ctrm_fcws.state_py_8
cit_1374,1374,SAN PEDRO DEL PARANA (MUNICIP),py_ctrm_fcws.distri_101,base.py,py_ctrm_fcws.state_py_8
cit_1374,1374,SAN PEDRO DEL PARANA (MUNICIP),py_ctrm_fcws.distri_101,base.py,py_ctrm_fcws.state_py_8
cit_1374,1374,SAN PEDRO DEL PARANA (MUNICIP),py_ctrm_fcws.distri_101,base.py,py_ctrm_fcws.state_py_8
cit_1374,1374,SAN PEDRO DEL PARANA (MUNICIP),py_ctrm_fcws.distri_101,base.py,py_ctrm_fcws.state_py_8
cit_1374,1374,SAN PEDRO DEL PARANA (MUNICIP),py_ctrm_fcws.distri_101,base.py,py_ctrm_fcws.state_py_8
cit_1375,1375,SAN PEDRO MI (SAN PEDRO),py_ctrm_fcws.distri_101,base.py,py_ctrm_fcws.state_py_8
cit_1376,1376,SAN PEDRO ÑU,py_ctrm_fcws.distri_101,base.py,py_ctrm_fcws.state_py_8
cit_1377,1377,SAN RAFAEL,py_ctrm_fcws.distri_101,base.py,py_ctrm_fcws.state_py_8
cit_1378,1378,SAN SOLANO,py_ctrm_fcws.distri_101,base.py,py_ctrm_fcws.state_py_8
cit_1379,1379,SAN SOLANO MI,py_ctrm_fcws.distri_101,base.py,py_ctrm_fcws.state_py_8
cit_1380,1380,SAN VICENTE,py_ctrm_fcws.distri_101,base.py,py_ctrm_fcws.state_py_8
cit_1381,1381,SANTA BRIGIDA,py_ctrm_fcws.distri_101,base.py,py_ctrm_fcws.state_py_8
cit_1382,1382,SANTA TERESA (ESTANCIA),py_ctrm_fcws.distri_101,base.py,py_ctrm_fcws.state_py_8
cit_1383,1383,SANTA TERESA FLORIDO,py_ctrm_fcws.distri_101,base.py,py_ctrm_fcws.state_py_8
cit_1384,1384,SANTIAGO CUE,py_ctrm_fcws.distri_101,base.py,py_ctrm_fcws.state_py_8
cit_1385,1385,TACHARUZU,py_ctrm_fcws.distri_101,base.py,py_ctrm_fcws.state_py_8
cit_1386,1386,TACUARA,py_ctrm_fcws.distri_101,base.py,py_ctrm_fcws.state_py_8
cit_1387,1387,TARUMA,py_ctrm_fcws.distri_101,base.py,py_ctrm_fcws.state_py_8
cit_1388,1388,TAVY,py_ctrm_fcws.distri_101,base.py,py_ctrm_fcws.state_py_8
cit_1389,1389,TIMBO-I,py_ctrm_fcws.distri_101,base.py,py_ctrm_fcws.state_py_8
cit_1390,1390,VALLE TEBICUARY,py_ctrm_fcws.distri_101,base.py,py_ctrm_fcws.state_py_8
cit_1391,1391,YABEBYRY,py_ctrm_fcws.distri_101,base.py,py_ctrm_fcws.state_py_8
cit_1392,1392,YACARE-CUA,py_ctrm_fcws.distri_101,base.py,py_ctrm_fcws.state_py_8
cit_1393,1393,YACUA RUZU,py_ctrm_fcws.distri_101,base.py,py_ctrm_fcws.state_py_8
cit_1394,1394,YAGUA CUA,py_ctrm_fcws.distri_101,base.py,py_ctrm_fcws.state_py_8
cit_1395,1395,YAGUA CUA GUAZU,py_ctrm_fcws.distri_101,base.py,py_ctrm_fcws.state_py_8
cit_1396,1396,INAMBU (YNAMBU-I),py_ctrm_fcws.distri_101,base.py,py_ctrm_fcws.state_py_8
cit_1397,1397,YSYPO YU,py_ctrm_fcws.distri_101,base.py,py_ctrm_fcws.state_py_8
cit_1398,1398,ZANZA CORA3,py_ctrm_fcws.distri_101,base.py,py_ctrm_fcws.state_py_8
cit_1988,1988,CAMPAMENTO CUE (ESTANCIA),py_ctrm_fcws.distri_101,base.py,py_ctrm_fcws.state_py_8
cit_1989,1989,ALTO VERA,py_ctrm_fcws.distri_101,base.py,py_ctrm_fcws.state_py_8
cit_1990,1990,APEPU TY,py_ctrm_fcws.distri_101,base.py,py_ctrm_fcws.state_py_8
cit_1991,1991,ARROYO FRAZADA,py_ctrm_fcws.distri_101,base.py,py_ctrm_fcws.state_py_8
cit_1992,1992,BARRIO SAN FRANCISCO,py_ctrm_fcws.distri_101,base.py,py_ctrm_fcws.state_py_8
cit_1993,1993,BARRIO SAN MIGUEL,py_ctrm_fcws.distri_101,base.py,py_ctrm_fcws.state_py_8
cit_1994,1994,BARRIO SANTA CATALINA,py_ctrm_fcws.distri_101,base.py,py_ctrm_fcws.state_py_8
cit_1995,1995,BOGADO CUE,py_ctrm_fcws.distri_101,base.py,py_ctrm_fcws.state_py_8
cit_1996,1996,CAAZAPA - MI,py_ctrm_fcws.distri_101,base.py,py_ctrm_fcws.state_py_8
cit_1997,1997,CAMPO FLORIDO,py_ctrm_fcws.distri_101,base.py,py_ctrm_fcws.state_py_8
cit_1998,1998,CANGUE CUA,py_ctrm_fcws.distri_101,base.py,py_ctrm_fcws.state_py_8
cit_1999,1999,CARACHA,py_ctrm_fcws.distri_101,base.py,py_ctrm_fcws.state_py_8
cit_2000,2000,CARAGUATAY,py_ctrm_fcws.distri_101,base.py,py_ctrm_fcws.state_py_8
cit_2001,2001,CARAGUATA I,py_ctrm_fcws.distri_101,base.py,py_ctrm_fcws.state_py_8
cit_2002,2002,CATAGUATA II,py_ctrm_fcws.distri_101,base.py,py_ctrm_fcws.state_py_8
cit_2003,2003,CARIÑO,py_ctrm_fcws.distri_101,base.py,py_ctrm_fcws.state_py_8
cit_2004,2004,CAÑADA LOMA JHOVY,py_ctrm_fcws.distri_101,base.py,py_ctrm_fcws.state_py_8
cit_2005,2005,CAÑADA OCULTO,py_ctrm_fcws.distri_101,base.py,py_ctrm_fcws.state_py_8
cit_2006,2006,CAÑADA TEBICUARY (COSTA),py_ctrm_fcws.distri_101,base.py,py_ctrm_fcws.state_py_8
cit_2007,2007,CAÑADITA,py_ctrm_fcws.distri_101,base.py,py_ctrm_fcws.state_py_8
cit_2008,2008,COL.CAPITAN LEGUIZAMON,py_ctrm_fcws.distri_101,base.py,py_ctrm_fcws.state_py_8
cit_2009,2009,CRONA Y,py_ctrm_fcws.distri_101,base.py,py_ctrm_fcws.state_py_8
cit_2010,2010,CHUCHI'I,py_ctrm_fcws.distri_101,base.py,py_ctrm_fcws.state_py_8
cit_2011,2011,CURUPICA'Y,py_ctrm_fcws.distri_101,base.py,py_ctrm_fcws.state_py_8
cit_2012,2012,CURUZU ESTEBAN,py_ctrm_fcws.distri_101,base.py,py_ctrm_fcws.state_py_8
cit_2013,2013,CURE BARRERO,py_ctrm_fcws.distri_101,base.py,py_ctrm_fcws.state_py_8
cit_2014,2014,DESGRACIA CUE,py_ctrm_fcws.distri_101,base.py,py_ctrm_fcws.state_py_8
cit_2015,2015,ESTANCIA CARISSIMO,py_ctrm_fcws.distri_101,base.py,py_ctrm_fcws.state_py_8
cit_2016,2016,ESTANCIA GUBETICH,py_ctrm_fcws.distri_101,base.py,py_ctrm_fcws.state_py_8
cit_2017,2017,ESTANCIA MENDEZ,py_ctrm_fcws.distri_101,base.py,py_ctrm_fcws.state_py_8
cit_2018,2018,ESTANCIA NISQUE,py_ctrm_fcws.distri_101,base.py,py_ctrm_fcws.state_py_8
cit_2019,2019,ESTANCIA SANTA ROSA,py_ctrm_fcws.distri_101,base.py,py_ctrm_fcws.state_py_8
cit_2020,2020,ESTANCIA TACUAPI,py_ctrm_fcws.distri_101,base.py,py_ctrm_fcws.state_py_8
cit_2021,2021,ESTANCIA YSYPOYU (YSYPOJHU),py_ctrm_fcws.distri_101,base.py,py_ctrm_fcws.state_py_8
cit_2022,2022,FLEITAS CUE,py_ctrm_fcws.distri_101,base.py,py_ctrm_fcws.state_py_8
cit_2023,2023,GAONA CUE,py_ctrm_fcws.distri_101,base.py,py_ctrm_fcws.state_py_8
cit_2024,2024,GUAZU CORA,py_ctrm_fcws.distri_101,base.py,py_ctrm_fcws.state_py_8
cit_2025,2025,GUAZU YGUA,py_ctrm_fcws.distri_101,base.py,py_ctrm_fcws.state_py_8
cit_2026,2026,IBARRA CUE,py_ctrm_fcws.distri_101,base.py,py_ctrm_fcws.state_py_8
cit_2027,2027,ITA ANGU'A,py_ctrm_fcws.distri_101,base.py,py_ctrm_fcws.state_py_8
cit_2028,2028,KY'YI,py_ctrm_fcws.distri_101,base.py,py_ctrm_fcws.state_py_8
cit_2029,2029,LOM JHOVY,py_ctrm_fcws.distri_101,base.py,py_ctrm_fcws.state_py_8
cit_2030,2030,MANDYYU TYNGUE,py_ctrm_fcws.distri_101,base.py,py_ctrm_fcws.state_py_8
cit_2031,2031,MBOCA PIRAY (ESTANCIA),py_ctrm_fcws.distri_101,base.py,py_ctrm_fcws.state_py_8
cit_2032,2032,MBOCAYA,py_ctrm_fcws.distri_101,base.py,py_ctrm_fcws.state_py_8
cit_2033,2033,MBURUCUYA,py_ctrm_fcws.distri_101,base.py,py_ctrm_fcws.state_py_8
cit_2034,2034,MOROTINGUE,py_ctrm_fcws.distri_101,base.py,py_ctrm_fcws.state_py_8
cit_2035,2035,NOVIRETA,py_ctrm_fcws.distri_101,base.py,py_ctrm_fcws.state_py_8
cit_2036,2036,PASTOREO,py_ctrm_fcws.distri_101,base.py,py_ctrm_fcws.state_py_8
cit_2037,2037,PIKY,py_ctrm_fcws.distri_101,base.py,py_ctrm_fcws.state_py_8
cit_2038,2038,PINDOYU,py_ctrm_fcws.distri_101,base.py,py_ctrm_fcws.state_py_8
cit_2039,2039,PIRITY,py_ctrm_fcws.distri_101,base.py,py_ctrm_fcws.state_py_8
cit_2040,2040,POTRERITO,py_ctrm_fcws.distri_101,base.py,py_ctrm_fcws.state_py_8
cit_2041,2041,POTRERO BENITEZ,py_ctrm_fcws.distri_101,base.py,py_ctrm_fcws.state_py_8
cit_2042,2042,POTRERO GOMEZ,py_ctrm_fcws.distri_101,base.py,py_ctrm_fcws.state_py_8
cit_2043,2043,POTRERO SAN JOSE,py_ctrm_fcws.distri_101,base.py,py_ctrm_fcws.state_py_8
cit_2044,2044,POTRERO YAPEPO,py_ctrm_fcws.distri_101,base.py,py_ctrm_fcws.state_py_8
cit_2045,2045,POTRERO YBATE,py_ctrm_fcws.distri_101,base.py,py_ctrm_fcws.state_py_8
cit_2046,2046,POTRERO ÑEMBOTY,py_ctrm_fcws.distri_101,base.py,py_ctrm_fcws.state_py_8
cit_2047,2047,PUNTA PORA,py_ctrm_fcws.distri_101,base.py,py_ctrm_fcws.state_py_8
cit_2048,2048,PUNTA RATI,py_ctrm_fcws.distri_101,base.py,py_ctrm_fcws.state_py_8
cit_2049,2049,RINCON DE LUNA,py_ctrm_fcws.distri_101,base.py,py_ctrm_fcws.state_py_8
cit_2050,2050,SALITRE CUE,py_ctrm_fcws.distri_101,base.py,py_ctrm_fcws.state_py_8
cit_2051,2051,SAN AGUSTIN,py_ctrm_fcws.distri_101,base.py,py_ctrm_fcws.state_py_8
cit_2052,2052,SAN ANTONIO (ESTANCIA),py_ctrm_fcws.distri_101,base.py,py_ctrm_fcws.state_py_8
cit_2053,2053,SAN ANTONIO GUAZU,py_ctrm_fcws.distri_101,base.py,py_ctrm_fcws.state_py_8
cit_2054,2054,SAN ANTONIO MI,py_ctrm_fcws.distri_101,base.py,py_ctrm_fcws.state_py_8
cit_2055,2055,SAN CLEMENTE,py_ctrm_fcws.distri_101,base.py,py_ctrm_fcws.state_py_8
cit_2056,2056,SAN ISIDRO (YHU ESTANCIA),py_ctrm_fcws.distri_101,base.py,py_ctrm_fcws.state_py_8
cit_2057,2057,SAN JUAN GUAZU,py_ctrm_fcws.distri_101,base.py,py_ctrm_fcws.state_py_8
cit_2058,2058,SAN JUAN GUAZU,py_ctrm_fcws.distri_101,base.py,py_ctrm_fcws.state_py_8
cit_6297,6297,SAN PEDRO DEL PARANA,py_ctrm_fcws.distri_101,base.py,py_ctrm_fcws.state_py_8
cit_1399,1399,CAP. VICENTE MATIAUDA,py_ctrm_fcws.distri_102,base.py,py_ctrm_fcws.state_py_8
cit_1400,1400,CALLE D,py_ctrm_fcws.distri_102,base.py,py_ctrm_fcws.state_py_8
cit_1401,1401,CALLE E,py_ctrm_fcws.distri_102,base.py,py_ctrm_fcws.state_py_8
cit_1402,1402,CALLE 14,py_ctrm_fcws.distri_102,base.py,py_ctrm_fcws.state_py_8
cit_1403,1403,CALLE 15,py_ctrm_fcws.distri_102,base.py,py_ctrm_fcws.state_py_8
cit_1404,1404,CALLE 16,py_ctrm_fcws.distri_102,base.py,py_ctrm_fcws.state_py_8
cit_1405,1405,CALLE 17,py_ctrm_fcws.distri_102,base.py,py_ctrm_fcws.state_py_8
cit_1406,1406,CAP.MATIAUDA (MUNICIPIO),py_ctrm_fcws.distri_102,base.py,py_ctrm_fcws.state_py_8
cit_1407,1407,COL.ALBORADA A,py_ctrm_fcws.distri_102,base.py,py_ctrm_fcws.state_py_8
cit_1408,1408,COL.ALBORADA B,py_ctrm_fcws.distri_102,base.py,py_ctrm_fcws.state_py_8
cit_1409,1409,COL. ALBORADA C,py_ctrm_fcws.distri_102,base.py,py_ctrm_fcws.state_py_8
cit_1410,1410,COL. ALBORADA B,py_ctrm_fcws.distri_102,base.py,py_ctrm_fcws.state_py_8
cit_1411,1411,COL. ALBORADA E,py_ctrm_fcws.distri_102,base.py,py_ctrm_fcws.state_py_8
cit_1412,1412,COL. TRINIDAD,py_ctrm_fcws.distri_102,base.py,py_ctrm_fcws.state_py_8
cit_1413,1413,ITA CAJON,py_ctrm_fcws.distri_102,base.py,py_ctrm_fcws.state_py_8
cit_1414,1414,PUERTO CANTERAS,py_ctrm_fcws.distri_102,base.py,py_ctrm_fcws.state_py_8
cit_1415,1415,PUERTO PARAISO,py_ctrm_fcws.distri_102,base.py,py_ctrm_fcws.state_py_8
cit_1416,1416,PUERTO SAMU-U,py_ctrm_fcws.distri_102,base.py,py_ctrm_fcws.state_py_8
cit_1417,1417,PUERTO TEYU CUARE,py_ctrm_fcws.distri_102,base.py,py_ctrm_fcws.state_py_8
cit_1418,1418,PUERTO 3 PALMITOS,py_ctrm_fcws.distri_102,base.py,py_ctrm_fcws.state_py_8
cit_1419,1419,VILLA ALBORADA,py_ctrm_fcws.distri_102,base.py,py_ctrm_fcws.state_py_8
cit_1420,1420,TRINIDAD,py_ctrm_fcws.distri_103,base.py,py_ctrm_fcws.state_py_8
cit_1421,1421,CERRO ITA MBARACA,py_ctrm_fcws.distri_103,base.py,py_ctrm_fcws.state_py_8
cit_1422,1422,COL.FEDERICO CHAVEZ,py_ctrm_fcws.distri_103,base.py,py_ctrm_fcws.state_py_8
cit_1423,1423,COL.PTO.TRINIDAD,py_ctrm_fcws.distri_103,base.py,py_ctrm_fcws.state_py_8
cit_1424,1424,COL.SAN ANTONIO,py_ctrm_fcws.distri_103,base.py,py_ctrm_fcws.state_py_8
cit_1425,1425,CORRAL,py_ctrm_fcws.distri_103,base.py,py_ctrm_fcws.state_py_8
cit_1426,1426,ITA MBARACA,py_ctrm_fcws.distri_103,base.py,py_ctrm_fcws.state_py_8
cit_1427,1427,NATALIO,py_ctrm_fcws.distri_104,base.py,py_ctrm_fcws.state_py_8
cit_1428,1428,ADMINISTRACION,py_ctrm_fcws.distri_104,base.py,py_ctrm_fcws.state_py_8
cit_1429,1429,BARRIO NUEVO HORIZONTE,py_ctrm_fcws.distri_104,base.py,py_ctrm_fcws.state_py_8
cit_1430,1430,BARRIO STO.DOMINGO,py_ctrm_fcws.distri_104,base.py,py_ctrm_fcws.state_py_8
cit_1431,1431,COL.REPATRIACION SUR,py_ctrm_fcws.distri_104,base.py,py_ctrm_fcws.state_py_8
cit_1432,1432,NATALICIO,py_ctrm_fcws.distri_104,base.py,py_ctrm_fcws.state_py_8
cit_1433,1433,PALOMA,py_ctrm_fcws.distri_104,base.py,py_ctrm_fcws.state_py_8
cit_1434,1434,PUERTO MAINUMBY,py_ctrm_fcws.distri_104,base.py,py_ctrm_fcws.state_py_8
cit_1435,1435,PUERTO PALOMA,py_ctrm_fcws.distri_104,base.py,py_ctrm_fcws.state_py_8
cit_1436,1436,PUERTO TRIUNFO,py_ctrm_fcws.distri_104,base.py,py_ctrm_fcws.state_py_8
cit_1437,1437,PUERTO YATAITY,py_ctrm_fcws.distri_104,base.py,py_ctrm_fcws.state_py_8
cit_1438,1438,RAFAEL MONZON,py_ctrm_fcws.distri_104,base.py,py_ctrm_fcws.state_py_8
cit_1439,1439,YACARE CUE,py_ctrm_fcws.distri_104,base.py,py_ctrm_fcws.state_py_8
cit_1440,1440,JOSE LEANDRO OVIEDO,py_ctrm_fcws.distri_105,base.py,py_ctrm_fcws.state_py_8
cit_1441,1441,ESTANCIA BARBOZA,py_ctrm_fcws.distri_105,base.py,py_ctrm_fcws.state_py_8
cit_1442,1442,GANADERIA SALITRE CUE,py_ctrm_fcws.distri_105,base.py,py_ctrm_fcws.state_py_8
cit_1443,1443,MUNICIPIO,py_ctrm_fcws.distri_105,base.py,py_ctrm_fcws.state_py_8
cit_1444,1444,PUESTO AGUADA,py_ctrm_fcws.distri_105,base.py,py_ctrm_fcws.state_py_8
cit_1445,1445,PUESTO YATAI,py_ctrm_fcws.distri_105,base.py,py_ctrm_fcws.state_py_8
cit_1446,1446,VICENTE MATIAUDA,py_ctrm_fcws.distri_106,base.py,py_ctrm_fcws.state_py_8
cit_1447,1447,ALBORADA 1,py_ctrm_fcws.distri_106,base.py,py_ctrm_fcws.state_py_8
cit_1448,1448,CERRO PORTEÑO,py_ctrm_fcws.distri_106,base.py,py_ctrm_fcws.state_py_8
cit_1449,1449,CIA.SAMUHU,py_ctrm_fcws.distri_106,base.py,py_ctrm_fcws.state_py_8
cit_1450,1450,COL.VICENTE MATIAUDA,py_ctrm_fcws.distri_106,base.py,py_ctrm_fcws.state_py_8
cit_1451,1451,PTO.CANTERA,py_ctrm_fcws.distri_106,base.py,py_ctrm_fcws.state_py_8
cit_1452,1452,PTO.PARAISO,py_ctrm_fcws.distri_106,base.py,py_ctrm_fcws.state_py_8
cit_1453,1453,PTO.SAMUHU,py_ctrm_fcws.distri_106,base.py,py_ctrm_fcws.state_py_8
cit_1454,1454,PTO.TRES PALMITOS,py_ctrm_fcws.distri_106,base.py,py_ctrm_fcws.state_py_8
cit_1455,1455,VILLA ALBORADA,py_ctrm_fcws.distri_106,base.py,py_ctrm_fcws.state_py_8
cit_6253,6253,PTO.YBYCUI ÑARO,py_ctrm_fcws.distri_106,base.py,py_ctrm_fcws.state_py_8
cit_1456,1456,CARLOS A. LOPEZ,py_ctrm_fcws.distri_107,base.py,py_ctrm_fcws.state_py_8
cit_1457,1457,22 DE mayo,py_ctrm_fcws.distri_107,base.py,py_ctrm_fcws.state_py_8
cit_1458,1458,CALLE 7 DE AGOSTO,py_ctrm_fcws.distri_107,base.py,py_ctrm_fcws.state_py_8
cit_1459,1459,COL.ALBORADA,py_ctrm_fcws.distri_107,base.py,py_ctrm_fcws.state_py_8
cit_1460,1460,COL.PORVENIR,py_ctrm_fcws.distri_107,base.py,py_ctrm_fcws.state_py_8
cit_1461,1461,COL.SAN LORENZO,py_ctrm_fcws.distri_107,base.py,py_ctrm_fcws.state_py_8
cit_1462,1462,COL.TEMBEY,py_ctrm_fcws.distri_107,base.py,py_ctrm_fcws.state_py_8
cit_1463,1463,KILOMETRO 4 8 17 14 Y 21,py_ctrm_fcws.distri_107,base.py,py_ctrm_fcws.state_py_8
cit_1464,1464,NARANJITO,py_ctrm_fcws.distri_107,base.py,py_ctrm_fcws.state_py_8
cit_1465,1465,PLANCHADA MARGARITA,py_ctrm_fcws.distri_107,base.py,py_ctrm_fcws.state_py_8
cit_1466,1466,PLANCHADA SAN JOSE,py_ctrm_fcws.distri_107,base.py,py_ctrm_fcws.state_py_8
cit_1467,1467,PUERTO  DE AGOSTO,py_ctrm_fcws.distri_107,base.py,py_ctrm_fcws.state_py_8
cit_1468,1468,PUERTO CARLOS A.LOPEZ,py_ctrm_fcws.distri_107,base.py,py_ctrm_fcws.state_py_8
cit_1469,1469,PUERTO PORVENIR,py_ctrm_fcws.distri_107,base.py,py_ctrm_fcws.state_py_8
cit_1470,1470,PUERTO SAN RAFAEL,py_ctrm_fcws.distri_107,base.py,py_ctrm_fcws.state_py_8
cit_6254,6254,COL. APE AIME,py_ctrm_fcws.distri_107,base.py,py_ctrm_fcws.state_py_8
cit_6255,6255,NACIENTE DEL TEMBEY,py_ctrm_fcws.distri_107,base.py,py_ctrm_fcws.state_py_8
cit_6256,6256,PUERTO SAN LORENZO,py_ctrm_fcws.distri_107,base.py,py_ctrm_fcws.state_py_8
cit_1471,1471,JULIO D. OTAÑO,py_ctrm_fcws.distri_108,base.py,py_ctrm_fcws.state_py_8
cit_1471,1471,JULIO D. OTAÑO,py_ctrm_fcws.distri_108,base.py,py_ctrm_fcws.state_py_8
cit_1471,1471,JULIO D. OTAÑO,py_ctrm_fcws.distri_108,base.py,py_ctrm_fcws.state_py_8
cit_1471,1471,JULIO D. OTAÑO,py_ctrm_fcws.distri_108,base.py,py_ctrm_fcws.state_py_8
cit_1472,1472,1A.LINEA,py_ctrm_fcws.distri_108,base.py,py_ctrm_fcws.state_py_8
cit_1473,1473,2ALINEA,py_ctrm_fcws.distri_108,base.py,py_ctrm_fcws.state_py_8
cit_1474,1474,3ALINEA,py_ctrm_fcws.distri_108,base.py,py_ctrm_fcws.state_py_8
cit_1475,1475,5ALINEA,py_ctrm_fcws.distri_108,base.py,py_ctrm_fcws.state_py_8
cit_1476,1476,COL.REPATRIACION,py_ctrm_fcws.distri_108,base.py,py_ctrm_fcws.state_py_8
cit_1477,1477,RANCHO CABRERA,py_ctrm_fcws.distri_108,base.py,py_ctrm_fcws.state_py_8
cit_6257,6257,4ALINEA,py_ctrm_fcws.distri_108,base.py,py_ctrm_fcws.state_py_8
cit_1478,1478,COL.REPATRIACION DEL SUR,py_ctrm_fcws.distri_109,base.py,py_ctrm_fcws.state_py_8
cit_1479,1479,CRUCE GUAVIRA,py_ctrm_fcws.distri_109,base.py,py_ctrm_fcws.state_py_8
cit_1480,1480,KILOMETRO 32 EDELIRA,py_ctrm_fcws.distri_109,base.py,py_ctrm_fcws.state_py_8
cit_1481,1481,KILOMETRO 32 YAGUARAZAPA,py_ctrm_fcws.distri_109,base.py,py_ctrm_fcws.state_py_8
cit_1482,1482,MONZON,py_ctrm_fcws.distri_109,base.py,py_ctrm_fcws.state_py_8
cit_6258,6258,ANTIDIA MATIAUDA,py_ctrm_fcws.distri_109,base.py,py_ctrm_fcws.state_py_8
cit_6259,6259,POTRERO PIRAPO,py_ctrm_fcws.distri_109,base.py,py_ctrm_fcws.state_py_8
cit_6400,6400,EDELIRA 60,py_ctrm_fcws.distri_109,base.py,py_ctrm_fcws.state_py_8
cit_1483,1483,SAN JUAN DEL PARANA,py_ctrm_fcws.distri_110,base.py,py_ctrm_fcws.state_py_8
cit_1484,1484,LA PAZ,py_ctrm_fcws.distri_111,base.py,py_ctrm_fcws.state_py_8
cit_1485,1485,CALLE 3,py_ctrm_fcws.distri_111,base.py,py_ctrm_fcws.state_py_8
cit_1486,1486,CALLE 4,py_ctrm_fcws.distri_111,base.py,py_ctrm_fcws.state_py_8
cit_1487,1487,CALLE 5,py_ctrm_fcws.distri_111,base.py,py_ctrm_fcws.state_py_8
cit_1488,1488,CALLE 7,py_ctrm_fcws.distri_111,base.py,py_ctrm_fcws.state_py_8
cit_1489,1489,CALLE A,py_ctrm_fcws.distri_111,base.py,py_ctrm_fcws.state_py_8
cit_1490,1490,CALLE D,py_ctrm_fcws.distri_111,base.py,py_ctrm_fcws.state_py_8
cit_1491,1491,CALLE P,py_ctrm_fcws.distri_111,base.py,py_ctrm_fcws.state_py_8
cit_1492,1492,CALLE Q,py_ctrm_fcws.distri_111,base.py,py_ctrm_fcws.state_py_8
cit_1493,1493,CALLE R,py_ctrm_fcws.distri_111,base.py,py_ctrm_fcws.state_py_8
cit_1494,1494,CALLE T,py_ctrm_fcws.distri_111,base.py,py_ctrm_fcws.state_py_8
cit_1495,1495,CIA.SANTA ROSA,py_ctrm_fcws.distri_111,base.py,py_ctrm_fcws.state_py_8
cit_1496,1496,CIA.AGRIC.LTDA. LA PAZ,py_ctrm_fcws.distri_111,base.py,py_ctrm_fcws.state_py_8
cit_1497,1497,CIA.SAN CARLOS,py_ctrm_fcws.distri_111,base.py,py_ctrm_fcws.state_py_8
cit_1498,1498,CALLE 2,py_ctrm_fcws.distri_111,base.py,py_ctrm_fcws.state_py_8
cit_6260,6260,CALLE 6,py_ctrm_fcws.distri_111,base.py,py_ctrm_fcws.state_py_8
cit_6261,6261,CALLE N,py_ctrm_fcws.distri_111,base.py,py_ctrm_fcws.state_py_8
cit_6262,6262,CIA. CAAGUAZU,py_ctrm_fcws.distri_111,base.py,py_ctrm_fcws.state_py_8
cit_6263,6263,NACIENTE DEL TEMBEY,py_ctrm_fcws.distri_111,base.py,py_ctrm_fcws.state_py_8
cit_1499,1499,MARIA AUXILIADORA,py_ctrm_fcws.distri_112,base.py,py_ctrm_fcws.state_py_8
cit_1500,1500,KILOMETRO 51 TRIUNFO,py_ctrm_fcws.distri_112,base.py,py_ctrm_fcws.state_py_8
cit_1501,1501,PUENTE SAN BRULLO CUE,py_ctrm_fcws.distri_112,base.py,py_ctrm_fcws.state_py_8
cit_1502,1502,YATAITY,py_ctrm_fcws.distri_113,base.py,py_ctrm_fcws.state_py_8
cit_1503,1503,YATYTAY,py_ctrm_fcws.distri_113,base.py,py_ctrm_fcws.state_py_8
cit_1504,1504,HERIBERTA S.DE IGLESIAS,py_ctrm_fcws.distri_114,base.py,py_ctrm_fcws.state_py_8
cit_1505,1505,CERRO BARRERO,py_ctrm_fcws.distri_114,base.py,py_ctrm_fcws.state_py_8
cit_1506,1506,CERRO BERTA,py_ctrm_fcws.distri_114,base.py,py_ctrm_fcws.state_py_8
cit_1507,1507,CERRO MBATOVY,py_ctrm_fcws.distri_114,base.py,py_ctrm_fcws.state_py_8
cit_1508,1508,CERRO PABLA,py_ctrm_fcws.distri_114,base.py,py_ctrm_fcws.state_py_8
cit_1509,1509,CERRO SAN RAFAEL,py_ctrm_fcws.distri_114,base.py,py_ctrm_fcws.state_py_8
cit_1510,1510,CERRO TACUARY,py_ctrm_fcws.distri_114,base.py,py_ctrm_fcws.state_py_8
cit_1511,1511,CERRO VIOLETA,py_ctrm_fcws.distri_114,base.py,py_ctrm_fcws.state_py_8
cit_1512,1512,CERRO YAGUA CUA,py_ctrm_fcws.distri_114,base.py,py_ctrm_fcws.state_py_8
cit_1513,1513,CERRO YAGUA GUAZU,py_ctrm_fcws.distri_114,base.py,py_ctrm_fcws.state_py_8
cit_1514,1514,COCHI,py_ctrm_fcws.distri_114,base.py,py_ctrm_fcws.state_py_8
cit_1515,1515,COL.ALTO VERA,py_ctrm_fcws.distri_114,base.py,py_ctrm_fcws.state_py_8
cit_1516,1516,CRUCE GUAVIRA,py_ctrm_fcws.distri_114,base.py,py_ctrm_fcws.state_py_8
cit_1517,1517,POTRERO PASTOREO,py_ctrm_fcws.distri_114,base.py,py_ctrm_fcws.state_py_8
cit_1518,1518,POTRERO PIRAPO,py_ctrm_fcws.distri_114,base.py,py_ctrm_fcws.state_py_8
cit_1519,1519,POTRERO SAN PABLO,py_ctrm_fcws.distri_114,base.py,py_ctrm_fcws.state_py_8
cit_1520,1520,POTRERO SAN PEDRO MI,py_ctrm_fcws.distri_114,base.py,py_ctrm_fcws.state_py_8
cit_1521,1521,POTRERO TAGUATO,py_ctrm_fcws.distri_114,base.py,py_ctrm_fcws.state_py_8
cit_1522,1522,POTRERO YUQUERI,py_ctrm_fcws.distri_114,base.py,py_ctrm_fcws.state_py_8
cit_1523,1523,TAYI POTRERO,py_ctrm_fcws.distri_114,base.py,py_ctrm_fcws.state_py_8
cit_5698,5698,PIRAPO,py_ctrm_fcws.distri_221,base.py,py_ctrm_fcws.state_py_8
cit_5698,5698,PIRAPO,py_ctrm_fcws.distri_221,base.py,py_ctrm_fcws.state_py_8
cit_5698,5698,PIRAPO,py_ctrm_fcws.distri_221,base.py,py_ctrm_fcws.state_py_8
cit_5698,5698,PIRAPO,py_ctrm_fcws.distri_221,base.py,py_ctrm_fcws.state_py_8
cit_5698,5698,PIRAPO,py_ctrm_fcws.distri_221,base.py,py_ctrm_fcws.state_py_8
cit_5711,5711,COL. CARANDAY,py_ctrm_fcws.distri_221,base.py,py_ctrm_fcws.state_py_8
cit_5895,5895,CIA. VACA I,py_ctrm_fcws.distri_221,base.py,py_ctrm_fcws.state_py_8
cit_4606,4606,ITAPUA POTY,py_ctrm_fcws.distri_232,base.py,py_ctrm_fcws.state_py_8
cit_4609,4609,FEDERICO CHAVEZ,py_ctrm_fcws.distri_243,base.py,py_ctrm_fcws.state_py_8
cit_1524,1524,SAN JUAN BAUTISTA,py_ctrm_fcws.distri_115,base.py,py_ctrm_fcws.state_py_9
cit_1525,1525,CERRO PERO,py_ctrm_fcws.distri_115,base.py,py_ctrm_fcws.state_py_9
cit_1526,1526,COCHI-Y,py_ctrm_fcws.distri_115,base.py,py_ctrm_fcws.state_py_9
cit_1527,1527,COL.SAN JUAN,py_ctrm_fcws.distri_115,base.py,py_ctrm_fcws.state_py_9
cit_1528,1528,GARAY,py_ctrm_fcws.distri_115,base.py,py_ctrm_fcws.state_py_9
cit_1529,1529,ISLA TOBATI,py_ctrm_fcws.distri_115,base.py,py_ctrm_fcws.state_py_9
cit_1530,1530,SAN CRISTOBAL,py_ctrm_fcws.distri_115,base.py,py_ctrm_fcws.state_py_9
cit_1531,1531,SAN JUAN BAUTISTA (MUNICIPIO),py_ctrm_fcws.distri_115,base.py,py_ctrm_fcws.state_py_9
cit_1531,1531,SAN JUAN BAUTISTA (MUNICIPIO),py_ctrm_fcws.distri_115,base.py,py_ctrm_fcws.state_py_9
cit_1531,1531,SAN JUAN BAUTISTA (MUNICIPIO),py_ctrm_fcws.distri_115,base.py,py_ctrm_fcws.state_py_9
cit_1531,1531,SAN JUAN BAUTISTA (MUNICIPIO),py_ctrm_fcws.distri_115,base.py,py_ctrm_fcws.state_py_9
cit_1531,1531,SAN JUAN BAUTISTA (MUNICIPIO),py_ctrm_fcws.distri_115,base.py,py_ctrm_fcws.state_py_9
cit_1531,1531,SAN JUAN BAUTISTA (MUNICIPIO),py_ctrm_fcws.distri_115,base.py,py_ctrm_fcws.state_py_9
cit_1531,1531,SAN JUAN BAUTISTA (MUNICIPIO),py_ctrm_fcws.distri_115,base.py,py_ctrm_fcws.state_py_9
cit_1531,1531,SAN JUAN BAUTISTA (MUNICIPIO),py_ctrm_fcws.distri_115,base.py,py_ctrm_fcws.state_py_9
cit_1531,1531,SAN JUAN BAUTISTA (MUNICIPIO),py_ctrm_fcws.distri_115,base.py,py_ctrm_fcws.state_py_9
cit_1531,1531,SAN JUAN BAUTISTA (MUNICIPIO),py_ctrm_fcws.distri_115,base.py,py_ctrm_fcws.state_py_9
cit_1531,1531,SAN JUAN BAUTISTA (MUNICIPIO),py_ctrm_fcws.distri_115,base.py,py_ctrm_fcws.state_py_9
cit_1531,1531,SAN JUAN BAUTISTA (MUNICIPIO),py_ctrm_fcws.distri_115,base.py,py_ctrm_fcws.state_py_9
cit_1531,1531,SAN JUAN BAUTISTA (MUNICIPIO),py_ctrm_fcws.distri_115,base.py,py_ctrm_fcws.state_py_9
cit_1532,1532,SAN ROQUE,py_ctrm_fcws.distri_115,base.py,py_ctrm_fcws.state_py_9
cit_1533,1533,TRISTEN SALAZAR,py_ctrm_fcws.distri_115,base.py,py_ctrm_fcws.state_py_9
cit_1534,1534,AYOLAS,py_ctrm_fcws.distri_116,base.py,py_ctrm_fcws.state_py_9
cit_1535,1535,3 COQUEROS,py_ctrm_fcws.distri_116,base.py,py_ctrm_fcws.state_py_9
cit_1536,1536,ATINGUY,py_ctrm_fcws.distri_116,base.py,py_ctrm_fcws.state_py_9
cit_1537,1537,AVILA CUE,py_ctrm_fcws.distri_116,base.py,py_ctrm_fcws.state_py_9
cit_1538,1538,AYOLAS (MUNICIPIO),py_ctrm_fcws.distri_116,base.py,py_ctrm_fcws.state_py_9
cit_1538,1538,AYOLAS (MUNICIPIO),py_ctrm_fcws.distri_116,base.py,py_ctrm_fcws.state_py_9
cit_1538,1538,AYOLAS (MUNICIPIO),py_ctrm_fcws.distri_116,base.py,py_ctrm_fcws.state_py_9
cit_1538,1538,AYOLAS (MUNICIPIO),py_ctrm_fcws.distri_116,base.py,py_ctrm_fcws.state_py_9
cit_1538,1538,AYOLAS (MUNICIPIO),py_ctrm_fcws.distri_116,base.py,py_ctrm_fcws.state_py_9
cit_1538,1538,AYOLAS (MUNICIPIO),py_ctrm_fcws.distri_116,base.py,py_ctrm_fcws.state_py_9
cit_1538,1538,AYOLAS (MUNICIPIO),py_ctrm_fcws.distri_116,base.py,py_ctrm_fcws.state_py_9
cit_1538,1538,AYOLAS (MUNICIPIO),py_ctrm_fcws.distri_116,base.py,py_ctrm_fcws.state_py_9
cit_1538,1538,AYOLAS (MUNICIPIO),py_ctrm_fcws.distri_116,base.py,py_ctrm_fcws.state_py_9
cit_1539,1539,BASE AEREA YACYRETA,py_ctrm_fcws.distri_116,base.py,py_ctrm_fcws.state_py_9
cit_1540,1540,BOQUERON,py_ctrm_fcws.distri_116,base.py,py_ctrm_fcws.state_py_9
cit_1541,1541,CHACO-I,py_ctrm_fcws.distri_116,base.py,py_ctrm_fcws.state_py_9
cit_1542,1542,COCHI-Y,py_ctrm_fcws.distri_116,base.py,py_ctrm_fcws.state_py_9
cit_1543,1543,COL.ALEJO GARCIA 1A.,py_ctrm_fcws.distri_116,base.py,py_ctrm_fcws.state_py_9
cit_1544,1544,COL.CO'EYU,py_ctrm_fcws.distri_116,base.py,py_ctrm_fcws.state_py_9
cit_1545,1545,COSTA YABEBYRY,py_ctrm_fcws.distri_116,base.py,py_ctrm_fcws.state_py_9
cit_1546,1546,COL.ALEJO GARCIA 2A.,py_ctrm_fcws.distri_116,base.py,py_ctrm_fcws.state_py_9
cit_1547,1547,ISLA CURE'I,py_ctrm_fcws.distri_116,base.py,py_ctrm_fcws.state_py_9
cit_1548,1548,ISLA PAJARO,py_ctrm_fcws.distri_116,base.py,py_ctrm_fcws.state_py_9
cit_1549,1549,ISLA TRES HERMANAS,py_ctrm_fcws.distri_116,base.py,py_ctrm_fcws.state_py_9
cit_1550,1550,LIMA,py_ctrm_fcws.distri_116,base.py,py_ctrm_fcws.state_py_9
cit_1551,1551,MBOCAYA,py_ctrm_fcws.distri_116,base.py,py_ctrm_fcws.state_py_9
cit_1552,1552,MBURAJHEY,py_ctrm_fcws.distri_116,base.py,py_ctrm_fcws.state_py_9
cit_1553,1553,MEDIO DIA,py_ctrm_fcws.distri_116,base.py,py_ctrm_fcws.state_py_9
cit_1554,1554,POTRERO,py_ctrm_fcws.distri_116,base.py,py_ctrm_fcws.state_py_9
cit_1555,1555,PUERTO CORATEI,py_ctrm_fcws.distri_116,base.py,py_ctrm_fcws.state_py_9
cit_1556,1556,PUERTO GUARDIA CUE,py_ctrm_fcws.distri_116,base.py,py_ctrm_fcws.state_py_9
cit_1557,1557,PUERTO TURI,py_ctrm_fcws.distri_116,base.py,py_ctrm_fcws.state_py_9
cit_1558,1558,SALTO YASYRETA,py_ctrm_fcws.distri_116,base.py,py_ctrm_fcws.state_py_9
cit_1559,1559,SAN IGNACIO CUE(I.IGNACIO CUE),py_ctrm_fcws.distri_116,base.py,py_ctrm_fcws.state_py_9
cit_1560,1560,SAN RAFAEL,py_ctrm_fcws.distri_116,base.py,py_ctrm_fcws.state_py_9
cit_1561,1561,YAGUARY,py_ctrm_fcws.distri_116,base.py,py_ctrm_fcws.state_py_9
cit_1562,1562,YASYRETA PUNTA,py_ctrm_fcws.distri_116,base.py,py_ctrm_fcws.state_py_9
cit_1563,1563,YATAITY,py_ctrm_fcws.distri_116,base.py,py_ctrm_fcws.state_py_9
cit_1564,1564,SAN IGNACIO,py_ctrm_fcws.distri_117,base.py,py_ctrm_fcws.state_py_9
cit_1565,1565,ARROYO VERDE,py_ctrm_fcws.distri_117,base.py,py_ctrm_fcws.state_py_9
cit_1566,1566,COL.CA'A YOJHA,py_ctrm_fcws.distri_117,base.py,py_ctrm_fcws.state_py_9
cit_1567,1567,COL.MANZANA D,py_ctrm_fcws.distri_117,base.py,py_ctrm_fcws.state_py_9
cit_1568,1568,COSTA BRASIL,py_ctrm_fcws.distri_117,base.py,py_ctrm_fcws.state_py_9
cit_1569,1569,COSTA PUCU,py_ctrm_fcws.distri_117,base.py,py_ctrm_fcws.state_py_9
cit_1570,1570,ESTANCIA AGRO SAN JUAN,py_ctrm_fcws.distri_117,base.py,py_ctrm_fcws.state_py_9
cit_1571,1571,ESTANCIA PARAGUAY,py_ctrm_fcws.distri_117,base.py,py_ctrm_fcws.state_py_9
cit_1572,1572,ISLA GUAZU,py_ctrm_fcws.distri_117,base.py,py_ctrm_fcws.state_py_9
cit_1573,1573,PLATERO,py_ctrm_fcws.distri_117,base.py,py_ctrm_fcws.state_py_9
cit_1574,1574,SAN BENTO,py_ctrm_fcws.distri_117,base.py,py_ctrm_fcws.state_py_9
cit_1575,1575,SAN IGNACIO (MUNICIPIO),py_ctrm_fcws.distri_117,base.py,py_ctrm_fcws.state_py_9
cit_1575,1575,SAN IGNACIO (MUNICIPIO),py_ctrm_fcws.distri_117,base.py,py_ctrm_fcws.state_py_9
cit_1575,1575,SAN IGNACIO (MUNICIPIO),py_ctrm_fcws.distri_117,base.py,py_ctrm_fcws.state_py_9
cit_1575,1575,SAN IGNACIO (MUNICIPIO),py_ctrm_fcws.distri_117,base.py,py_ctrm_fcws.state_py_9
cit_1575,1575,SAN IGNACIO (MUNICIPIO),py_ctrm_fcws.distri_117,base.py,py_ctrm_fcws.state_py_9
cit_1575,1575,SAN IGNACIO (MUNICIPIO),py_ctrm_fcws.distri_117,base.py,py_ctrm_fcws.state_py_9
cit_1575,1575,SAN IGNACIO (MUNICIPIO),py_ctrm_fcws.distri_117,base.py,py_ctrm_fcws.state_py_9
cit_1575,1575,SAN IGNACIO (MUNICIPIO),py_ctrm_fcws.distri_117,base.py,py_ctrm_fcws.state_py_9
cit_1575,1575,SAN IGNACIO (MUNICIPIO),py_ctrm_fcws.distri_117,base.py,py_ctrm_fcws.state_py_9
cit_1575,1575,SAN IGNACIO (MUNICIPIO),py_ctrm_fcws.distri_117,base.py,py_ctrm_fcws.state_py_9
cit_1576,1576,SAN JAVIER,py_ctrm_fcws.distri_117,base.py,py_ctrm_fcws.state_py_9
cit_1577,1577,SAN JUAN,py_ctrm_fcws.distri_117,base.py,py_ctrm_fcws.state_py_9
cit_1578,1578,SAN PABLO,py_ctrm_fcws.distri_117,base.py,py_ctrm_fcws.state_py_9
cit_1579,1579,SANGRE DE DRAGON,py_ctrm_fcws.distri_117,base.py,py_ctrm_fcws.state_py_9
cit_1580,1580,SANTA RITA,py_ctrm_fcws.distri_117,base.py,py_ctrm_fcws.state_py_9
cit_1581,1581,TAJHYI-TY,py_ctrm_fcws.distri_117,base.py,py_ctrm_fcws.state_py_9
cit_1582,1582,TAYY,py_ctrm_fcws.distri_117,base.py,py_ctrm_fcws.state_py_9
cit_1583,1583,TAÑERENDY,py_ctrm_fcws.distri_117,base.py,py_ctrm_fcws.state_py_9
cit_1584,1584,SAN MIGUEL,py_ctrm_fcws.distri_118,base.py,py_ctrm_fcws.state_py_9
cit_1585,1585,ARAZAPE,py_ctrm_fcws.distri_118,base.py,py_ctrm_fcws.state_py_9
cit_1586,1586,COL.YSYPO POTRERO,py_ctrm_fcws.distri_118,base.py,py_ctrm_fcws.state_py_9
cit_1587,1587,COSTA JHU,py_ctrm_fcws.distri_118,base.py,py_ctrm_fcws.state_py_9
cit_1588,1588,ESTANCIA CAPII BEBE,py_ctrm_fcws.distri_118,base.py,py_ctrm_fcws.state_py_9
cit_1589,1589,ESTANCIA LOMA POTY,py_ctrm_fcws.distri_118,base.py,py_ctrm_fcws.state_py_9
cit_1590,1590,ESTANCIA MEZA,py_ctrm_fcws.distri_118,base.py,py_ctrm_fcws.state_py_9
cit_1591,1591,ESTANCIA ROSARIO,py_ctrm_fcws.distri_118,base.py,py_ctrm_fcws.state_py_9
cit_1592,1592,ESTANCIA SAN JUAN,py_ctrm_fcws.distri_118,base.py,py_ctrm_fcws.state_py_9
cit_1593,1593,ESTANCIA SAN ROQUE,py_ctrm_fcws.distri_118,base.py,py_ctrm_fcws.state_py_9
cit_1594,1594,ESTANCIA SANTA NINA,py_ctrm_fcws.distri_118,base.py,py_ctrm_fcws.state_py_9
cit_1595,1595,ESTANCIA SANTA TERESA,py_ctrm_fcws.distri_118,base.py,py_ctrm_fcws.state_py_9
cit_1596,1596,ESTANCIA SANTO TOMAS,py_ctrm_fcws.distri_118,base.py,py_ctrm_fcws.state_py_9
cit_1597,1597,ESTANCIA TEBICUARY,py_ctrm_fcws.distri_118,base.py,py_ctrm_fcws.state_py_9
cit_1598,1598,ESTANCIA YGAU,py_ctrm_fcws.distri_118,base.py,py_ctrm_fcws.state_py_9
cit_1599,1599,ESTANCIA Z.BARRIOS,py_ctrm_fcws.distri_118,base.py,py_ctrm_fcws.state_py_9
cit_1600,1600,ISLA TACUARA,py_ctrm_fcws.distri_118,base.py,py_ctrm_fcws.state_py_9
cit_1601,1601,ITA YURU,py_ctrm_fcws.distri_118,base.py,py_ctrm_fcws.state_py_9
cit_1602,1602,JHUGUA,py_ctrm_fcws.distri_118,base.py,py_ctrm_fcws.state_py_9
cit_1603,1603,PUESTO CAACUPE MI,py_ctrm_fcws.distri_118,base.py,py_ctrm_fcws.state_py_9
cit_1604,1604,PUESTO CANGUERY,py_ctrm_fcws.distri_118,base.py,py_ctrm_fcws.state_py_9
cit_1605,1605,PUESTO ESTANCIA BELLA ITALIA,py_ctrm_fcws.distri_118,base.py,py_ctrm_fcws.state_py_9
cit_1606,1606,PUESTO RANCHO DEL MEDIO,py_ctrm_fcws.distri_118,base.py,py_ctrm_fcws.state_py_9
cit_1607,1607,SAN MAURICIO,py_ctrm_fcws.distri_118,base.py,py_ctrm_fcws.state_py_9
cit_1608,1608,SAN MIGUEL (MUNICIPIO),py_ctrm_fcws.distri_118,base.py,py_ctrm_fcws.state_py_9
cit_1608,1608,SAN MIGUEL (MUNICIPIO),py_ctrm_fcws.distri_118,base.py,py_ctrm_fcws.state_py_9
cit_1608,1608,SAN MIGUEL (MUNICIPIO),py_ctrm_fcws.distri_118,base.py,py_ctrm_fcws.state_py_9
cit_1608,1608,SAN MIGUEL (MUNICIPIO),py_ctrm_fcws.distri_118,base.py,py_ctrm_fcws.state_py_9
cit_1609,1609,SAN PEDRO,py_ctrm_fcws.distri_118,base.py,py_ctrm_fcws.state_py_9
cit_1610,1610,SAN ROQUE,py_ctrm_fcws.distri_118,base.py,py_ctrm_fcws.state_py_9
cit_1611,1611,YSYPO,py_ctrm_fcws.distri_118,base.py,py_ctrm_fcws.state_py_9
cit_1612,1612,SAN PATRICIO,py_ctrm_fcws.distri_119,base.py,py_ctrm_fcws.state_py_9
cit_1613,1613,ARROCERA ISLA GUAZU,py_ctrm_fcws.distri_119,base.py,py_ctrm_fcws.state_py_9
cit_1614,1614,ESTANCIA ISLA TIMBO,py_ctrm_fcws.distri_119,base.py,py_ctrm_fcws.state_py_9
cit_1615,1615,SANTO ANGEL,py_ctrm_fcws.distri_119,base.py,py_ctrm_fcws.state_py_9
cit_1616,1616,ÑACUTI,py_ctrm_fcws.distri_119,base.py,py_ctrm_fcws.state_py_9
cit_6264,6264,SAN PATRICIO (MUNICIPIO),py_ctrm_fcws.distri_119,base.py,py_ctrm_fcws.state_py_9
cit_1617,1617,SANTIAGO,py_ctrm_fcws.distri_120,base.py,py_ctrm_fcws.state_py_9
cit_1618,1618,CAAGUAZU,py_ctrm_fcws.distri_120,base.py,py_ctrm_fcws.state_py_9
cit_1619,1619,CAAGUY PO I,py_ctrm_fcws.distri_120,base.py,py_ctrm_fcws.state_py_9
cit_1620,1620,CAAGUY GUAZU,py_ctrm_fcws.distri_120,base.py,py_ctrm_fcws.state_py_9
cit_1621,1621,POTRERO YBATE,py_ctrm_fcws.distri_120,base.py,py_ctrm_fcws.state_py_9
cit_1622,1622,SAN ANTONIO,py_ctrm_fcws.distri_120,base.py,py_ctrm_fcws.state_py_9
cit_1623,1623,SAN FELIPE,py_ctrm_fcws.distri_120,base.py,py_ctrm_fcws.state_py_9
cit_1624,1624,SAN RAMON,py_ctrm_fcws.distri_120,base.py,py_ctrm_fcws.state_py_9
cit_1625,1625,SANTIAGO (MUNICIPIO),py_ctrm_fcws.distri_120,base.py,py_ctrm_fcws.state_py_9
cit_1626,1626,TAMBORY,py_ctrm_fcws.distri_120,base.py,py_ctrm_fcws.state_py_9
cit_6265,6265,CONCEPCION,py_ctrm_fcws.distri_120,base.py,py_ctrm_fcws.state_py_9
cit_6266,6266,SANTA TERESITA,py_ctrm_fcws.distri_120,base.py,py_ctrm_fcws.state_py_9
cit_801,801,SAN FERNANDO,py_ctrm_fcws.distri_121,base.py,py_ctrm_fcws.state_py_9
cit_802,802,SAN GERONIMO,py_ctrm_fcws.distri_121,base.py,py_ctrm_fcws.state_py_9
cit_803,803,SANTA MARIA (MUNICIPIO),py_ctrm_fcws.distri_121,base.py,py_ctrm_fcws.state_py_9
cit_804,804,TRINIDAD CUE,py_ctrm_fcws.distri_121,base.py,py_ctrm_fcws.state_py_9
cit_805,805,YACAREY MI,py_ctrm_fcws.distri_121,base.py,py_ctrm_fcws.state_py_9
cit_806,806,ZANJA CORA,py_ctrm_fcws.distri_121,base.py,py_ctrm_fcws.state_py_9
cit_1627,1627,SANTA MARIA,py_ctrm_fcws.distri_121,base.py,py_ctrm_fcws.state_py_9
cit_1628,1628,ARROYO CARE,py_ctrm_fcws.distri_121,base.py,py_ctrm_fcws.state_py_9
cit_1629,1629,CERRO COSTA,py_ctrm_fcws.distri_121,base.py,py_ctrm_fcws.state_py_9
cit_1630,1630,ESTANCIA ARNOL CUE,py_ctrm_fcws.distri_121,base.py,py_ctrm_fcws.state_py_9
cit_1631,1631,ESTANCIA CA'A CORA,py_ctrm_fcws.distri_121,base.py,py_ctrm_fcws.state_py_9
cit_1632,1632,ESTANCIA CAPURRO,py_ctrm_fcws.distri_121,base.py,py_ctrm_fcws.state_py_9
cit_1633,1633,ESTANCIA MARIA HORTENCIA,py_ctrm_fcws.distri_121,base.py,py_ctrm_fcws.state_py_9
cit_1634,1634,ESTANCIA RAMIREZ CUE,py_ctrm_fcws.distri_121,base.py,py_ctrm_fcws.state_py_9
cit_1635,1635,ESTANCIA SAN BORJA,py_ctrm_fcws.distri_121,base.py,py_ctrm_fcws.state_py_9
cit_1636,1636,ESTANCIA TORORO 1A.,py_ctrm_fcws.distri_121,base.py,py_ctrm_fcws.state_py_9
cit_1637,1637,ESTANCIA TORORO 2A.,py_ctrm_fcws.distri_121,base.py,py_ctrm_fcws.state_py_9
cit_1638,1638,ESTANCIA LA ARMONIA,py_ctrm_fcws.distri_121,base.py,py_ctrm_fcws.state_py_9
cit_1639,1639,ITACURUBI,py_ctrm_fcws.distri_121,base.py,py_ctrm_fcws.state_py_9
cit_1640,1640,PARACAU,py_ctrm_fcws.distri_121,base.py,py_ctrm_fcws.state_py_9
cit_1641,1641,PUERTO ROAS CUE,py_ctrm_fcws.distri_121,base.py,py_ctrm_fcws.state_py_9
cit_1642,1642,SAN ANTONIO,py_ctrm_fcws.distri_121,base.py,py_ctrm_fcws.state_py_9
cit_6210,6210,SAN JUAN BERGMAN,py_ctrm_fcws.distri_121,base.py,py_ctrm_fcws.state_py_9
cit_6267,6267,CURUPAYTY,py_ctrm_fcws.distri_121,base.py,py_ctrm_fcws.state_py_9
cit_6268,6268,ESTANCIA FERLONI,py_ctrm_fcws.distri_121,base.py,py_ctrm_fcws.state_py_9
cit_6269,6269,ESTANCIA V.ALEGRE,py_ctrm_fcws.distri_121,base.py,py_ctrm_fcws.state_py_9
cit_807,807,SANTA ROSA,py_ctrm_fcws.distri_122,base.py,py_ctrm_fcws.state_py_9
cit_808,808,BARRIO SAN JOSE,py_ctrm_fcws.distri_122,base.py,py_ctrm_fcws.state_py_9
cit_809,809,CERRO COSTA,py_ctrm_fcws.distri_122,base.py,py_ctrm_fcws.state_py_9
cit_810,810,COL.E ACEVEDO,py_ctrm_fcws.distri_122,base.py,py_ctrm_fcws.state_py_9
cit_811,811,COL.POTRERO GUAZU,py_ctrm_fcws.distri_122,base.py,py_ctrm_fcws.state_py_9
cit_812,812,ESTANCIA CAA TYGUE,py_ctrm_fcws.distri_122,base.py,py_ctrm_fcws.state_py_9
cit_813,813,ESTANCIA ISLA ALTA,py_ctrm_fcws.distri_122,base.py,py_ctrm_fcws.state_py_9
cit_814,814,ESTANCIA ISLA CHAJHA,py_ctrm_fcws.distri_122,base.py,py_ctrm_fcws.state_py_9
cit_815,815,ESTANCIA JHUGUA GUAZU,py_ctrm_fcws.distri_122,base.py,py_ctrm_fcws.state_py_9
cit_816,816,ESTANCIA JHUGUA POI,py_ctrm_fcws.distri_122,base.py,py_ctrm_fcws.state_py_9
cit_817,817,ESTANCIA LA NEGRA,py_ctrm_fcws.distri_122,base.py,py_ctrm_fcws.state_py_9
cit_818,818,ESTANCIA SAN GABRIEL,py_ctrm_fcws.distri_122,base.py,py_ctrm_fcws.state_py_9
cit_819,819,ESTANCIA SAN JOSE,py_ctrm_fcws.distri_122,base.py,py_ctrm_fcws.state_py_9
cit_820,820,ESTANCIA SAN TADEO,py_ctrm_fcws.distri_122,base.py,py_ctrm_fcws.state_py_9
cit_821,821,ESTANCIA SANTA,py_ctrm_fcws.distri_122,base.py,py_ctrm_fcws.state_py_9
cit_822,822,ESTANCIA SEGOVIA,py_ctrm_fcws.distri_122,base.py,py_ctrm_fcws.state_py_9
cit_823,823,ITA JHUGUA,py_ctrm_fcws.distri_122,base.py,py_ctrm_fcws.state_py_9
cit_824,824,POTRERO ALTO,py_ctrm_fcws.distri_122,base.py,py_ctrm_fcws.state_py_9
cit_825,825,POTRERO MBYYUI,py_ctrm_fcws.distri_122,base.py,py_ctrm_fcws.state_py_9
cit_826,826,POTRERO SAN ANTONIO,py_ctrm_fcws.distri_122,base.py,py_ctrm_fcws.state_py_9
cit_827,827,PUESTO TOLEDO CUE,py_ctrm_fcws.distri_122,base.py,py_ctrm_fcws.state_py_9
cit_828,828,SAN FRANCISCO CUE,py_ctrm_fcws.distri_122,base.py,py_ctrm_fcws.state_py_9
cit_829,829,SAN GABRIEL,py_ctrm_fcws.distri_122,base.py,py_ctrm_fcws.state_py_9
cit_830,830,SAN JOSE,py_ctrm_fcws.distri_122,base.py,py_ctrm_fcws.state_py_9
cit_831,831,SAN RAFAEL,py_ctrm_fcws.distri_122,base.py,py_ctrm_fcws.state_py_9
cit_2633,2633,SAN SOLANO,py_ctrm_fcws.distri_122,base.py,py_ctrm_fcws.state_py_9
cit_2634,2634,SANTA CRUZ,py_ctrm_fcws.distri_122,base.py,py_ctrm_fcws.state_py_9
cit_2635,2635,SANTA ELENA,py_ctrm_fcws.distri_122,base.py,py_ctrm_fcws.state_py_9
cit_2636,2636,SANTA ROSA (MUNICIPIO),py_ctrm_fcws.distri_122,base.py,py_ctrm_fcws.state_py_9
cit_3873,3873,YACAREY,py_ctrm_fcws.distri_122,base.py,py_ctrm_fcws.state_py_9
cit_3874,3874,YPUCU,py_ctrm_fcws.distri_122,base.py,py_ctrm_fcws.state_py_9
cit_3875,3875,ZAPATERO CUE,py_ctrm_fcws.distri_122,base.py,py_ctrm_fcws.state_py_9
cit_6211,6211,BARRIO CRISTO REY,py_ctrm_fcws.distri_122,base.py,py_ctrm_fcws.state_py_9
cit_6212,6212,ESTANCIA CONCEPCION,py_ctrm_fcws.distri_122,base.py,py_ctrm_fcws.state_py_9
cit_6213,6213,ESTANCIA MARTA ESTHER,py_ctrm_fcws.distri_122,base.py,py_ctrm_fcws.state_py_9
cit_6214,6214,ESTANCIA VANNI,py_ctrm_fcws.distri_122,base.py,py_ctrm_fcws.state_py_9
cit_6215,6215,SAN FRANCISCO,py_ctrm_fcws.distri_122,base.py,py_ctrm_fcws.state_py_9
cit_3876,3876,VILLA FLORIDA,py_ctrm_fcws.distri_123,base.py,py_ctrm_fcws.state_py_9
cit_3877,3877,ESTANCIA CENTU CUE,py_ctrm_fcws.distri_123,base.py,py_ctrm_fcws.state_py_9
cit_3878,3878,ESTANCIA SAN AGUSTIN,py_ctrm_fcws.distri_123,base.py,py_ctrm_fcws.state_py_9
cit_3879,3879,MATOS CUE,py_ctrm_fcws.distri_123,base.py,py_ctrm_fcws.state_py_9
cit_3880,3880,PUERTO PARAISO,py_ctrm_fcws.distri_123,base.py,py_ctrm_fcws.state_py_9
cit_3881,3881,VILLA FLORIDA (MUNICIPIO),py_ctrm_fcws.distri_123,base.py,py_ctrm_fcws.state_py_9
cit_3881,3881,VILLA FLORIDA (MUNICIPIO),py_ctrm_fcws.distri_123,base.py,py_ctrm_fcws.state_py_9
cit_3881,3881,VILLA FLORIDA (MUNICIPIO),py_ctrm_fcws.distri_123,base.py,py_ctrm_fcws.state_py_9
cit_3881,3881,VILLA FLORIDA (MUNICIPIO),py_ctrm_fcws.distri_123,base.py,py_ctrm_fcws.state_py_9
cit_3881,3881,VILLA FLORIDA (MUNICIPIO),py_ctrm_fcws.distri_123,base.py,py_ctrm_fcws.state_py_9
cit_3882,3882,YABEBYRY,py_ctrm_fcws.distri_124,base.py,py_ctrm_fcws.state_py_9
cit_3883,3883,BOULES (ISLA MBURUCUYA,py_ctrm_fcws.distri_124,base.py,py_ctrm_fcws.state_py_9
cit_3884,3884,GALEANO CUE,py_ctrm_fcws.distri_124,base.py,py_ctrm_fcws.state_py_9
cit_3885,3885,GUARDIA CUE,py_ctrm_fcws.distri_124,base.py,py_ctrm_fcws.state_py_9
cit_3886,3886,POTRERO FORTUNA,py_ctrm_fcws.distri_124,base.py,py_ctrm_fcws.state_py_9
cit_3887,3887,RORY POTRERO,py_ctrm_fcws.distri_124,base.py,py_ctrm_fcws.state_py_9
cit_3888,3888,YABEBYRY (MUNICIPIO),py_ctrm_fcws.distri_124,base.py,py_ctrm_fcws.state_py_9
cit_3889,3889,PARAGUARI,py_ctrm_fcws.distri_125,base.py,py_ctrm_fcws.state_py_10
cit_3890,3890,BARRIO ESTACION,py_ctrm_fcws.distri_125,base.py,py_ctrm_fcws.state_py_10
cit_3891,3891,BARRIO OESTE,py_ctrm_fcws.distri_125,base.py,py_ctrm_fcws.state_py_10
cit_3892,3892,CALLE,py_ctrm_fcws.distri_125,base.py,py_ctrm_fcws.state_py_10
cit_3893,3893,CERRO LEON,py_ctrm_fcws.distri_125,base.py,py_ctrm_fcws.state_py_10
cit_3894,3894,CHOLOLO,py_ctrm_fcws.distri_125,base.py,py_ctrm_fcws.state_py_10
cit_3895,3895,CHOLOLO Y,py_ctrm_fcws.distri_125,base.py,py_ctrm_fcws.state_py_10
cit_3896,3896,COSTA 1A.Y 2A.,py_ctrm_fcws.distri_125,base.py,py_ctrm_fcws.state_py_10
cit_3897,3897,ESTANCIA ALFONSO XIII,py_ctrm_fcws.distri_125,base.py,py_ctrm_fcws.state_py_10
cit_3898,3898,ESTANCIA ARCA DE NOE,py_ctrm_fcws.distri_125,base.py,py_ctrm_fcws.state_py_10
cit_3899,3899,ESTANCIA CNEL.MARTINEZ,py_ctrm_fcws.distri_125,base.py,py_ctrm_fcws.state_py_10
cit_3900,3900,ESTANCIA DELIA CLARA,py_ctrm_fcws.distri_125,base.py,py_ctrm_fcws.state_py_10
cit_3901,3901,ESTANCIA HERRERA,py_ctrm_fcws.distri_125,base.py,py_ctrm_fcws.state_py_10
cit_3902,3902,ESTANCIA LA NORMA,py_ctrm_fcws.distri_125,base.py,py_ctrm_fcws.state_py_10
cit_3903,3903,ESTANCIA MARIA AUXIADORA,py_ctrm_fcws.distri_125,base.py,py_ctrm_fcws.state_py_10
cit_3904,3904,ESTANCIA PARAISO,py_ctrm_fcws.distri_125,base.py,py_ctrm_fcws.state_py_10
cit_3905,3905,ESTANCIA PRIMAVERA,py_ctrm_fcws.distri_125,base.py,py_ctrm_fcws.state_py_10
cit_3906,3906,ESTANCIA NARANJA JHAI,py_ctrm_fcws.distri_125,base.py,py_ctrm_fcws.state_py_10
cit_3907,3907,ESTANCIA SAN ANDRES,py_ctrm_fcws.distri_125,base.py,py_ctrm_fcws.state_py_10
cit_3908,3908,GUARNICION MILITAR,py_ctrm_fcws.distri_125,base.py,py_ctrm_fcws.state_py_10
cit_3909,3909,MBATOVI,py_ctrm_fcws.distri_125,base.py,py_ctrm_fcws.state_py_10
cit_3910,3910,PARAGUARI (MUNICIPIO),py_ctrm_fcws.distri_125,base.py,py_ctrm_fcws.state_py_10
cit_3910,3910,PARAGUARI (MUNICIPIO),py_ctrm_fcws.distri_125,base.py,py_ctrm_fcws.state_py_10
cit_3910,3910,PARAGUARI (MUNICIPIO),py_ctrm_fcws.distri_125,base.py,py_ctrm_fcws.state_py_10
cit_3911,3911,PUERTO REAL,py_ctrm_fcws.distri_125,base.py,py_ctrm_fcws.state_py_10
cit_3912,3912,PUESTO SALINAS,py_ctrm_fcws.distri_125,base.py,py_ctrm_fcws.state_py_10
cit_3913,3913,SOTE,py_ctrm_fcws.distri_125,base.py,py_ctrm_fcws.state_py_10
cit_5772,5772,ESTANCIA LAS ROSAS,py_ctrm_fcws.distri_125,base.py,py_ctrm_fcws.state_py_10
cit_5773,5773,JORGE LOPEZ MOREIRA,py_ctrm_fcws.distri_125,base.py,py_ctrm_fcws.state_py_10
cit_3914,3914,ARROYO VERDE,py_ctrm_fcws.distri_126,base.py,py_ctrm_fcws.state_py_10
cit_3915,3915,BARRIO 15 DE AGOSTO 1A.,py_ctrm_fcws.distri_126,base.py,py_ctrm_fcws.state_py_10
cit_3916,3916,BARRIO 15 DE AGOSTO 2A.,py_ctrm_fcws.distri_126,base.py,py_ctrm_fcws.state_py_10
cit_3917,3917,BARRIO M.CARD,py_ctrm_fcws.distri_126,base.py,py_ctrm_fcws.state_py_10
cit_3918,3918,BARRIO SAN BLAS,py_ctrm_fcws.distri_126,base.py,py_ctrm_fcws.state_py_10
cit_3919,3919,CARAGUATAY,py_ctrm_fcws.distri_126,base.py,py_ctrm_fcws.state_py_10
cit_3920,3920,CARAGUATAY MI,py_ctrm_fcws.distri_126,base.py,py_ctrm_fcws.state_py_10
cit_3921,3921,CERRO GUY,py_ctrm_fcws.distri_126,base.py,py_ctrm_fcws.state_py_10
cit_3922,3922,COSTA BAEZ CAAGUY,py_ctrm_fcws.distri_126,base.py,py_ctrm_fcws.state_py_10
cit_3923,3923,COSTA BAEZ YUKYTY,py_ctrm_fcws.distri_126,base.py,py_ctrm_fcws.state_py_10
cit_3924,3924,COSTA PEÑA,py_ctrm_fcws.distri_126,base.py,py_ctrm_fcws.state_py_10
cit_3925,3925,ESTACION BUENA VISTA,py_ctrm_fcws.distri_126,base.py,py_ctrm_fcws.state_py_10
cit_3926,3926,ISLERIA,py_ctrm_fcws.distri_126,base.py,py_ctrm_fcws.state_py_10
cit_3927,3927,LAGUNA PYTA,py_ctrm_fcws.distri_126,base.py,py_ctrm_fcws.state_py_10
cit_3928,3928,PINTO,py_ctrm_fcws.distri_126,base.py,py_ctrm_fcws.state_py_10
cit_3929,3929,POTRERO ARCE,py_ctrm_fcws.distri_126,base.py,py_ctrm_fcws.state_py_10
cit_3930,3930,RINCON,py_ctrm_fcws.distri_126,base.py,py_ctrm_fcws.state_py_10
cit_3931,3931,SANJITA,py_ctrm_fcws.distri_126,base.py,py_ctrm_fcws.state_py_10
cit_3932,3932,TAPYTANGUA,py_ctrm_fcws.distri_126,base.py,py_ctrm_fcws.state_py_10
cit_3933,3933,VALOIS RIVAROLA,py_ctrm_fcws.distri_126,base.py,py_ctrm_fcws.state_py_10
cit_3934,3934,YAGUARIZO,py_ctrm_fcws.distri_126,base.py,py_ctrm_fcws.state_py_10
cit_3935,3935,ÑUHAI,py_ctrm_fcws.distri_126,base.py,py_ctrm_fcws.state_py_10
cit_5774,5774,ACAHAY,py_ctrm_fcws.distri_126,base.py,py_ctrm_fcws.state_py_10
cit_5774,5774,ACAHAY,py_ctrm_fcws.distri_126,base.py,py_ctrm_fcws.state_py_10
cit_5774,5774,ACAHAY,py_ctrm_fcws.distri_126,base.py,py_ctrm_fcws.state_py_10
cit_5774,5774,ACAHAY,py_ctrm_fcws.distri_126,base.py,py_ctrm_fcws.state_py_10
cit_5774,5774,ACAHAY,py_ctrm_fcws.distri_126,base.py,py_ctrm_fcws.state_py_10
cit_5774,5774,ACAHAY,py_ctrm_fcws.distri_126,base.py,py_ctrm_fcws.state_py_10
cit_5775,5775,BARRIO N. BOGARIN,py_ctrm_fcws.distri_126,base.py,py_ctrm_fcws.state_py_10
cit_5776,5776,CERROI CUE,py_ctrm_fcws.distri_126,base.py,py_ctrm_fcws.state_py_10
cit_5777,5777,ISLA BAEZ,py_ctrm_fcws.distri_126,base.py,py_ctrm_fcws.state_py_10
cit_5778,5778,RECOLETA,py_ctrm_fcws.distri_126,base.py,py_ctrm_fcws.state_py_10
cit_5779,5779,YBYRAI TY,py_ctrm_fcws.distri_126,base.py,py_ctrm_fcws.state_py_10
cit_3936,3936,CAAPUCU,py_ctrm_fcws.distri_127,base.py,py_ctrm_fcws.state_py_10
cit_3937,3937,CAAPUCU (MUNICIPIO),py_ctrm_fcws.distri_127,base.py,py_ctrm_fcws.state_py_10
cit_3937,3937,CAAPUCU (MUNICIPIO),py_ctrm_fcws.distri_127,base.py,py_ctrm_fcws.state_py_10
cit_3937,3937,CAAPUCU (MUNICIPIO),py_ctrm_fcws.distri_127,base.py,py_ctrm_fcws.state_py_10
cit_3937,3937,CAAPUCU (MUNICIPIO),py_ctrm_fcws.distri_127,base.py,py_ctrm_fcws.state_py_10
cit_3937,3937,CAAPUCU (MUNICIPIO),py_ctrm_fcws.distri_127,base.py,py_ctrm_fcws.state_py_10
cit_3937,3937,CAAPUCU (MUNICIPIO),py_ctrm_fcws.distri_127,base.py,py_ctrm_fcws.state_py_10
cit_3938,3938,CAPILLA TUYA,py_ctrm_fcws.distri_127,base.py,py_ctrm_fcws.state_py_10
cit_3939,3939,CERRITO (M. POTRERO),py_ctrm_fcws.distri_127,base.py,py_ctrm_fcws.state_py_10
cit_3940,3940,CERRO GUY (M.POTRERO),py_ctrm_fcws.distri_127,base.py,py_ctrm_fcws.state_py_10
cit_3941,3941,CHARARA,py_ctrm_fcws.distri_127,base.py,py_ctrm_fcws.state_py_10
cit_3942,3942,COL.CNEL MONGELOS,py_ctrm_fcws.distri_127,base.py,py_ctrm_fcws.state_py_10
cit_3943,3943,ESTANCIA BARRERITO,py_ctrm_fcws.distri_127,base.py,py_ctrm_fcws.state_py_10
cit_3944,3944,ESTANCIA BRUYN,py_ctrm_fcws.distri_127,base.py,py_ctrm_fcws.state_py_10
cit_3945,3945,ESTANCIA CONGO I,py_ctrm_fcws.distri_127,base.py,py_ctrm_fcws.state_py_10
cit_3946,3946,ESTANCIA DA SILVA,py_ctrm_fcws.distri_127,base.py,py_ctrm_fcws.state_py_10
cit_3947,3947,ESTANCIA MARTINEZ Y OTRO,py_ctrm_fcws.distri_127,base.py,py_ctrm_fcws.state_py_10
cit_3948,3948,ESTANCIA RAMIREZ,py_ctrm_fcws.distri_127,base.py,py_ctrm_fcws.state_py_10
cit_5082,5082,ESTANCIA SANTA TERESA,py_ctrm_fcws.distri_127,base.py,py_ctrm_fcws.state_py_10
cit_5083,5083,ISLERIA,py_ctrm_fcws.distri_127,base.py,py_ctrm_fcws.state_py_10
cit_5084,5084,ITAPE,py_ctrm_fcws.distri_127,base.py,py_ctrm_fcws.state_py_10
cit_5085,5085,MANUELA CUE,py_ctrm_fcws.distri_127,base.py,py_ctrm_fcws.state_py_10
cit_5086,5086,MBOI CUATIA,py_ctrm_fcws.distri_127,base.py,py_ctrm_fcws.state_py_10
cit_5087,5087,PUEBLO JIMENEZ,py_ctrm_fcws.distri_127,base.py,py_ctrm_fcws.state_py_10
cit_5088,5088,PUESTO SANTA GERTRUDIS,py_ctrm_fcws.distri_127,base.py,py_ctrm_fcws.state_py_10
cit_5089,5089,PUESTO ARROYITO (LISBIGE),py_ctrm_fcws.distri_127,base.py,py_ctrm_fcws.state_py_10
cit_5090,5090,PUESTO CONGO GUAZU,py_ctrm_fcws.distri_127,base.py,py_ctrm_fcws.state_py_10
cit_5091,5091,PUESTO LATA,py_ctrm_fcws.distri_127,base.py,py_ctrm_fcws.state_py_10
cit_5092,5092,RETIRO ISLA ITA (M.P.),py_ctrm_fcws.distri_127,base.py,py_ctrm_fcws.state_py_10
cit_5093,5093,TAPE GUAZU,py_ctrm_fcws.distri_127,base.py,py_ctrm_fcws.state_py_10
cit_5094,5094,YAGUARETE CUA,py_ctrm_fcws.distri_127,base.py,py_ctrm_fcws.state_py_10
cit_5095,5095,YERE,py_ctrm_fcws.distri_127,base.py,py_ctrm_fcws.state_py_10
cit_5096,5096,YPUCU,py_ctrm_fcws.distri_127,base.py,py_ctrm_fcws.state_py_10
cit_5780,5780,CAMALOTE (M.POTRERO),py_ctrm_fcws.distri_127,base.py,py_ctrm_fcws.state_py_10
cit_5781,5781,COSTA POI (M.POTRERO),py_ctrm_fcws.distri_127,base.py,py_ctrm_fcws.state_py_10
cit_5782,5782,ESTANCIA ROMERO,py_ctrm_fcws.distri_127,base.py,py_ctrm_fcws.state_py_10
cit_5097,5097,CABALLERO,py_ctrm_fcws.distri_128,base.py,py_ctrm_fcws.state_py_10
cit_5098,5098,CABALLERO (MUNICIPIO),py_ctrm_fcws.distri_128,base.py,py_ctrm_fcws.state_py_10
cit_5098,5098,CABALLERO (MUNICIPIO),py_ctrm_fcws.distri_128,base.py,py_ctrm_fcws.state_py_10
cit_5098,5098,CABALLERO (MUNICIPIO),py_ctrm_fcws.distri_128,base.py,py_ctrm_fcws.state_py_10
cit_5098,5098,CABALLERO (MUNICIPIO),py_ctrm_fcws.distri_128,base.py,py_ctrm_fcws.state_py_10
cit_5098,5098,CABALLERO (MUNICIPIO),py_ctrm_fcws.distri_128,base.py,py_ctrm_fcws.state_py_10
cit_5098,5098,CABALLERO (MUNICIPIO),py_ctrm_fcws.distri_128,base.py,py_ctrm_fcws.state_py_10
cit_5099,5099,CATALAN,py_ctrm_fcws.distri_128,base.py,py_ctrm_fcws.state_py_10
cit_5100,5100,CERRO ÑU,py_ctrm_fcws.distri_128,base.py,py_ctrm_fcws.state_py_10
cit_5101,5101,CHAURIA,py_ctrm_fcws.distri_128,base.py,py_ctrm_fcws.state_py_10
cit_5102,5102,COSTA JHU,py_ctrm_fcws.distri_128,base.py,py_ctrm_fcws.state_py_10
cit_5103,5103,COSTA PUCU,py_ctrm_fcws.distri_128,base.py,py_ctrm_fcws.state_py_10
cit_5104,5104,FRANCO I,py_ctrm_fcws.distri_128,base.py,py_ctrm_fcws.state_py_10
cit_5105,5105,FRANCO ÑU,py_ctrm_fcws.distri_128,base.py,py_ctrm_fcws.state_py_10
cit_5106,5106,GUAVIRA,py_ctrm_fcws.distri_128,base.py,py_ctrm_fcws.state_py_10
cit_5107,5107,HORQUETA,py_ctrm_fcws.distri_128,base.py,py_ctrm_fcws.state_py_10
cit_5108,5108,IRIARTE,py_ctrm_fcws.distri_128,base.py,py_ctrm_fcws.state_py_10
cit_5109,5109,IRIARTE 2A.,py_ctrm_fcws.distri_128,base.py,py_ctrm_fcws.state_py_10
cit_5110,5110,ISLA SEGURA,py_ctrm_fcws.distri_128,base.py,py_ctrm_fcws.state_py_10
cit_5111,5111,ISLA SEGURA 2A.,py_ctrm_fcws.distri_128,base.py,py_ctrm_fcws.state_py_10
cit_5112,5112,LINDERO,py_ctrm_fcws.distri_128,base.py,py_ctrm_fcws.state_py_10
cit_5113,5113,LOMA PYTA,py_ctrm_fcws.distri_128,base.py,py_ctrm_fcws.state_py_10
cit_5114,5114,PIRAYUBY,py_ctrm_fcws.distri_128,base.py,py_ctrm_fcws.state_py_10
cit_5115,5115,POTRERO NARANJA TY,py_ctrm_fcws.distri_128,base.py,py_ctrm_fcws.state_py_10
cit_5116,5116,POTRERO PUCU,py_ctrm_fcws.distri_128,base.py,py_ctrm_fcws.state_py_10
cit_5117,5117,POTRERO YBATE,py_ctrm_fcws.distri_128,base.py,py_ctrm_fcws.state_py_10
cit_5118,5118,PUERTO FRUTOS,py_ctrm_fcws.distri_128,base.py,py_ctrm_fcws.state_py_10
cit_5119,5119,RETIRO LA HERRADURA,py_ctrm_fcws.distri_128,base.py,py_ctrm_fcws.state_py_10
cit_5120,5120,SAN ANTONIO,py_ctrm_fcws.distri_128,base.py,py_ctrm_fcws.state_py_10
cit_5121,5121,SAN CRISTOBAL,py_ctrm_fcws.distri_128,base.py,py_ctrm_fcws.state_py_10
cit_5122,5122,TTE. MARTINEZ,py_ctrm_fcws.distri_128,base.py,py_ctrm_fcws.state_py_10
cit_5123,5123,ZORRILLA CUE,py_ctrm_fcws.distri_128,base.py,py_ctrm_fcws.state_py_10
cit_5124,5124,CARAPEGUA,py_ctrm_fcws.distri_129,base.py,py_ctrm_fcws.state_py_10
cit_5125,5125,AGUAI Y,py_ctrm_fcws.distri_129,base.py,py_ctrm_fcws.state_py_10
cit_5126,5126,BARRIO MCAL.LOPEZ,py_ctrm_fcws.distri_129,base.py,py_ctrm_fcws.state_py_10
cit_5127,5127,BARRIO STO.DOMINGO,py_ctrm_fcws.distri_129,base.py,py_ctrm_fcws.state_py_10
cit_5128,5128,BENI LOMA,py_ctrm_fcws.distri_129,base.py,py_ctrm_fcws.state_py_10
cit_5129,5129,CAAZAPA,py_ctrm_fcws.distri_129,base.py,py_ctrm_fcws.state_py_10
cit_5130,5130,CALIXTRO,py_ctrm_fcws.distri_129,base.py,py_ctrm_fcws.state_py_10
cit_5131,5131,CARAPEGUA (MUNICIPIO),py_ctrm_fcws.distri_129,base.py,py_ctrm_fcws.state_py_10
cit_5131,5131,CARAPEGUA (MUNICIPIO),py_ctrm_fcws.distri_129,base.py,py_ctrm_fcws.state_py_10
cit_5131,5131,CARAPEGUA (MUNICIPIO),py_ctrm_fcws.distri_129,base.py,py_ctrm_fcws.state_py_10
cit_5131,5131,CARAPEGUA (MUNICIPIO),py_ctrm_fcws.distri_129,base.py,py_ctrm_fcws.state_py_10
cit_5131,5131,CARAPEGUA (MUNICIPIO),py_ctrm_fcws.distri_129,base.py,py_ctrm_fcws.state_py_10
cit_5131,5131,CARAPEGUA (MUNICIPIO),py_ctrm_fcws.distri_129,base.py,py_ctrm_fcws.state_py_10
cit_5131,5131,CARAPEGUA (MUNICIPIO),py_ctrm_fcws.distri_129,base.py,py_ctrm_fcws.state_py_10
cit_5131,5131,CARAPEGUA (MUNICIPIO),py_ctrm_fcws.distri_129,base.py,py_ctrm_fcws.state_py_10
cit_5131,5131,CARAPEGUA (MUNICIPIO),py_ctrm_fcws.distri_129,base.py,py_ctrm_fcws.state_py_10
cit_5132,5132,CASA YBATE,py_ctrm_fcws.distri_129,base.py,py_ctrm_fcws.state_py_10
cit_5133,5133,CAÑETE CUE,py_ctrm_fcws.distri_129,base.py,py_ctrm_fcws.state_py_10
cit_5134,5134,CERRITO,py_ctrm_fcws.distri_129,base.py,py_ctrm_fcws.state_py_10
cit_5135,5135,ESPARTILLAR,py_ctrm_fcws.distri_129,base.py,py_ctrm_fcws.state_py_10
cit_5136,5136,FRANCO ISLA,py_ctrm_fcws.distri_129,base.py,py_ctrm_fcws.state_py_10
cit_5137,5137,ISLA YBATE,py_ctrm_fcws.distri_129,base.py,py_ctrm_fcws.state_py_10
cit_5138,5138,NDABARU,py_ctrm_fcws.distri_129,base.py,py_ctrm_fcws.state_py_10
cit_5139,5139,PACHECO,py_ctrm_fcws.distri_129,base.py,py_ctrm_fcws.state_py_10
cit_5140,5140,POTRERO,py_ctrm_fcws.distri_129,base.py,py_ctrm_fcws.state_py_10
cit_5141,5141,TAYY LOMA,py_ctrm_fcws.distri_129,base.py,py_ctrm_fcws.state_py_10
cit_5142,5142,LA COLMENA,py_ctrm_fcws.distri_130,base.py,py_ctrm_fcws.state_py_10
cit_5143,5143,BARRERO AZUL,py_ctrm_fcws.distri_130,base.py,py_ctrm_fcws.state_py_10
cit_5144,5144,CERRITO,py_ctrm_fcws.distri_130,base.py,py_ctrm_fcws.state_py_10
cit_5145,5145,FATIMA,py_ctrm_fcws.distri_130,base.py,py_ctrm_fcws.state_py_10
cit_5146,5146,KAATYMI,py_ctrm_fcws.distri_130,base.py,py_ctrm_fcws.state_py_10
cit_5147,5147,LA COLMENA (MUNICIPIO),py_ctrm_fcws.distri_130,base.py,py_ctrm_fcws.state_py_10
cit_5147,5147,LA COLMENA (MUNICIPIO),py_ctrm_fcws.distri_130,base.py,py_ctrm_fcws.state_py_10
cit_5147,5147,LA COLMENA (MUNICIPIO),py_ctrm_fcws.distri_130,base.py,py_ctrm_fcws.state_py_10
cit_5147,5147,LA COLMENA (MUNICIPIO),py_ctrm_fcws.distri_130,base.py,py_ctrm_fcws.state_py_10
cit_5147,5147,LA COLMENA (MUNICIPIO),py_ctrm_fcws.distri_130,base.py,py_ctrm_fcws.state_py_10
cit_5148,5148,MBOCAYATY,py_ctrm_fcws.distri_130,base.py,py_ctrm_fcws.state_py_10
cit_5149,5149,PINDOTY,py_ctrm_fcws.distri_130,base.py,py_ctrm_fcws.state_py_10
cit_5150,5150,POTRERO ALTO,py_ctrm_fcws.distri_130,base.py,py_ctrm_fcws.state_py_10
cit_5151,5151,RORY,py_ctrm_fcws.distri_130,base.py,py_ctrm_fcws.state_py_10
cit_5152,5152,SOL NACIENTE,py_ctrm_fcws.distri_130,base.py,py_ctrm_fcws.state_py_10
cit_5153,5153,YAHAPETY,py_ctrm_fcws.distri_130,base.py,py_ctrm_fcws.state_py_10
cit_5154,5154,YBYRA PEPE,py_ctrm_fcws.distri_130,base.py,py_ctrm_fcws.state_py_10
cit_5155,5155,YBAROTY,py_ctrm_fcws.distri_130,base.py,py_ctrm_fcws.state_py_10
cit_5156,5156,ESCOBAR,py_ctrm_fcws.distri_131,base.py,py_ctrm_fcws.state_py_10
cit_5157,5157,ARROYO PORA,py_ctrm_fcws.distri_131,base.py,py_ctrm_fcws.state_py_10
cit_5158,5158,CERRO CUPE,py_ctrm_fcws.distri_131,base.py,py_ctrm_fcws.state_py_10
cit_5159,5159,CHIRCAL,py_ctrm_fcws.distri_131,base.py,py_ctrm_fcws.state_py_10
cit_5160,5160,ESCOBAR (MUNICIPIO),py_ctrm_fcws.distri_131,base.py,py_ctrm_fcws.state_py_10
cit_5161,5161,ESTANCIA ABELENDA,py_ctrm_fcws.distri_131,base.py,py_ctrm_fcws.state_py_10
cit_5162,5162,ESTANCIA ALONSO,py_ctrm_fcws.distri_131,base.py,py_ctrm_fcws.state_py_10
cit_5163,5163,ESTANCIA CERRITO,py_ctrm_fcws.distri_131,base.py,py_ctrm_fcws.state_py_10
cit_5164,5164,ESTANCIA MEDINA,py_ctrm_fcws.distri_131,base.py,py_ctrm_fcws.state_py_10
cit_5165,5165,ESTANCIA TOÑANEZ,py_ctrm_fcws.distri_131,base.py,py_ctrm_fcws.state_py_10
cit_5166,5166,GRAL.AQUINO,py_ctrm_fcws.distri_131,base.py,py_ctrm_fcws.state_py_10
cit_5167,5167,GUAZU CUA,py_ctrm_fcws.distri_131,base.py,py_ctrm_fcws.state_py_10
cit_5168,5168,MBOCAYATY,py_ctrm_fcws.distri_131,base.py,py_ctrm_fcws.state_py_10
cit_5169,5169,MBOPI CUA,py_ctrm_fcws.distri_131,base.py,py_ctrm_fcws.state_py_10
cit_5170,5170,POTRERO,py_ctrm_fcws.distri_131,base.py,py_ctrm_fcws.state_py_10
cit_5171,5171,RETIRO FRANCIA CUE,py_ctrm_fcws.distri_131,base.py,py_ctrm_fcws.state_py_10
cit_5172,5172,YBYRATY,py_ctrm_fcws.distri_131,base.py,py_ctrm_fcws.state_py_10
cit_5173,5173,YPAU,py_ctrm_fcws.distri_131,base.py,py_ctrm_fcws.state_py_10
cit_5174,5174,MBUYAPEY,py_ctrm_fcws.distri_132,base.py,py_ctrm_fcws.state_py_10
cit_5175,5175,ARROYO COSTA,py_ctrm_fcws.distri_132,base.py,py_ctrm_fcws.state_py_10
cit_5176,5176,BOQUERON,py_ctrm_fcws.distri_132,base.py,py_ctrm_fcws.state_py_10
cit_5177,5177,CERRITO,py_ctrm_fcws.distri_132,base.py,py_ctrm_fcws.state_py_10
cit_5178,5178,COSTA CAPILLA CUE,py_ctrm_fcws.distri_132,base.py,py_ctrm_fcws.state_py_10
cit_5179,5179,COSTA PUCU,py_ctrm_fcws.distri_132,base.py,py_ctrm_fcws.state_py_10
cit_5180,5180,CAAGUY GUAZU,py_ctrm_fcws.distri_132,base.py,py_ctrm_fcws.state_py_10
cit_5181,5181,ELIGIO AYALA,py_ctrm_fcws.distri_132,base.py,py_ctrm_fcws.state_py_10
cit_5182,5182,ESTACION LOMITA,py_ctrm_fcws.distri_132,base.py,py_ctrm_fcws.state_py_10
cit_5183,5183,ESTANCIA ZAPUTOVICH,py_ctrm_fcws.distri_132,base.py,py_ctrm_fcws.state_py_10
cit_5184,5184,GUAVIRA,py_ctrm_fcws.distri_132,base.py,py_ctrm_fcws.state_py_10
cit_5185,5185,ISLA ALTA,py_ctrm_fcws.distri_132,base.py,py_ctrm_fcws.state_py_10
cit_5186,5186,KIMITA,py_ctrm_fcws.distri_132,base.py,py_ctrm_fcws.state_py_10
cit_5187,5187,LA BARU,py_ctrm_fcws.distri_132,base.py,py_ctrm_fcws.state_py_10
cit_5188,5188,LA ROSA,py_ctrm_fcws.distri_132,base.py,py_ctrm_fcws.state_py_10
cit_5189,5189,LOMA GUAZU,py_ctrm_fcws.distri_132,base.py,py_ctrm_fcws.state_py_10
cit_5190,5190,LOMA I,py_ctrm_fcws.distri_132,base.py,py_ctrm_fcws.state_py_10
cit_5191,5191,MBUYAPEY (MUNICIPIO),py_ctrm_fcws.distri_132,base.py,py_ctrm_fcws.state_py_10
cit_5191,5191,MBUYAPEY (MUNICIPIO),py_ctrm_fcws.distri_132,base.py,py_ctrm_fcws.state_py_10
cit_5191,5191,MBUYAPEY (MUNICIPIO),py_ctrm_fcws.distri_132,base.py,py_ctrm_fcws.state_py_10
cit_5191,5191,MBUYAPEY (MUNICIPIO),py_ctrm_fcws.distri_132,base.py,py_ctrm_fcws.state_py_10
cit_5191,5191,MBUYAPEY (MUNICIPIO),py_ctrm_fcws.distri_132,base.py,py_ctrm_fcws.state_py_10
cit_5191,5191,MBUYAPEY (MUNICIPIO),py_ctrm_fcws.distri_132,base.py,py_ctrm_fcws.state_py_10
cit_5191,5191,MBUYAPEY (MUNICIPIO),py_ctrm_fcws.distri_132,base.py,py_ctrm_fcws.state_py_10
cit_5191,5191,MBUYAPEY (MUNICIPIO),py_ctrm_fcws.distri_132,base.py,py_ctrm_fcws.state_py_10
cit_5191,5191,MBUYAPEY (MUNICIPIO),py_ctrm_fcws.distri_132,base.py,py_ctrm_fcws.state_py_10
cit_5191,5191,MBUYAPEY (MUNICIPIO),py_ctrm_fcws.distri_132,base.py,py_ctrm_fcws.state_py_10
cit_5191,5191,MBUYAPEY (MUNICIPIO),py_ctrm_fcws.distri_132,base.py,py_ctrm_fcws.state_py_10
cit_5192,5192,PUERTO FELIPE,py_ctrm_fcws.distri_132,base.py,py_ctrm_fcws.state_py_10
cit_5193,5193,ROA RUGUA,py_ctrm_fcws.distri_132,base.py,py_ctrm_fcws.state_py_10
cit_5194,5194,SOLIS CUE,py_ctrm_fcws.distri_132,base.py,py_ctrm_fcws.state_py_10
cit_5195,5195,TUNA,py_ctrm_fcws.distri_132,base.py,py_ctrm_fcws.state_py_10
cit_5196,5196,ÑANDU RUA,py_ctrm_fcws.distri_132,base.py,py_ctrm_fcws.state_py_10
cit_5197,5197,ÑU AHI,py_ctrm_fcws.distri_132,base.py,py_ctrm_fcws.state_py_10
cit_5198,5198,ÑU APUA,py_ctrm_fcws.distri_132,base.py,py_ctrm_fcws.state_py_10
cit_5855,5855,ÑU APUA MI,py_ctrm_fcws.distri_132,base.py,py_ctrm_fcws.state_py_10
cit_5199,5199,PIRAYU,py_ctrm_fcws.distri_133,base.py,py_ctrm_fcws.state_py_10
cit_5200,5200,ARROYO SERVIN,py_ctrm_fcws.distri_133,base.py,py_ctrm_fcws.state_py_10
cit_5201,5201,ASCURRA,py_ctrm_fcws.distri_133,base.py,py_ctrm_fcws.state_py_10
cit_5202,5202,CAAGUY POTI,py_ctrm_fcws.distri_133,base.py,py_ctrm_fcws.state_py_10
cit_5203,5203,CERRO LEON,py_ctrm_fcws.distri_133,base.py,py_ctrm_fcws.state_py_10
cit_5204,5204,CERRO VERA,py_ctrm_fcws.distri_133,base.py,py_ctrm_fcws.state_py_10
cit_5205,5205,COSTA JHU,py_ctrm_fcws.distri_133,base.py,py_ctrm_fcws.state_py_10
cit_5206,5206,ESTACION CERRO LEON,py_ctrm_fcws.distri_133,base.py,py_ctrm_fcws.state_py_10
cit_5207,5207,PASO MALO,py_ctrm_fcws.distri_133,base.py,py_ctrm_fcws.state_py_10
cit_5208,5208,PIRAYU (MUNICIPIO),py_ctrm_fcws.distri_133,base.py,py_ctrm_fcws.state_py_10
cit_5208,5208,PIRAYU (MUNICIPIO),py_ctrm_fcws.distri_133,base.py,py_ctrm_fcws.state_py_10
cit_5208,5208,PIRAYU (MUNICIPIO),py_ctrm_fcws.distri_133,base.py,py_ctrm_fcws.state_py_10
cit_5208,5208,PIRAYU (MUNICIPIO),py_ctrm_fcws.distri_133,base.py,py_ctrm_fcws.state_py_10
cit_5209,5209,POTRERO AVENDANA,py_ctrm_fcws.distri_133,base.py,py_ctrm_fcws.state_py_10
cit_5210,5210,PUESTO PALMEROLA,py_ctrm_fcws.distri_133,base.py,py_ctrm_fcws.state_py_10
cit_5211,5211,SANJA JHU,py_ctrm_fcws.distri_133,base.py,py_ctrm_fcws.state_py_10
cit_5212,5212,TUYU CUE,py_ctrm_fcws.distri_133,base.py,py_ctrm_fcws.state_py_10
cit_5213,5213,TUYU CUA COCUE,py_ctrm_fcws.distri_133,base.py,py_ctrm_fcws.state_py_10
cit_5214,5214,YAGUARON YURU,py_ctrm_fcws.distri_133,base.py,py_ctrm_fcws.state_py_10
cit_5215,5215,YCUA CAHU,py_ctrm_fcws.distri_133,base.py,py_ctrm_fcws.state_py_10
cit_5856,5856,CERRO CUPE,py_ctrm_fcws.distri_133,base.py,py_ctrm_fcws.state_py_10
cit_5857,5857,LAS MERCEDES,py_ctrm_fcws.distri_133,base.py,py_ctrm_fcws.state_py_10
cit_5858,5858,TABAI,py_ctrm_fcws.distri_133,base.py,py_ctrm_fcws.state_py_10
cit_5859,5859,YAGUARON YURU RUGUA,py_ctrm_fcws.distri_133,base.py,py_ctrm_fcws.state_py_10
cit_5216,5216,QUIINDY,py_ctrm_fcws.distri_134,base.py,py_ctrm_fcws.state_py_10
cit_5217,5217,ACHOTE I,py_ctrm_fcws.distri_134,base.py,py_ctrm_fcws.state_py_10
cit_5218,5218,BUENA VISTA,py_ctrm_fcws.distri_134,base.py,py_ctrm_fcws.state_py_10
cit_5219,5219,CALLEJON,py_ctrm_fcws.distri_134,base.py,py_ctrm_fcws.state_py_10
cit_5220,5220,CMTE.PERALTA,py_ctrm_fcws.distri_134,base.py,py_ctrm_fcws.state_py_10
cit_5221,5221,COCUERE,py_ctrm_fcws.distri_134,base.py,py_ctrm_fcws.state_py_10
cit_5222,5222,COSTA GAONA,py_ctrm_fcws.distri_134,base.py,py_ctrm_fcws.state_py_10
cit_5223,5223,COSTA IRALA,py_ctrm_fcws.distri_134,base.py,py_ctrm_fcws.state_py_10
cit_5224,5224,CURUCAU,py_ctrm_fcws.distri_134,base.py,py_ctrm_fcws.state_py_10
cit_5225,5225,ESTANCIA R.I.ACHOTEI,py_ctrm_fcws.distri_134,base.py,py_ctrm_fcws.state_py_10
cit_5226,5226,ESTANCIA EGUSQUIZA,py_ctrm_fcws.distri_134,base.py,py_ctrm_fcws.state_py_10
cit_5227,5227,ESTANCIA LUJAN,py_ctrm_fcws.distri_134,base.py,py_ctrm_fcws.state_py_10
cit_5228,5228,ESTANCIA MARIA JULIANA,py_ctrm_fcws.distri_134,base.py,py_ctrm_fcws.state_py_10
cit_5229,5229,ESTANCIA PROSPERIDAD,py_ctrm_fcws.distri_134,base.py,py_ctrm_fcws.state_py_10
cit_5230,5230,ESTANCIA SAN ANTONIO,py_ctrm_fcws.distri_134,base.py,py_ctrm_fcws.state_py_10
cit_5231,5231,ESTANCIA SAN GERONIMO,py_ctrm_fcws.distri_134,base.py,py_ctrm_fcws.state_py_10
cit_5232,5232,ESTANCIA SANJA JHU,py_ctrm_fcws.distri_134,base.py,py_ctrm_fcws.state_py_10
cit_5233,5233,ESTANCIA SILVA,py_ctrm_fcws.distri_134,base.py,py_ctrm_fcws.state_py_10
cit_5234,5234,ESTANCIA VARGAS,py_ctrm_fcws.distri_134,base.py,py_ctrm_fcws.state_py_10
cit_5235,5235,ESTANCIA VARGAS (OJEDA CUE),py_ctrm_fcws.distri_134,base.py,py_ctrm_fcws.state_py_10
cit_5236,5236,FISCAL (ACHOTEI),py_ctrm_fcws.distri_134,base.py,py_ctrm_fcws.state_py_10
cit_5237,5237,ISLA CUPE (ACHOTEI),py_ctrm_fcws.distri_134,base.py,py_ctrm_fcws.state_py_10
cit_5238,5238,ITA CAJON,py_ctrm_fcws.distri_134,base.py,py_ctrm_fcws.state_py_10
cit_5239,5239,LOMA PYTA,py_ctrm_fcws.distri_134,base.py,py_ctrm_fcws.state_py_10
cit_5240,5240,QUIINDY MUNICIPIO,py_ctrm_fcws.distri_134,base.py,py_ctrm_fcws.state_py_10
cit_5240,5240,QUIINDY MUNICIPIO,py_ctrm_fcws.distri_134,base.py,py_ctrm_fcws.state_py_10
cit_5240,5240,QUIINDY MUNICIPIO,py_ctrm_fcws.distri_134,base.py,py_ctrm_fcws.state_py_10
cit_5240,5240,QUIINDY MUNICIPIO,py_ctrm_fcws.distri_134,base.py,py_ctrm_fcws.state_py_10
cit_5240,5240,QUIINDY MUNICIPIO,py_ctrm_fcws.distri_134,base.py,py_ctrm_fcws.state_py_10
cit_5241,5241,SAN LORENZO,py_ctrm_fcws.distri_134,base.py,py_ctrm_fcws.state_py_10
cit_5242,5242,VALLE APUA,py_ctrm_fcws.distri_134,base.py,py_ctrm_fcws.state_py_10
cit_5243,5243,TOBATY CUA,py_ctrm_fcws.distri_134,base.py,py_ctrm_fcws.state_py_10
cit_5860,5860,CAÑADA,py_ctrm_fcws.distri_134,base.py,py_ctrm_fcws.state_py_10
cit_5861,5861,COSTA JHU,py_ctrm_fcws.distri_134,base.py,py_ctrm_fcws.state_py_10
cit_5862,5862,ESTANCIA LAS MERCEDES,py_ctrm_fcws.distri_134,base.py,py_ctrm_fcws.state_py_10
cit_5863,5863,ESTANCIA SANTA ISABEL,py_ctrm_fcws.distri_134,base.py,py_ctrm_fcws.state_py_10
cit_5864,5864,LAUREL TY,py_ctrm_fcws.distri_134,base.py,py_ctrm_fcws.state_py_10
cit_5865,5865,TACUARY,py_ctrm_fcws.distri_134,base.py,py_ctrm_fcws.state_py_10
cit_5244,5244,ROQUE GONZALEZ,py_ctrm_fcws.distri_135,base.py,py_ctrm_fcws.state_py_10
cit_5245,5245,ARAZA TY,py_ctrm_fcws.distri_135,base.py,py_ctrm_fcws.state_py_10
cit_5246,5246,CERRITO,py_ctrm_fcws.distri_135,base.py,py_ctrm_fcws.state_py_10
cit_5247,5247,ESTANCIA CARANDAYTY,py_ctrm_fcws.distri_135,base.py,py_ctrm_fcws.state_py_10
cit_5248,5248,ESTANCIA CARAYA,py_ctrm_fcws.distri_135,base.py,py_ctrm_fcws.state_py_10
cit_5249,5249,ESTANCIA CARAYA RUGUA,py_ctrm_fcws.distri_135,base.py,py_ctrm_fcws.state_py_10
cit_5250,5250,ESTANCIA ISLA LEON,py_ctrm_fcws.distri_135,base.py,py_ctrm_fcws.state_py_10
cit_5251,5251,ESTANCIA MARTINEZ,py_ctrm_fcws.distri_135,base.py,py_ctrm_fcws.state_py_10
cit_5252,5252,ESTANCIA VARGAS,py_ctrm_fcws.distri_135,base.py,py_ctrm_fcws.state_py_10
cit_5253,5253,MATACHI,py_ctrm_fcws.distri_135,base.py,py_ctrm_fcws.state_py_10
cit_5254,5254,MBOCAYATY,py_ctrm_fcws.distri_135,base.py,py_ctrm_fcws.state_py_10
cit_5255,5255,MOQUETA,py_ctrm_fcws.distri_135,base.py,py_ctrm_fcws.state_py_10
cit_5256,5256,PORTILLO,py_ctrm_fcws.distri_135,base.py,py_ctrm_fcws.state_py_10
cit_5257,5257,POTRERO,py_ctrm_fcws.distri_135,base.py,py_ctrm_fcws.state_py_10
cit_5258,5258,PUESTO BERUJA,py_ctrm_fcws.distri_135,base.py,py_ctrm_fcws.state_py_10
cit_5259,5259,RINCON,py_ctrm_fcws.distri_135,base.py,py_ctrm_fcws.state_py_10
cit_5260,5260,ROQUE GONZALEZ (MUNICIPIO),py_ctrm_fcws.distri_135,base.py,py_ctrm_fcws.state_py_10
cit_5260,5260,ROQUE GONZALEZ (MUNICIPIO),py_ctrm_fcws.distri_135,base.py,py_ctrm_fcws.state_py_10
cit_5260,5260,ROQUE GONZALEZ (MUNICIPIO),py_ctrm_fcws.distri_135,base.py,py_ctrm_fcws.state_py_10
cit_5260,5260,ROQUE GONZALEZ (MUNICIPIO),py_ctrm_fcws.distri_135,base.py,py_ctrm_fcws.state_py_10
cit_5261,5261,SIMBRON,py_ctrm_fcws.distri_135,base.py,py_ctrm_fcws.state_py_10
cit_5866,5866,CAÑADA,py_ctrm_fcws.distri_135,base.py,py_ctrm_fcws.state_py_10
cit_5262,5262,SAPUCAI,py_ctrm_fcws.distri_136,base.py,py_ctrm_fcws.state_py_10
cit_5263,5263,ARROYO PORA,py_ctrm_fcws.distri_136,base.py,py_ctrm_fcws.state_py_10
cit_5264,5264,BOLAS CUE,py_ctrm_fcws.distri_136,base.py,py_ctrm_fcws.state_py_10
cit_5265,5265,CERRO ROQUE,py_ctrm_fcws.distri_136,base.py,py_ctrm_fcws.state_py_10
cit_5266,5266,CERRO VERDE,py_ctrm_fcws.distri_136,base.py,py_ctrm_fcws.state_py_10
cit_5267,5267,CHIRCAL,py_ctrm_fcws.distri_136,base.py,py_ctrm_fcws.state_py_10
cit_5268,5268,COL.A. IRALA,py_ctrm_fcws.distri_136,base.py,py_ctrm_fcws.state_py_10
cit_5269,5269,COL.SANTA ISABEL,py_ctrm_fcws.distri_136,base.py,py_ctrm_fcws.state_py_10
cit_5270,5270,COSTA IRALA,py_ctrm_fcws.distri_136,base.py,py_ctrm_fcws.state_py_10
cit_5271,5271,LOMA,py_ctrm_fcws.distri_136,base.py,py_ctrm_fcws.state_py_10
cit_5272,5272,MBOCAYA,py_ctrm_fcws.distri_136,base.py,py_ctrm_fcws.state_py_10
cit_5273,5273,MBOPI CUA,py_ctrm_fcws.distri_136,base.py,py_ctrm_fcws.state_py_10
cit_5274,5274,POTRERO GUAYAIBI,py_ctrm_fcws.distri_136,base.py,py_ctrm_fcws.state_py_10
cit_5275,5275,POTRERO VILLALBA,py_ctrm_fcws.distri_136,base.py,py_ctrm_fcws.state_py_10
cit_5276,5276,SAPUCAI (MUNICIPIO),py_ctrm_fcws.distri_136,base.py,py_ctrm_fcws.state_py_10
cit_5276,5276,SAPUCAI (MUNICIPIO),py_ctrm_fcws.distri_136,base.py,py_ctrm_fcws.state_py_10
cit_5276,5276,SAPUCAI (MUNICIPIO),py_ctrm_fcws.distri_136,base.py,py_ctrm_fcws.state_py_10
cit_5277,5277,YARIGUA-A,py_ctrm_fcws.distri_136,base.py,py_ctrm_fcws.state_py_10
cit_5278,5278,YBYRATY,py_ctrm_fcws.distri_136,base.py,py_ctrm_fcws.state_py_10
cit_5279,5279,YBYCUI,py_ctrm_fcws.distri_137,base.py,py_ctrm_fcws.state_py_10
cit_5279,5279,YBYCUI,py_ctrm_fcws.distri_137,base.py,py_ctrm_fcws.state_py_10
cit_5279,5279,YBYCUI,py_ctrm_fcws.distri_137,base.py,py_ctrm_fcws.state_py_10
cit_5279,5279,YBYCUI,py_ctrm_fcws.distri_137,base.py,py_ctrm_fcws.state_py_10
cit_5279,5279,YBYCUI,py_ctrm_fcws.distri_137,base.py,py_ctrm_fcws.state_py_10
cit_5280,5280,ARAZA TY,py_ctrm_fcws.distri_137,base.py,py_ctrm_fcws.state_py_10
cit_5281,5281,BARRIO SAN JOSE,py_ctrm_fcws.distri_137,base.py,py_ctrm_fcws.state_py_10
cit_5282,5282,BARRIO SAN LEON,py_ctrm_fcws.distri_137,base.py,py_ctrm_fcws.state_py_10
cit_5283,5283,BARRIO SAN MIGUEL,py_ctrm_fcws.distri_137,base.py,py_ctrm_fcws.state_py_10
cit_5284,5284,CAAGUY CUPE,py_ctrm_fcws.distri_137,base.py,py_ctrm_fcws.state_py_10
cit_5285,5285,CABALLERO PUNTA,py_ctrm_fcws.distri_137,base.py,py_ctrm_fcws.state_py_10
cit_5286,5286,CAPILLA LOMA,py_ctrm_fcws.distri_137,base.py,py_ctrm_fcws.state_py_10
cit_5287,5287,CAPILLITA,py_ctrm_fcws.distri_137,base.py,py_ctrm_fcws.state_py_10
cit_5288,5288,CARAGUATA RUA,py_ctrm_fcws.distri_137,base.py,py_ctrm_fcws.state_py_10
cit_5289,5289,CARAI MI,py_ctrm_fcws.distri_137,base.py,py_ctrm_fcws.state_py_10
cit_5290,5290,CARBON CUE,py_ctrm_fcws.distri_137,base.py,py_ctrm_fcws.state_py_10
cit_5291,5291,CERRO ACHON,py_ctrm_fcws.distri_137,base.py,py_ctrm_fcws.state_py_10
cit_5292,5292,CERRO CARAPE,py_ctrm_fcws.distri_137,base.py,py_ctrm_fcws.state_py_10
cit_5293,5293,CARRO CORA,py_ctrm_fcws.distri_137,base.py,py_ctrm_fcws.state_py_10
cit_5294,5294,CERRO SAUCE,py_ctrm_fcws.distri_137,base.py,py_ctrm_fcws.state_py_10
cit_5295,5295,COL. GOIBURU,py_ctrm_fcws.distri_137,base.py,py_ctrm_fcws.state_py_10
cit_5296,5296,CORDILLERA,py_ctrm_fcws.distri_137,base.py,py_ctrm_fcws.state_py_10
cit_5297,5297,COSTA,py_ctrm_fcws.distri_137,base.py,py_ctrm_fcws.state_py_10
cit_5298,5298,ENTRE RIOS,py_ctrm_fcws.distri_137,base.py,py_ctrm_fcws.state_py_10
cit_5299,5299,ESTANCIA BENITEZ,py_ctrm_fcws.distri_137,base.py,py_ctrm_fcws.state_py_10
cit_5300,5300,ISLA P.,py_ctrm_fcws.distri_137,base.py,py_ctrm_fcws.state_py_10
cit_5301,5301,MBOCARUZU,py_ctrm_fcws.distri_137,base.py,py_ctrm_fcws.state_py_10
cit_5302,5302,MBOCAYA PUCU,py_ctrm_fcws.distri_137,base.py,py_ctrm_fcws.state_py_10
cit_5303,5303,MBOPI CUA,py_ctrm_fcws.distri_137,base.py,py_ctrm_fcws.state_py_10
cit_5304,5304,MINAS CUE,py_ctrm_fcws.distri_137,base.py,py_ctrm_fcws.state_py_10
cit_5305,5305,NARANJA JHEENDY,py_ctrm_fcws.distri_137,base.py,py_ctrm_fcws.state_py_10
cit_5306,5306,PALACIOS CUE,py_ctrm_fcws.distri_137,base.py,py_ctrm_fcws.state_py_10
cit_5307,5307,PASO PARED,py_ctrm_fcws.distri_137,base.py,py_ctrm_fcws.state_py_10
cit_5308,5308,PASO PINDO,py_ctrm_fcws.distri_137,base.py,py_ctrm_fcws.state_py_10
cit_5309,5309,PEREIRA PEREIRA CUE,py_ctrm_fcws.distri_137,base.py,py_ctrm_fcws.state_py_10
cit_5310,5310,POTRERO ALTO,py_ctrm_fcws.distri_137,base.py,py_ctrm_fcws.state_py_10
cit_5311,5311,PUESTO LA VIRGEN DE LA PAZ,py_ctrm_fcws.distri_137,base.py,py_ctrm_fcws.state_py_10
cit_5312,5312,RINCON GUAZU,py_ctrm_fcws.distri_137,base.py,py_ctrm_fcws.state_py_10
cit_5313,5313,RINCON I,py_ctrm_fcws.distri_137,base.py,py_ctrm_fcws.state_py_10
cit_5314,5314,SANTA ANGELA,py_ctrm_fcws.distri_137,base.py,py_ctrm_fcws.state_py_10
cit_5315,5315,SANTA TERESITA,py_ctrm_fcws.distri_137,base.py,py_ctrm_fcws.state_py_10
cit_5316,5316,TACUAPITY,py_ctrm_fcws.distri_137,base.py,py_ctrm_fcws.state_py_10
cit_5317,5317,TACUARY,py_ctrm_fcws.distri_137,base.py,py_ctrm_fcws.state_py_10
cit_5318,5318,VARGAS LOMA,py_ctrm_fcws.distri_137,base.py,py_ctrm_fcws.state_py_10
cit_5319,5319,YATAITY,py_ctrm_fcws.distri_137,base.py,py_ctrm_fcws.state_py_10
cit_5320,5320,YBYCUI PUNTA,py_ctrm_fcws.distri_137,base.py,py_ctrm_fcws.state_py_10
cit_5321,5321,QUYQUYHO,py_ctrm_fcws.distri_138,base.py,py_ctrm_fcws.state_py_10
cit_5322,5322,CERRO FRENTE,py_ctrm_fcws.distri_138,base.py,py_ctrm_fcws.state_py_10
cit_5323,5323,CERRO GUY,py_ctrm_fcws.distri_138,base.py,py_ctrm_fcws.state_py_10
cit_5324,5324,COL.FULGENCIO YEGROS (COSTA),py_ctrm_fcws.distri_138,base.py,py_ctrm_fcws.state_py_10
cit_5325,5325,COL.FULGENCIO YEGROS (LOMA),py_ctrm_fcws.distri_138,base.py,py_ctrm_fcws.state_py_10
cit_5326,5326,COSTA OLAZAR,py_ctrm_fcws.distri_138,base.py,py_ctrm_fcws.state_py_10
cit_5327,5327,CURUZU LACU,py_ctrm_fcws.distri_138,base.py,py_ctrm_fcws.state_py_10
cit_5328,5328,ESPINILLAR,py_ctrm_fcws.distri_138,base.py,py_ctrm_fcws.state_py_10
cit_5329,5329,ESTANCIA BARRIOS,py_ctrm_fcws.distri_138,base.py,py_ctrm_fcws.state_py_10
cit_5330,5330,ESTANCIA ISLA PORA YAGUARY,py_ctrm_fcws.distri_138,base.py,py_ctrm_fcws.state_py_10
cit_5331,5331,ESTANCIA N.CANO DEBERNARDI,py_ctrm_fcws.distri_138,base.py,py_ctrm_fcws.state_py_10
cit_5332,5332,ESTANCIA NARANJITO,py_ctrm_fcws.distri_138,base.py,py_ctrm_fcws.state_py_10
cit_5333,5333,ESTANCIA YTORORO,py_ctrm_fcws.distri_138,base.py,py_ctrm_fcws.state_py_10
cit_5334,5334,GUAZU CORA,py_ctrm_fcws.distri_138,base.py,py_ctrm_fcws.state_py_10
cit_5335,5335,ISLA VALLE,py_ctrm_fcws.distri_138,base.py,py_ctrm_fcws.state_py_10
cit_5336,5336,LOMA GUAZU,py_ctrm_fcws.distri_138,base.py,py_ctrm_fcws.state_py_10
cit_5337,5337,MBOI CAE,py_ctrm_fcws.distri_138,base.py,py_ctrm_fcws.state_py_10
cit_5338,5338,PUERTO LIZZA,py_ctrm_fcws.distri_138,base.py,py_ctrm_fcws.state_py_10
cit_5339,5339,QUYQUYHO (MUNICIPIO),py_ctrm_fcws.distri_138,base.py,py_ctrm_fcws.state_py_10
cit_5339,5339,QUYQUYHO (MUNICIPIO),py_ctrm_fcws.distri_138,base.py,py_ctrm_fcws.state_py_10
cit_5339,5339,QUYQUYHO (MUNICIPIO),py_ctrm_fcws.distri_138,base.py,py_ctrm_fcws.state_py_10
cit_5340,5340,SAN JOSE (IBAÑEZ),py_ctrm_fcws.distri_138,base.py,py_ctrm_fcws.state_py_10
cit_5341,5341,SAN LUIS,py_ctrm_fcws.distri_138,base.py,py_ctrm_fcws.state_py_10
cit_5342,5342,YAGUARY,py_ctrm_fcws.distri_138,base.py,py_ctrm_fcws.state_py_10
cit_5343,5343,YBYTYMI,py_ctrm_fcws.distri_139,base.py,py_ctrm_fcws.state_py_10
cit_5344,5344,AÑAZCO,py_ctrm_fcws.distri_139,base.py,py_ctrm_fcws.state_py_10
cit_5345,5345,BARRIO ESTACION,py_ctrm_fcws.distri_139,base.py,py_ctrm_fcws.state_py_10
cit_5346,5346,BARRIO POTRERITO,py_ctrm_fcws.distri_139,base.py,py_ctrm_fcws.state_py_10
cit_5347,5347,CAÑADA,py_ctrm_fcws.distri_139,base.py,py_ctrm_fcws.state_py_10
cit_5348,5348,CERRO GUY,py_ctrm_fcws.distri_139,base.py,py_ctrm_fcws.state_py_10
cit_5349,5349,CERRO SAN ANTONIO,py_ctrm_fcws.distri_139,base.py,py_ctrm_fcws.state_py_10
cit_5350,5350,CHINI,py_ctrm_fcws.distri_139,base.py,py_ctrm_fcws.state_py_10
cit_5351,5351,COL. NESTOR L. VERA,py_ctrm_fcws.distri_139,base.py,py_ctrm_fcws.state_py_10
cit_5352,5352,ESTANCIA BASEDAU,py_ctrm_fcws.distri_139,base.py,py_ctrm_fcws.state_py_10
cit_5353,5353,ISLA,py_ctrm_fcws.distri_139,base.py,py_ctrm_fcws.state_py_10
cit_5354,5354,JHUGUA GUAZU,py_ctrm_fcws.distri_139,base.py,py_ctrm_fcws.state_py_10
cit_5355,5355,LOTE NUEVO,py_ctrm_fcws.distri_139,base.py,py_ctrm_fcws.state_py_10
cit_5356,5356,M.VARGAS CUE,py_ctrm_fcws.distri_139,base.py,py_ctrm_fcws.state_py_10
cit_5357,5357,MARTINEZ CUE,py_ctrm_fcws.distri_139,base.py,py_ctrm_fcws.state_py_10
cit_5358,5358,PINDOTY,py_ctrm_fcws.distri_139,base.py,py_ctrm_fcws.state_py_10
cit_5359,5359,POTRERITO,py_ctrm_fcws.distri_139,base.py,py_ctrm_fcws.state_py_10
cit_5360,5360,POTRERO GARAY,py_ctrm_fcws.distri_139,base.py,py_ctrm_fcws.state_py_10
cit_5361,5361,PUERTO MEZA,py_ctrm_fcws.distri_139,base.py,py_ctrm_fcws.state_py_10
cit_5362,5362,PUERTO OVIEDO,py_ctrm_fcws.distri_139,base.py,py_ctrm_fcws.state_py_10
cit_5363,5363,RINCON,py_ctrm_fcws.distri_139,base.py,py_ctrm_fcws.state_py_10
cit_5364,5364,RIVAROLAS CUE,py_ctrm_fcws.distri_139,base.py,py_ctrm_fcws.state_py_10
cit_5365,5365,SOLA ESCOBAR,py_ctrm_fcws.distri_139,base.py,py_ctrm_fcws.state_py_10
cit_5366,5366,YBYTYMI (MUNICIPIO),py_ctrm_fcws.distri_139,base.py,py_ctrm_fcws.state_py_10
cit_5366,5366,YBYTYMI (MUNICIPIO),py_ctrm_fcws.distri_139,base.py,py_ctrm_fcws.state_py_10
cit_5366,5366,YBYTYMI (MUNICIPIO),py_ctrm_fcws.distri_139,base.py,py_ctrm_fcws.state_py_10
cit_5366,5366,YBYTYMI (MUNICIPIO),py_ctrm_fcws.distri_139,base.py,py_ctrm_fcws.state_py_10
cit_5867,5867,TUCUMAN PARAGUAYO,py_ctrm_fcws.distri_139,base.py,py_ctrm_fcws.state_py_10
cit_5367,5367,TEBICUARY MI,py_ctrm_fcws.distri_140,base.py,py_ctrm_fcws.state_py_10
cit_5368,5368,CAPINARI,py_ctrm_fcws.distri_140,base.py,py_ctrm_fcws.state_py_10
cit_5369,5369,CHACRA SUR,py_ctrm_fcws.distri_140,base.py,py_ctrm_fcws.state_py_10
cit_5370,5370,LOMA PINDO,py_ctrm_fcws.distri_140,base.py,py_ctrm_fcws.state_py_10
cit_5371,5371,CAAGUY POTI,py_ctrm_fcws.distri_141,base.py,py_ctrm_fcws.state_py_10
cit_5372,5372,CALLE POI,py_ctrm_fcws.distri_141,base.py,py_ctrm_fcws.state_py_10
cit_5373,5373,CARAUGUA,py_ctrm_fcws.distri_141,base.py,py_ctrm_fcws.state_py_10
cit_5374,5374,CERRO GUY,py_ctrm_fcws.distri_141,base.py,py_ctrm_fcws.state_py_10
cit_5375,5375,ESTANCIA TALAVERA,py_ctrm_fcws.distri_141,base.py,py_ctrm_fcws.state_py_10
cit_5376,5376,GUARAPI,py_ctrm_fcws.distri_141,base.py,py_ctrm_fcws.state_py_10
cit_5377,5377,GUAYAIBI TY,py_ctrm_fcws.distri_141,base.py,py_ctrm_fcws.state_py_10
cit_5378,5378,ITA POTRERO,py_ctrm_fcws.distri_141,base.py,py_ctrm_fcws.state_py_10
cit_5379,5379,PEGUAJHO,py_ctrm_fcws.distri_141,base.py,py_ctrm_fcws.state_py_10
cit_5380,5380,PIRAYU CALLE,py_ctrm_fcws.distri_141,base.py,py_ctrm_fcws.state_py_10
cit_5381,5381,PORORO,py_ctrm_fcws.distri_141,base.py,py_ctrm_fcws.state_py_10
cit_5382,5382,POTRERO YBATE,py_ctrm_fcws.distri_141,base.py,py_ctrm_fcws.state_py_10
cit_5383,5383,PUESTO PRIMERA VISTA,py_ctrm_fcws.distri_141,base.py,py_ctrm_fcws.state_py_10
cit_5384,5384,PUESTO I,py_ctrm_fcws.distri_141,base.py,py_ctrm_fcws.state_py_10
cit_5385,5385,SAMBRONNI,py_ctrm_fcws.distri_141,base.py,py_ctrm_fcws.state_py_10
cit_5386,5386,TACUMBU,py_ctrm_fcws.distri_141,base.py,py_ctrm_fcws.state_py_10
cit_5387,5387,YAGUARON (MUNICIPIO),py_ctrm_fcws.distri_141,base.py,py_ctrm_fcws.state_py_10
cit_5387,5387,YAGUARON (MUNICIPIO),py_ctrm_fcws.distri_141,base.py,py_ctrm_fcws.state_py_10
cit_5387,5387,YAGUARON (MUNICIPIO),py_ctrm_fcws.distri_141,base.py,py_ctrm_fcws.state_py_10
cit_5387,5387,YAGUARON (MUNICIPIO),py_ctrm_fcws.distri_141,base.py,py_ctrm_fcws.state_py_10
cit_5387,5387,YAGUARON (MUNICIPIO),py_ctrm_fcws.distri_141,base.py,py_ctrm_fcws.state_py_10
cit_5388,5388,ZAGUAZU,py_ctrm_fcws.distri_141,base.py,py_ctrm_fcws.state_py_10
cit_5389,5389,ZAYAS,py_ctrm_fcws.distri_141,base.py,py_ctrm_fcws.state_py_10
cit_5390,5390,ÑUATI JHUA POI,py_ctrm_fcws.distri_141,base.py,py_ctrm_fcws.state_py_10
cit_5391,5391,ÑUATI,py_ctrm_fcws.distri_141,base.py,py_ctrm_fcws.state_py_10
cit_5392,5392,ÑUATI CALLE,py_ctrm_fcws.distri_141,base.py,py_ctrm_fcws.state_py_10
cit_5868,5868,YAGUARON,py_ctrm_fcws.distri_141,base.py,py_ctrm_fcws.state_py_10
cit_5869,5869,CURUPAYTY,py_ctrm_fcws.distri_141,base.py,py_ctrm_fcws.state_py_10
cit_5870,5870,MBARITY,py_ctrm_fcws.distri_141,base.py,py_ctrm_fcws.state_py_10
cit_5871,5871,POTRERO,py_ctrm_fcws.distri_141,base.py,py_ctrm_fcws.state_py_10
cit_5872,5872,TACUARINDY,py_ctrm_fcws.distri_141,base.py,py_ctrm_fcws.state_py_10
cit_5873,5873,ÑANDUA,py_ctrm_fcws.distri_141,base.py,py_ctrm_fcws.state_py_10
cit_5874,5874,ÑUATI GUAZU,py_ctrm_fcws.distri_141,base.py,py_ctrm_fcws.state_py_10
cit_3298,3298,PUERTO STAMATO,py_ctrm_fcws.distri_142,base.py,py_ctrm_fcws.state_py_11
cit_3299,3299,PUERTO TACURUPUCU,py_ctrm_fcws.distri_142,base.py,py_ctrm_fcws.state_py_11
cit_3300,3300,PUERTO TRES TIMBO,py_ctrm_fcws.distri_142,base.py,py_ctrm_fcws.state_py_11
cit_3301,3301,RANCHO POTRERO,py_ctrm_fcws.distri_142,base.py,py_ctrm_fcws.state_py_11
cit_3302,3302,ROMERO CUE,py_ctrm_fcws.distri_142,base.py,py_ctrm_fcws.state_py_11
cit_3303,3303,SALVADORA,py_ctrm_fcws.distri_142,base.py,py_ctrm_fcws.state_py_11
cit_3304,3304,SAN ISIDRO,py_ctrm_fcws.distri_142,base.py,py_ctrm_fcws.state_py_11
cit_3305,3305,SAN JUAN RUGUA,py_ctrm_fcws.distri_142,base.py,py_ctrm_fcws.state_py_11
cit_3306,3306,SEGUNDA REPRESA TATI-YUPI,py_ctrm_fcws.distri_142,base.py,py_ctrm_fcws.state_py_11
cit_3307,3307,SOCORRO,py_ctrm_fcws.distri_142,base.py,py_ctrm_fcws.state_py_11
cit_3308,3308,TAPE PUCU GRAL.DIAZ,py_ctrm_fcws.distri_142,base.py,py_ctrm_fcws.state_py_11
cit_3309,3309,TATI YUPI,py_ctrm_fcws.distri_142,base.py,py_ctrm_fcws.state_py_11
cit_3310,3310,TATI YUPI (RESIDENCIAL),py_ctrm_fcws.distri_142,base.py,py_ctrm_fcws.state_py_11
cit_3311,3311,VILLA SAN FRANCISCO,py_ctrm_fcws.distri_142,base.py,py_ctrm_fcws.state_py_11
cit_3312,3312,VIRGEN DE FATIMA,py_ctrm_fcws.distri_142,base.py,py_ctrm_fcws.state_py_11
cit_3313,3313,VIUDA CUE,py_ctrm_fcws.distri_142,base.py,py_ctrm_fcws.state_py_11
cit_3314,3314,YBYTU ROCAI,py_ctrm_fcws.distri_142,base.py,py_ctrm_fcws.state_py_11
cit_4605,4605,NUEVA ESPERANZA,py_ctrm_fcws.distri_142,base.py,py_ctrm_fcws.state_py_11
cit_5393,5393,HERNANDARIAS,py_ctrm_fcws.distri_142,base.py,py_ctrm_fcws.state_py_11
cit_5394,5394,COL. ACARAY,py_ctrm_fcws.distri_142,base.py,py_ctrm_fcws.state_py_11
cit_5395,5395,FAZENDA DE LICO,py_ctrm_fcws.distri_142,base.py,py_ctrm_fcws.state_py_11
cit_5396,5396,FORTUNA,py_ctrm_fcws.distri_142,base.py,py_ctrm_fcws.state_py_11
cit_5397,5397,GRAL.DIAZ (TAPYI),py_ctrm_fcws.distri_142,base.py,py_ctrm_fcws.state_py_11
cit_5398,5398,GRANJA M. CRISTINA,py_ctrm_fcws.distri_142,base.py,py_ctrm_fcws.state_py_11
cit_5399,5399,GRANJA NUEVA COREA,py_ctrm_fcws.distri_142,base.py,py_ctrm_fcws.state_py_11
cit_5400,5400,HERNANDARIAS (MUNICIPIO),py_ctrm_fcws.distri_142,base.py,py_ctrm_fcws.state_py_11
cit_5400,5400,HERNANDARIAS (MUNICIPIO),py_ctrm_fcws.distri_142,base.py,py_ctrm_fcws.state_py_11
cit_5400,5400,HERNANDARIAS (MUNICIPIO),py_ctrm_fcws.distri_142,base.py,py_ctrm_fcws.state_py_11
cit_5400,5400,HERNANDARIAS (MUNICIPIO),py_ctrm_fcws.distri_142,base.py,py_ctrm_fcws.state_py_11
cit_5400,5400,HERNANDARIAS (MUNICIPIO),py_ctrm_fcws.distri_142,base.py,py_ctrm_fcws.state_py_11
cit_5400,5400,HERNANDARIAS (MUNICIPIO),py_ctrm_fcws.distri_142,base.py,py_ctrm_fcws.state_py_11
cit_5400,5400,HERNANDARIAS (MUNICIPIO),py_ctrm_fcws.distri_142,base.py,py_ctrm_fcws.state_py_11
cit_5400,5400,HERNANDARIAS (MUNICIPIO),py_ctrm_fcws.distri_142,base.py,py_ctrm_fcws.state_py_11
cit_5400,5400,HERNANDARIAS (MUNICIPIO),py_ctrm_fcws.distri_142,base.py,py_ctrm_fcws.state_py_11
cit_5400,5400,HERNANDARIAS (MUNICIPIO),py_ctrm_fcws.distri_142,base.py,py_ctrm_fcws.state_py_11
cit_5400,5400,HERNANDARIAS (MUNICIPIO),py_ctrm_fcws.distri_142,base.py,py_ctrm_fcws.state_py_11
cit_5400,5400,HERNANDARIAS (MUNICIPIO),py_ctrm_fcws.distri_142,base.py,py_ctrm_fcws.state_py_11
cit_5400,5400,HERNANDARIAS (MUNICIPIO),py_ctrm_fcws.distri_142,base.py,py_ctrm_fcws.state_py_11
cit_5400,5400,HERNANDARIAS (MUNICIPIO),py_ctrm_fcws.distri_142,base.py,py_ctrm_fcws.state_py_11
cit_5400,5400,HERNANDARIAS (MUNICIPIO),py_ctrm_fcws.distri_142,base.py,py_ctrm_fcws.state_py_11
cit_5400,5400,HERNANDARIAS (MUNICIPIO),py_ctrm_fcws.distri_142,base.py,py_ctrm_fcws.state_py_11
cit_5400,5400,HERNANDARIAS (MUNICIPIO),py_ctrm_fcws.distri_142,base.py,py_ctrm_fcws.state_py_11
cit_5400,5400,HERNANDARIAS (MUNICIPIO),py_ctrm_fcws.distri_142,base.py,py_ctrm_fcws.state_py_11
cit_5401,5401,HIDROELECTRICA ACARAY,py_ctrm_fcws.distri_142,base.py,py_ctrm_fcws.state_py_11
cit_5402,5402,KILOMETRO 10 GUARANI,py_ctrm_fcws.distri_142,base.py,py_ctrm_fcws.state_py_11
cit_5403,5403,KILOMETRO 16,py_ctrm_fcws.distri_142,base.py,py_ctrm_fcws.state_py_11
cit_5404,5404,KILOMETRO 2,py_ctrm_fcws.distri_142,base.py,py_ctrm_fcws.state_py_11
cit_5405,5405,KILOMETRO 20 SAN MANUEL,py_ctrm_fcws.distri_142,base.py,py_ctrm_fcws.state_py_11
cit_5406,5406,KILOMETRO 4,py_ctrm_fcws.distri_142,base.py,py_ctrm_fcws.state_py_11
cit_5407,5407,LINEA GRAL.DIAZ,py_ctrm_fcws.distri_142,base.py,py_ctrm_fcws.state_py_11
cit_5408,5408,MBARACA RUA,py_ctrm_fcws.distri_142,base.py,py_ctrm_fcws.state_py_11
cit_5409,5409,MBOI CUA,py_ctrm_fcws.distri_142,base.py,py_ctrm_fcws.state_py_11
cit_5410,5410,OCAMPO CUE,py_ctrm_fcws.distri_142,base.py,py_ctrm_fcws.state_py_11
cit_5411,5411,ORLANDO CUE,py_ctrm_fcws.distri_142,base.py,py_ctrm_fcws.state_py_11
cit_5412,5412,PALMITAL CELSO PARINI,py_ctrm_fcws.distri_142,base.py,py_ctrm_fcws.state_py_11
cit_5413,5413,PASO FALSO,py_ctrm_fcws.distri_142,base.py,py_ctrm_fcws.state_py_11
cit_5414,5414,PASO ITA,py_ctrm_fcws.distri_142,base.py,py_ctrm_fcws.state_py_11
cit_5415,5415,PATRIMONIO PARAGUAZIL,py_ctrm_fcws.distri_142,base.py,py_ctrm_fcws.state_py_11
cit_5416,5416,PENGO HERNANDARIAS (HERU),py_ctrm_fcws.distri_142,base.py,py_ctrm_fcws.state_py_11
cit_5417,5417,PIKYRY,py_ctrm_fcws.distri_142,base.py,py_ctrm_fcws.state_py_11
cit_5418,5418,PIRA PYTA,py_ctrm_fcws.distri_142,base.py,py_ctrm_fcws.state_py_11
cit_5419,5419,PLANCHADA TALAVERA,py_ctrm_fcws.distri_142,base.py,py_ctrm_fcws.state_py_11
cit_5420,5420,PRIMERA REPRESA TATI-YUPI,py_ctrm_fcws.distri_142,base.py,py_ctrm_fcws.state_py_11
cit_5421,5421,PUERTO ARMITICIO,py_ctrm_fcws.distri_142,base.py,py_ctrm_fcws.state_py_11
cit_5422,5422,PUERTO CARMEN,py_ctrm_fcws.distri_142,base.py,py_ctrm_fcws.state_py_11
cit_5423,5423,PUERTO CURUPAYTY,py_ctrm_fcws.distri_142,base.py,py_ctrm_fcws.state_py_11
cit_5424,5424,PUERTO DORITA,py_ctrm_fcws.distri_142,base.py,py_ctrm_fcws.state_py_11
cit_5425,5425,PUERTO GRAL.DIAZ,py_ctrm_fcws.distri_142,base.py,py_ctrm_fcws.state_py_11
cit_5426,5426,PUERTO INDIO,py_ctrm_fcws.distri_142,base.py,py_ctrm_fcws.state_py_11
cit_5427,5427,PUERTO IRENE,py_ctrm_fcws.distri_142,base.py,py_ctrm_fcws.state_py_11
cit_5428,5428,PUERTO ITABO,py_ctrm_fcws.distri_142,base.py,py_ctrm_fcws.state_py_11
cit_5429,5429,PUERTO ITAIPYTE,py_ctrm_fcws.distri_142,base.py,py_ctrm_fcws.state_py_11
cit_5430,5430,PUERTO LAURA,py_ctrm_fcws.distri_142,base.py,py_ctrm_fcws.state_py_11
cit_5431,5431,PUERTO LIMOY,py_ctrm_fcws.distri_142,base.py,py_ctrm_fcws.state_py_11
cit_5432,5432,PUERTO PALMA,py_ctrm_fcws.distri_142,base.py,py_ctrm_fcws.state_py_11
cit_5433,5433,PUERTO SANTA TERESA,py_ctrm_fcws.distri_142,base.py,py_ctrm_fcws.state_py_11
cit_5434,5434,PUERTO SAUCE,py_ctrm_fcws.distri_142,base.py,py_ctrm_fcws.state_py_11
cit_5875,5875,FELIX DE AZARA,py_ctrm_fcws.distri_142,base.py,py_ctrm_fcws.state_py_11
cit_5876,5876,INDARTE CUE,py_ctrm_fcws.distri_142,base.py,py_ctrm_fcws.state_py_11
cit_5877,5877,KILOMETRO 3,py_ctrm_fcws.distri_142,base.py,py_ctrm_fcws.state_py_11
cit_5878,5878,MISION VERBO DIVINO,py_ctrm_fcws.distri_142,base.py,py_ctrm_fcws.state_py_11
cit_3315,3315,DOMINGO MARTINEZ DE IRALA,py_ctrm_fcws.distri_143,base.py,py_ctrm_fcws.state_py_11
cit_3316,3316,ANGELITO CUE,py_ctrm_fcws.distri_143,base.py,py_ctrm_fcws.state_py_11
cit_3317,3317,ARROYO GUAYAQUI,py_ctrm_fcws.distri_143,base.py,py_ctrm_fcws.state_py_11
cit_3318,3318,ASERRADERO YTUTI,py_ctrm_fcws.distri_143,base.py,py_ctrm_fcws.state_py_11
cit_3319,3319,BUENA VISTA,py_ctrm_fcws.distri_143,base.py,py_ctrm_fcws.state_py_11
cit_3320,3320,CAA YOBAI SUR,py_ctrm_fcws.distri_143,base.py,py_ctrm_fcws.state_py_11
cit_3321,3321,CAMPO ALEGRE,py_ctrm_fcws.distri_143,base.py,py_ctrm_fcws.state_py_11
cit_3322,3322,CAMPO MBOI,py_ctrm_fcws.distri_143,base.py,py_ctrm_fcws.state_py_11
cit_3323,3323,CAPILLA,py_ctrm_fcws.distri_143,base.py,py_ctrm_fcws.state_py_11
cit_3324,3324,CUCHU I,py_ctrm_fcws.distri_143,base.py,py_ctrm_fcws.state_py_11
cit_3325,3325,CUÑA PIRU,py_ctrm_fcws.distri_143,base.py,py_ctrm_fcws.state_py_11
cit_3326,3326,DOLORES,py_ctrm_fcws.distri_143,base.py,py_ctrm_fcws.state_py_11
cit_3327,3327,DOMINGO M.DE IRALA (MUNICIPIO),py_ctrm_fcws.distri_143,base.py,py_ctrm_fcws.state_py_11
cit_3328,3328,ESTANCIA LAGARZA,py_ctrm_fcws.distri_143,base.py,py_ctrm_fcws.state_py_11
cit_3329,3329,FILE CUE,py_ctrm_fcws.distri_143,base.py,py_ctrm_fcws.state_py_11
cit_3330,3330,GUEMBE TY GUAZU,py_ctrm_fcws.distri_143,base.py,py_ctrm_fcws.state_py_11
cit_3331,3331,GUEMBETY,py_ctrm_fcws.distri_143,base.py,py_ctrm_fcws.state_py_11
cit_3332,3332,ITA PYTA,py_ctrm_fcws.distri_143,base.py,py_ctrm_fcws.state_py_11
cit_3333,3333,ITA VERA,py_ctrm_fcws.distri_143,base.py,py_ctrm_fcws.state_py_11
cit_3334,3334,KILOMETRO 11 - MAROMA,py_ctrm_fcws.distri_143,base.py,py_ctrm_fcws.state_py_11
cit_3335,3335,KILOMETRO 17 - DOLORES,py_ctrm_fcws.distri_143,base.py,py_ctrm_fcws.state_py_11
cit_3336,3336,KILOMETRO 19 - PARANAMBU,py_ctrm_fcws.distri_143,base.py,py_ctrm_fcws.state_py_11
cit_3337,3337,KILOMETRO 28 - PARANAMBU,py_ctrm_fcws.distri_143,base.py,py_ctrm_fcws.state_py_11
cit_3338,3338,KILOMETRO 6 - PUERTO FLORES,py_ctrm_fcws.distri_143,base.py,py_ctrm_fcws.state_py_11
cit_3339,3339,LOMA PYTA,py_ctrm_fcws.distri_143,base.py,py_ctrm_fcws.state_py_11
cit_3340,3340,LOS CEDRALES,py_ctrm_fcws.distri_143,base.py,py_ctrm_fcws.state_py_11
cit_3341,3341,MAROMA,py_ctrm_fcws.distri_143,base.py,py_ctrm_fcws.state_py_11
cit_3342,3342,PARANAMBU,py_ctrm_fcws.distri_143,base.py,py_ctrm_fcws.state_py_11
cit_3343,3343,PASO BABA,py_ctrm_fcws.distri_143,base.py,py_ctrm_fcws.state_py_11
cit_3344,3344,PASO ITA (INDIGENA),py_ctrm_fcws.distri_143,base.py,py_ctrm_fcws.state_py_11
cit_3345,3345,PENINSULA,py_ctrm_fcws.distri_143,base.py,py_ctrm_fcws.state_py_11
cit_3346,3346,PUERTO 22 DE MAYO,py_ctrm_fcws.distri_143,base.py,py_ctrm_fcws.state_py_11
cit_3347,3347,PUERTO BERTONI,py_ctrm_fcws.distri_143,base.py,py_ctrm_fcws.state_py_11
cit_3348,3348,PUERTO DOLORES,py_ctrm_fcws.distri_143,base.py,py_ctrm_fcws.state_py_11
cit_3349,3349,PUERTO FLORES,py_ctrm_fcws.distri_143,base.py,py_ctrm_fcws.state_py_11
cit_3350,3350,PUERTO JIBAJA,py_ctrm_fcws.distri_143,base.py,py_ctrm_fcws.state_py_11
cit_3351,3351,PUERTO JIMENEZ,py_ctrm_fcws.distri_143,base.py,py_ctrm_fcws.state_py_11
cit_3352,3352,PUERTO MARGARITA,py_ctrm_fcws.distri_143,base.py,py_ctrm_fcws.state_py_11
cit_3353,3353,PUERTO MARTIN ORDOÑEZ,py_ctrm_fcws.distri_143,base.py,py_ctrm_fcws.state_py_11
cit_3354,3354,PUERTO PIRA PYTA MI,py_ctrm_fcws.distri_143,base.py,py_ctrm_fcws.state_py_11
cit_3355,3355,PUERTO SAB ANTONIO,py_ctrm_fcws.distri_143,base.py,py_ctrm_fcws.state_py_11
cit_3356,3356,PUERTO SAN PEDRO,py_ctrm_fcws.distri_143,base.py,py_ctrm_fcws.state_py_11
cit_3357,3357,PUERTO SARITA,py_ctrm_fcws.distri_143,base.py,py_ctrm_fcws.state_py_11
cit_3358,3358,PUERTO SIRENA,py_ctrm_fcws.distri_143,base.py,py_ctrm_fcws.state_py_11
cit_3359,3359,PUERTO TABUCAI,py_ctrm_fcws.distri_143,base.py,py_ctrm_fcws.state_py_11
cit_3360,3360,PUERTO YBAROTY,py_ctrm_fcws.distri_143,base.py,py_ctrm_fcws.state_py_11
cit_3361,3361,PUERTO YTUTI,py_ctrm_fcws.distri_143,base.py,py_ctrm_fcws.state_py_11
cit_3362,3362,PUESTO CUE (INDIGENA),py_ctrm_fcws.distri_143,base.py,py_ctrm_fcws.state_py_11
cit_3363,3363,RELOJ CUE,py_ctrm_fcws.distri_143,base.py,py_ctrm_fcws.state_py_11
cit_3364,3364,SAN MIGUEL,py_ctrm_fcws.distri_143,base.py,py_ctrm_fcws.state_py_11
cit_3365,3365,SANTA LIBRADA,py_ctrm_fcws.distri_143,base.py,py_ctrm_fcws.state_py_11
cit_3366,3366,SAPIRE,py_ctrm_fcws.distri_143,base.py,py_ctrm_fcws.state_py_11
cit_3367,3367,TACUA PENDE,py_ctrm_fcws.distri_143,base.py,py_ctrm_fcws.state_py_11
cit_3368,3368,TOMAS CUE (INDIGENA),py_ctrm_fcws.distri_143,base.py,py_ctrm_fcws.state_py_11
cit_3369,3369,VILLA SAN FRANCISCO,py_ctrm_fcws.distri_143,base.py,py_ctrm_fcws.state_py_11
cit_3370,3370,YBAROTY,py_ctrm_fcws.distri_143,base.py,py_ctrm_fcws.state_py_11
cit_3371,3371,ÑACUNDAY,py_ctrm_fcws.distri_144,base.py,py_ctrm_fcws.state_py_11
cit_3372,3372,ISLA PARANAMBU,py_ctrm_fcws.distri_144,base.py,py_ctrm_fcws.state_py_11
cit_3373,3373,ITAIPYTE,py_ctrm_fcws.distri_144,base.py,py_ctrm_fcws.state_py_11
cit_3374,3374,LOMA VALENTINA,py_ctrm_fcws.distri_144,base.py,py_ctrm_fcws.state_py_11
cit_3375,3375,OBRAJE BARRA,py_ctrm_fcws.distri_144,base.py,py_ctrm_fcws.state_py_11
cit_3376,3376,PARANA I,py_ctrm_fcws.distri_144,base.py,py_ctrm_fcws.state_py_11
cit_3377,3377,PUERTO PARANAMBU,py_ctrm_fcws.distri_144,base.py,py_ctrm_fcws.state_py_11
cit_3378,3378,SAN ALFREDO,py_ctrm_fcws.distri_144,base.py,py_ctrm_fcws.state_py_11
cit_3379,3379,TORO CUA,py_ctrm_fcws.distri_144,base.py,py_ctrm_fcws.state_py_11
cit_3380,3380,TORO CUA I,py_ctrm_fcws.distri_144,base.py,py_ctrm_fcws.state_py_11
cit_3381,3381,YARARA,py_ctrm_fcws.distri_144,base.py,py_ctrm_fcws.state_py_11
cit_3382,3382,ÑACUNDAY (MUNICIPIO),py_ctrm_fcws.distri_144,base.py,py_ctrm_fcws.state_py_11
cit_3383,3383,CIUDAD DEL ESTE,py_ctrm_fcws.distri_145,base.py,py_ctrm_fcws.state_py_11
cit_3384,3384,2A. REPRESA YGUAZU,py_ctrm_fcws.distri_145,base.py,py_ctrm_fcws.state_py_11
cit_3385,3385,5A.REGION MILITAR,py_ctrm_fcws.distri_145,base.py,py_ctrm_fcws.state_py_11
cit_3386,3386,AMAMBAY,py_ctrm_fcws.distri_145,base.py,py_ctrm_fcws.state_py_11
cit_3387,3387,ARROYO MBY'A,py_ctrm_fcws.distri_145,base.py,py_ctrm_fcws.state_py_11
cit_3388,3388,ARROYO MBY'A C-4,py_ctrm_fcws.distri_145,base.py,py_ctrm_fcws.state_py_11
cit_3389,3389,BARRIO OBRERO,py_ctrm_fcws.distri_145,base.py,py_ctrm_fcws.state_py_11
cit_3390,3390,CALLE 10 ACARAY,py_ctrm_fcws.distri_145,base.py,py_ctrm_fcws.state_py_11
cit_3391,3391,CALLE 10 MONDAY,py_ctrm_fcws.distri_145,base.py,py_ctrm_fcws.state_py_11
cit_3392,3392,CALLE 12 ACARAY,py_ctrm_fcws.distri_145,base.py,py_ctrm_fcws.state_py_11
cit_3393,3393,CALLE 12 MONDAY,py_ctrm_fcws.distri_145,base.py,py_ctrm_fcws.state_py_11
cit_3394,3394,CALLE 14 ACARAY,py_ctrm_fcws.distri_145,base.py,py_ctrm_fcws.state_py_11
cit_3395,3395,CALLE 14 MONDAY,py_ctrm_fcws.distri_145,base.py,py_ctrm_fcws.state_py_11
cit_3396,3396,CALLE 16 ACARAY (RURAL),py_ctrm_fcws.distri_145,base.py,py_ctrm_fcws.state_py_11
cit_3397,3397,CALLE 16 MONDAY (URBANA),py_ctrm_fcws.distri_145,base.py,py_ctrm_fcws.state_py_11
cit_3398,3398,CALLE 18 ACARAY,py_ctrm_fcws.distri_145,base.py,py_ctrm_fcws.state_py_11
cit_3399,3399,CALLE 18 MONDAY,py_ctrm_fcws.distri_145,base.py,py_ctrm_fcws.state_py_11
cit_3400,3400,CALLE 20 ACARAY,py_ctrm_fcws.distri_145,base.py,py_ctrm_fcws.state_py_11
cit_3401,3401,CALLE 20 MONDAY,py_ctrm_fcws.distri_145,base.py,py_ctrm_fcws.state_py_11
cit_3402,3402,CALLE 22 ACARAY,py_ctrm_fcws.distri_145,base.py,py_ctrm_fcws.state_py_11
cit_3403,3403,CALLE 24 ACARAY,py_ctrm_fcws.distri_145,base.py,py_ctrm_fcws.state_py_11
cit_3404,3404,CALLE 24 MONDAY,py_ctrm_fcws.distri_145,base.py,py_ctrm_fcws.state_py_11
cit_3405,3405,CALLE 26 ACARAY,py_ctrm_fcws.distri_145,base.py,py_ctrm_fcws.state_py_11
cit_3406,3406,CALLE 26 MONDAY,py_ctrm_fcws.distri_145,base.py,py_ctrm_fcws.state_py_11
cit_3407,3407,CALLE 28 ACARAY,py_ctrm_fcws.distri_145,base.py,py_ctrm_fcws.state_py_11
cit_3408,3408,CALLE 30 ACARAY,py_ctrm_fcws.distri_145,base.py,py_ctrm_fcws.state_py_11
cit_3409,3409,CALLE 30 MONDAY,py_ctrm_fcws.distri_145,base.py,py_ctrm_fcws.state_py_11
cit_3410,3410,CALLE 8 MONDAY,py_ctrm_fcws.distri_145,base.py,py_ctrm_fcws.state_py_11
cit_3411,3411,CALLE 9 ACARAY,py_ctrm_fcws.distri_145,base.py,py_ctrm_fcws.state_py_11
cit_3412,3412,CALLE MONDAY,py_ctrm_fcws.distri_145,base.py,py_ctrm_fcws.state_py_11
cit_3413,3413,CAMINO 1,py_ctrm_fcws.distri_145,base.py,py_ctrm_fcws.state_py_11
cit_3414,3414,CAMINO 15,py_ctrm_fcws.distri_145,base.py,py_ctrm_fcws.state_py_11
cit_3415,3415,CAMINO 19,py_ctrm_fcws.distri_145,base.py,py_ctrm_fcws.state_py_11
cit_3416,3416,CAMINO 2,py_ctrm_fcws.distri_145,base.py,py_ctrm_fcws.state_py_11
cit_3417,3417,CAMINO 6,py_ctrm_fcws.distri_145,base.py,py_ctrm_fcws.state_py_11
cit_3418,3418,CAMINO 61,py_ctrm_fcws.distri_145,base.py,py_ctrm_fcws.state_py_11
cit_3419,3419,COL.YGUAZU (URBANA),py_ctrm_fcws.distri_145,base.py,py_ctrm_fcws.state_py_11
cit_3420,3420,DON BOSCO,py_ctrm_fcws.distri_145,base.py,py_ctrm_fcws.state_py_11
cit_3421,3421,FELIX DE AZARA I,py_ctrm_fcws.distri_145,base.py,py_ctrm_fcws.state_py_11
cit_3422,3422,KILOMETRO 31 MBUTUY,py_ctrm_fcws.distri_145,base.py,py_ctrm_fcws.state_py_11
cit_3423,3423,KILOMETRO 39 YGUAZU,py_ctrm_fcws.distri_145,base.py,py_ctrm_fcws.state_py_11
cit_3424,3424,KILOMETRO 5 (R.I.),py_ctrm_fcws.distri_145,base.py,py_ctrm_fcws.state_py_11
cit_3425,3425,LOMA PIRO Y,py_ctrm_fcws.distri_145,base.py,py_ctrm_fcws.state_py_11
cit_3426,3426,MARIO CUE,py_ctrm_fcws.distri_145,base.py,py_ctrm_fcws.state_py_11
cit_3427,3427,PENGO STROESSNER,py_ctrm_fcws.distri_145,base.py,py_ctrm_fcws.state_py_11
cit_3428,3428,CIUDAD DEL ESTE(PLANTA URBANA),py_ctrm_fcws.distri_145,base.py,py_ctrm_fcws.state_py_11
cit_3428,3428,CIUDAD DEL ESTE(PLANTA URBANA),py_ctrm_fcws.distri_145,base.py,py_ctrm_fcws.state_py_11
cit_3428,3428,CIUDAD DEL ESTE(PLANTA URBANA),py_ctrm_fcws.distri_145,base.py,py_ctrm_fcws.state_py_11
cit_3428,3428,CIUDAD DEL ESTE(PLANTA URBANA),py_ctrm_fcws.distri_145,base.py,py_ctrm_fcws.state_py_11
cit_3428,3428,CIUDAD DEL ESTE(PLANTA URBANA),py_ctrm_fcws.distri_145,base.py,py_ctrm_fcws.state_py_11
cit_3428,3428,CIUDAD DEL ESTE(PLANTA URBANA),py_ctrm_fcws.distri_145,base.py,py_ctrm_fcws.state_py_11
cit_3428,3428,CIUDAD DEL ESTE(PLANTA URBANA),py_ctrm_fcws.distri_145,base.py,py_ctrm_fcws.state_py_11
cit_3428,3428,CIUDAD DEL ESTE(PLANTA URBANA),py_ctrm_fcws.distri_145,base.py,py_ctrm_fcws.state_py_11
cit_3428,3428,CIUDAD DEL ESTE(PLANTA URBANA),py_ctrm_fcws.distri_145,base.py,py_ctrm_fcws.state_py_11
cit_3428,3428,CIUDAD DEL ESTE(PLANTA URBANA),py_ctrm_fcws.distri_145,base.py,py_ctrm_fcws.state_py_11
cit_3428,3428,CIUDAD DEL ESTE(PLANTA URBANA),py_ctrm_fcws.distri_145,base.py,py_ctrm_fcws.state_py_11
cit_3428,3428,CIUDAD DEL ESTE(PLANTA URBANA),py_ctrm_fcws.distri_145,base.py,py_ctrm_fcws.state_py_11
cit_3428,3428,CIUDAD DEL ESTE(PLANTA URBANA),py_ctrm_fcws.distri_145,base.py,py_ctrm_fcws.state_py_11
cit_3428,3428,CIUDAD DEL ESTE(PLANTA URBANA),py_ctrm_fcws.distri_145,base.py,py_ctrm_fcws.state_py_11
cit_3428,3428,CIUDAD DEL ESTE(PLANTA URBANA),py_ctrm_fcws.distri_145,base.py,py_ctrm_fcws.state_py_11
cit_3428,3428,CIUDAD DEL ESTE(PLANTA URBANA),py_ctrm_fcws.distri_145,base.py,py_ctrm_fcws.state_py_11
cit_3428,3428,CIUDAD DEL ESTE(PLANTA URBANA),py_ctrm_fcws.distri_145,base.py,py_ctrm_fcws.state_py_11
cit_3428,3428,CIUDAD DEL ESTE(PLANTA URBANA),py_ctrm_fcws.distri_145,base.py,py_ctrm_fcws.state_py_11
cit_3428,3428,CIUDAD DEL ESTE(PLANTA URBANA),py_ctrm_fcws.distri_145,base.py,py_ctrm_fcws.state_py_11
cit_3428,3428,CIUDAD DEL ESTE(PLANTA URBANA),py_ctrm_fcws.distri_145,base.py,py_ctrm_fcws.state_py_11
cit_3428,3428,CIUDAD DEL ESTE(PLANTA URBANA),py_ctrm_fcws.distri_145,base.py,py_ctrm_fcws.state_py_11
cit_3428,3428,CIUDAD DEL ESTE(PLANTA URBANA),py_ctrm_fcws.distri_145,base.py,py_ctrm_fcws.state_py_11
cit_3428,3428,CIUDAD DEL ESTE(PLANTA URBANA),py_ctrm_fcws.distri_145,base.py,py_ctrm_fcws.state_py_11
cit_3428,3428,CIUDAD DEL ESTE(PLANTA URBANA),py_ctrm_fcws.distri_145,base.py,py_ctrm_fcws.state_py_11
cit_3428,3428,CIUDAD DEL ESTE(PLANTA URBANA),py_ctrm_fcws.distri_145,base.py,py_ctrm_fcws.state_py_11
cit_3428,3428,CIUDAD DEL ESTE(PLANTA URBANA),py_ctrm_fcws.distri_145,base.py,py_ctrm_fcws.state_py_11
cit_3429,3429,PUERTO ESPERANZA,py_ctrm_fcws.distri_145,base.py,py_ctrm_fcws.state_py_11
cit_3430,3430,PUERTO LEGUIZA,py_ctrm_fcws.distri_145,base.py,py_ctrm_fcws.state_py_11
cit_3431,3431,PUERTO PTE. FRANCO,py_ctrm_fcws.distri_145,base.py,py_ctrm_fcws.state_py_11
cit_3432,3432,PUERTO PTE.STROESSNER (MUNIC),py_ctrm_fcws.distri_145,base.py,py_ctrm_fcws.state_py_11
cit_3433,3433,SAN RAFAEL,py_ctrm_fcws.distri_145,base.py,py_ctrm_fcws.state_py_11
cit_3434,3434,SANTA TERESITA,py_ctrm_fcws.distri_145,base.py,py_ctrm_fcws.state_py_11
cit_6379,6379,CALLE 22 MONDAY,py_ctrm_fcws.distri_145,base.py,py_ctrm_fcws.state_py_11
cit_6380,6380,CALLE 28 MONDAY,py_ctrm_fcws.distri_145,base.py,py_ctrm_fcws.state_py_11
cit_6381,6381,CALLE 9 MONDAY,py_ctrm_fcws.distri_145,base.py,py_ctrm_fcws.state_py_11
cit_6382,6382,CAMINO 4,py_ctrm_fcws.distri_145,base.py,py_ctrm_fcws.state_py_11
cit_6383,6383,FLOR DE LIZ,py_ctrm_fcws.distri_145,base.py,py_ctrm_fcws.state_py_11
cit_6384,6384,KILOMETRO 6 MONDAY,py_ctrm_fcws.distri_145,base.py,py_ctrm_fcws.state_py_11
cit_6385,6385,PUERTO LEGUIZAMON,py_ctrm_fcws.distri_145,base.py,py_ctrm_fcws.state_py_11
cit_6386,6386,VILLA 23 DE OCTUBRE,py_ctrm_fcws.distri_145,base.py,py_ctrm_fcws.state_py_11
cit_3435,3435,JUAN LEON MALLORQUIN,py_ctrm_fcws.distri_146,base.py,py_ctrm_fcws.state_py_11
cit_3436,3436,3 DE mayo,py_ctrm_fcws.distri_146,base.py,py_ctrm_fcws.state_py_11
cit_3437,3437,8 DE diciembre,py_ctrm_fcws.distri_146,base.py,py_ctrm_fcws.state_py_11
cit_3438,3438,AHOYU,py_ctrm_fcws.distri_146,base.py,py_ctrm_fcws.state_py_11
cit_3439,3439,ASERRADERO MONDAY,py_ctrm_fcws.distri_146,base.py,py_ctrm_fcws.state_py_11
cit_3440,3440,CAMINO 20,py_ctrm_fcws.distri_146,base.py,py_ctrm_fcws.state_py_11
cit_3441,3441,CAMINO 23,py_ctrm_fcws.distri_146,base.py,py_ctrm_fcws.state_py_11
cit_3442,3442,CARANDAYTY,py_ctrm_fcws.distri_146,base.py,py_ctrm_fcws.state_py_11
cit_3443,3443,COL. JUAN L. MALLORQUIN,py_ctrm_fcws.distri_146,base.py,py_ctrm_fcws.state_py_11
cit_3444,3444,JHYECUE YERE,py_ctrm_fcws.distri_146,base.py,py_ctrm_fcws.state_py_11
cit_3445,3445,LA VICTORIA-MONDAY,py_ctrm_fcws.distri_146,base.py,py_ctrm_fcws.state_py_11
cit_3446,3446,LA VICTORIA YGUAZU,py_ctrm_fcws.distri_146,base.py,py_ctrm_fcws.state_py_11
cit_3447,3447,LOMA TAVY,py_ctrm_fcws.distri_146,base.py,py_ctrm_fcws.state_py_11
cit_3448,3448,PUESTO LEGUIZA,py_ctrm_fcws.distri_146,base.py,py_ctrm_fcws.state_py_11
cit_3449,3449,PUESTO SAN LUIS,py_ctrm_fcws.distri_146,base.py,py_ctrm_fcws.state_py_11
cit_3450,3450,ROJAS SILVA,py_ctrm_fcws.distri_146,base.py,py_ctrm_fcws.state_py_11
cit_3451,3451,SAN MIGUEL,py_ctrm_fcws.distri_146,base.py,py_ctrm_fcws.state_py_11
cit_3452,3452,SAN VICENTE,py_ctrm_fcws.distri_146,base.py,py_ctrm_fcws.state_py_11
cit_3453,3453,SANTO DOMINGO,py_ctrm_fcws.distri_146,base.py,py_ctrm_fcws.state_py_11
cit_3454,3454,SANTO DOMINGO I,py_ctrm_fcws.distri_146,base.py,py_ctrm_fcws.state_py_11
cit_3455,3455,TATA RE,py_ctrm_fcws.distri_146,base.py,py_ctrm_fcws.state_py_11
cit_3456,3456,VENECIA,py_ctrm_fcws.distri_146,base.py,py_ctrm_fcws.state_py_11
cit_3457,3457,VENECIA GUAZU,py_ctrm_fcws.distri_146,base.py,py_ctrm_fcws.state_py_11
cit_3458,3458,VENECIA I,py_ctrm_fcws.distri_146,base.py,py_ctrm_fcws.state_py_11
cit_3459,3459,Y JHOVY,py_ctrm_fcws.distri_146,base.py,py_ctrm_fcws.state_py_11
cit_3460,3460,YUQUERI,py_ctrm_fcws.distri_146,base.py,py_ctrm_fcws.state_py_11
cit_5744,5744,JUAN L.MALLORQUIN CAARENDY.MUN,py_ctrm_fcws.distri_146,base.py,py_ctrm_fcws.state_py_11
cit_5744,5744,JUAN L.MALLORQUIN CAARENDY.MUN,py_ctrm_fcws.distri_146,base.py,py_ctrm_fcws.state_py_11
cit_5744,5744,JUAN L.MALLORQUIN CAARENDY.MUN,py_ctrm_fcws.distri_146,base.py,py_ctrm_fcws.state_py_11
cit_5744,5744,JUAN L.MALLORQUIN CAARENDY.MUN,py_ctrm_fcws.distri_146,base.py,py_ctrm_fcws.state_py_11
cit_6387,6387,CAARENDY GUAZU,py_ctrm_fcws.distri_146,base.py,py_ctrm_fcws.state_py_11
cit_3461,3461,ITAQUYRY,py_ctrm_fcws.distri_147,base.py,py_ctrm_fcws.state_py_11
cit_3461,3461,ITAQUYRY,py_ctrm_fcws.distri_147,base.py,py_ctrm_fcws.state_py_11
cit_3462,3462,AGUA-PE,py_ctrm_fcws.distri_147,base.py,py_ctrm_fcws.state_py_11
cit_3463,3463,AGUADA,py_ctrm_fcws.distri_147,base.py,py_ctrm_fcws.state_py_11
cit_3464,3464,AGUARA,py_ctrm_fcws.distri_147,base.py,py_ctrm_fcws.state_py_11
cit_3465,3465,ARAUJO -CUE,py_ctrm_fcws.distri_147,base.py,py_ctrm_fcws.state_py_11
cit_3466,3466,ARROYO 1A.,py_ctrm_fcws.distri_147,base.py,py_ctrm_fcws.state_py_11
cit_3467,3467,ARROYO CARUMBEY,py_ctrm_fcws.distri_147,base.py,py_ctrm_fcws.state_py_11
cit_3468,3468,ARROYO DOS HERMANAS,py_ctrm_fcws.distri_147,base.py,py_ctrm_fcws.state_py_11
cit_3469,3469,ARROYO GRACIELA,py_ctrm_fcws.distri_147,base.py,py_ctrm_fcws.state_py_11
cit_3470,3470,ARROYO MARCELINA,py_ctrm_fcws.distri_147,base.py,py_ctrm_fcws.state_py_11
cit_3471,3471,ARROYO MOROTI,py_ctrm_fcws.distri_147,base.py,py_ctrm_fcws.state_py_11
cit_3472,3472,ARROYO YARARA,py_ctrm_fcws.distri_147,base.py,py_ctrm_fcws.state_py_11
cit_3473,3473,BARRO NEGRO,py_ctrm_fcws.distri_147,base.py,py_ctrm_fcws.state_py_11
cit_3474,3474,BOCA ARROYO ITAQUYRY,py_ctrm_fcws.distri_147,base.py,py_ctrm_fcws.state_py_11
cit_3475,3475,CAAGUAZU,py_ctrm_fcws.distri_147,base.py,py_ctrm_fcws.state_py_11
cit_3476,3476,CACIQUE,py_ctrm_fcws.distri_147,base.py,py_ctrm_fcws.state_py_11
cit_3477,3477,CACIQUE TUYA,py_ctrm_fcws.distri_147,base.py,py_ctrm_fcws.state_py_11
cit_3478,3478,CAMPO LIMPIO,py_ctrm_fcws.distri_147,base.py,py_ctrm_fcws.state_py_11
cit_3479,3479,CAMPO REDONDO,py_ctrm_fcws.distri_147,base.py,py_ctrm_fcws.state_py_11
cit_3480,3480,CAPIIBARY,py_ctrm_fcws.distri_147,base.py,py_ctrm_fcws.state_py_11
cit_3481,3481,PUESTO YBYRA PIRU,py_ctrm_fcws.distri_147,base.py,py_ctrm_fcws.state_py_11
cit_3482,3482,RANCHO DORITA,py_ctrm_fcws.distri_147,base.py,py_ctrm_fcws.state_py_11
cit_3483,3483,RANCHO GUAYAKI,py_ctrm_fcws.distri_147,base.py,py_ctrm_fcws.state_py_11
cit_3484,3484,ROBLEDO CUE,py_ctrm_fcws.distri_147,base.py,py_ctrm_fcws.state_py_11
cit_3485,3485,ROLON CUE,py_ctrm_fcws.distri_147,base.py,py_ctrm_fcws.state_py_11
cit_3486,3486,SAN JUAN (EX 3A.),py_ctrm_fcws.distri_147,base.py,py_ctrm_fcws.state_py_11
cit_3487,3487,SANTA TERESA (EX JHUGUAI),py_ctrm_fcws.distri_147,base.py,py_ctrm_fcws.state_py_11
cit_3488,3488,SECADERO KILOMETRO 3,py_ctrm_fcws.distri_147,base.py,py_ctrm_fcws.state_py_11
cit_3489,3489,TACUARA,py_ctrm_fcws.distri_147,base.py,py_ctrm_fcws.state_py_11
cit_3490,3490,TATU PIRE,py_ctrm_fcws.distri_147,base.py,py_ctrm_fcws.state_py_11
cit_3491,3491,TORORO,py_ctrm_fcws.distri_147,base.py,py_ctrm_fcws.state_py_11
cit_3492,3492,TUNA,py_ctrm_fcws.distri_147,base.py,py_ctrm_fcws.state_py_11
cit_3493,3493,TUNI CUE,py_ctrm_fcws.distri_147,base.py,py_ctrm_fcws.state_py_11
cit_3494,3494,VILLAR CUE,py_ctrm_fcws.distri_147,base.py,py_ctrm_fcws.state_py_11
cit_3495,3495,YAGUARETE CANGUE,py_ctrm_fcws.distri_147,base.py,py_ctrm_fcws.state_py_11
cit_3496,3496,YAGUARETE MANSO,py_ctrm_fcws.distri_147,base.py,py_ctrm_fcws.state_py_11
cit_3497,3497,YAGUATIYMI,py_ctrm_fcws.distri_147,base.py,py_ctrm_fcws.state_py_11
cit_3498,3498,YAJHAPE,py_ctrm_fcws.distri_147,base.py,py_ctrm_fcws.state_py_11
cit_3499,3499,YAIBE CUE,py_ctrm_fcws.distri_147,base.py,py_ctrm_fcws.state_py_11
cit_3500,3500,YARARA,py_ctrm_fcws.distri_147,base.py,py_ctrm_fcws.state_py_11
cit_3501,3501,YATE I,py_ctrm_fcws.distri_147,base.py,py_ctrm_fcws.state_py_11
cit_3502,3502,YAYBERE CUE,py_ctrm_fcws.distri_147,base.py,py_ctrm_fcws.state_py_11
cit_3503,3503,Y B U,py_ctrm_fcws.distri_147,base.py,py_ctrm_fcws.state_py_11
cit_3504,3504,Y T U,py_ctrm_fcws.distri_147,base.py,py_ctrm_fcws.state_py_11
cit_3505,3505,ZANJA JHU,py_ctrm_fcws.distri_147,base.py,py_ctrm_fcws.state_py_11
cit_3506,3506,ZONA GRAL.DIAZ,py_ctrm_fcws.distri_147,base.py,py_ctrm_fcws.state_py_11
cit_3507,3507,JUAN E.O'LEARY,py_ctrm_fcws.distri_148,base.py,py_ctrm_fcws.state_py_11
cit_3508,3508,BARRIO MARIA AUXILIADORA,py_ctrm_fcws.distri_148,base.py,py_ctrm_fcws.state_py_11
cit_3509,3509,BARRIO VIRGEN DEL ROSARIO,py_ctrm_fcws.distri_148,base.py,py_ctrm_fcws.state_py_11
cit_3510,3510,CA'A YOVAI,py_ctrm_fcws.distri_148,base.py,py_ctrm_fcws.state_py_11
cit_3511,3511,COSTA GUAZU,py_ctrm_fcws.distri_148,base.py,py_ctrm_fcws.state_py_11
cit_3512,3512,J.E.O'LEARY CHEIRO CUE(MUNIC.),py_ctrm_fcws.distri_148,base.py,py_ctrm_fcws.state_py_11
cit_3513,3513,PUESTO LEGUIZA,py_ctrm_fcws.distri_148,base.py,py_ctrm_fcws.state_py_11
cit_3514,3514,SAN AGUSTIN,py_ctrm_fcws.distri_148,base.py,py_ctrm_fcws.state_py_11
cit_3515,3515,SAN FRANCISCO,py_ctrm_fcws.distri_148,base.py,py_ctrm_fcws.state_py_11
cit_3516,3516,SAN ISIDRO,py_ctrm_fcws.distri_148,base.py,py_ctrm_fcws.state_py_11
cit_3517,3517,SAN PABLO,py_ctrm_fcws.distri_148,base.py,py_ctrm_fcws.state_py_11
cit_3518,3518,TACUARO,py_ctrm_fcws.distri_148,base.py,py_ctrm_fcws.state_py_11
cit_3519,3519,TOCAI,py_ctrm_fcws.distri_148,base.py,py_ctrm_fcws.state_py_11
cit_3520,3520,VILLA LAS MERCEDES,py_ctrm_fcws.distri_148,base.py,py_ctrm_fcws.state_py_11
cit_3521,3521,PRESIDENTE FRANCO,py_ctrm_fcws.distri_149,base.py,py_ctrm_fcws.state_py_11
cit_3521,3521,PRESIDENTE FRANCO,py_ctrm_fcws.distri_149,base.py,py_ctrm_fcws.state_py_11
cit_3521,3521,PRESIDENTE FRANCO,py_ctrm_fcws.distri_149,base.py,py_ctrm_fcws.state_py_11
cit_3521,3521,PRESIDENTE FRANCO,py_ctrm_fcws.distri_149,base.py,py_ctrm_fcws.state_py_11
cit_3521,3521,PRESIDENTE FRANCO,py_ctrm_fcws.distri_149,base.py,py_ctrm_fcws.state_py_11
cit_3521,3521,PRESIDENTE FRANCO,py_ctrm_fcws.distri_149,base.py,py_ctrm_fcws.state_py_11
cit_3521,3521,PRESIDENTE FRANCO,py_ctrm_fcws.distri_149,base.py,py_ctrm_fcws.state_py_11
cit_3521,3521,PRESIDENTE FRANCO,py_ctrm_fcws.distri_149,base.py,py_ctrm_fcws.state_py_11
cit_3521,3521,PRESIDENTE FRANCO,py_ctrm_fcws.distri_149,base.py,py_ctrm_fcws.state_py_11
cit_3521,3521,PRESIDENTE FRANCO,py_ctrm_fcws.distri_149,base.py,py_ctrm_fcws.state_py_11
cit_3521,3521,PRESIDENTE FRANCO,py_ctrm_fcws.distri_149,base.py,py_ctrm_fcws.state_py_11
cit_3521,3521,PRESIDENTE FRANCO,py_ctrm_fcws.distri_149,base.py,py_ctrm_fcws.state_py_11
cit_3521,3521,PRESIDENTE FRANCO,py_ctrm_fcws.distri_149,base.py,py_ctrm_fcws.state_py_11
cit_3521,3521,PRESIDENTE FRANCO,py_ctrm_fcws.distri_149,base.py,py_ctrm_fcws.state_py_11
cit_3521,3521,PRESIDENTE FRANCO,py_ctrm_fcws.distri_149,base.py,py_ctrm_fcws.state_py_11
cit_3521,3521,PRESIDENTE FRANCO,py_ctrm_fcws.distri_149,base.py,py_ctrm_fcws.state_py_11
cit_3521,3521,PRESIDENTE FRANCO,py_ctrm_fcws.distri_149,base.py,py_ctrm_fcws.state_py_11
cit_3522,3522,ARROYO ITA COTY,py_ctrm_fcws.distri_149,base.py,py_ctrm_fcws.state_py_11
cit_3523,3523,ARROYO SALTITO,py_ctrm_fcws.distri_149,base.py,py_ctrm_fcws.state_py_11
cit_3524,3524,ARROYO YACARE,py_ctrm_fcws.distri_149,base.py,py_ctrm_fcws.state_py_11
cit_3525,3525,BARRIO SAN MIGUEL,py_ctrm_fcws.distri_149,base.py,py_ctrm_fcws.state_py_11
cit_3526,3526,CAPILLA SANTA INES,py_ctrm_fcws.distri_149,base.py,py_ctrm_fcws.state_py_11
cit_3527,3527,CORAZON DE JESUS,py_ctrm_fcws.distri_149,base.py,py_ctrm_fcws.state_py_11
cit_3528,3528,ESCUELA,py_ctrm_fcws.distri_149,base.py,py_ctrm_fcws.state_py_11
cit_3529,3529,PENINSULA,py_ctrm_fcws.distri_149,base.py,py_ctrm_fcws.state_py_11
cit_3530,3530,PTO.BERTONI,py_ctrm_fcws.distri_149,base.py,py_ctrm_fcws.state_py_11
cit_3531,3531,PTO.FLORES,py_ctrm_fcws.distri_149,base.py,py_ctrm_fcws.state_py_11
cit_3532,3532,PTO.GIMENEZ,py_ctrm_fcws.distri_149,base.py,py_ctrm_fcws.state_py_11
cit_3533,3533,PTO.ORDONEZ,py_ctrm_fcws.distri_149,base.py,py_ctrm_fcws.state_py_11
cit_3534,3534,TRES FRONTERAS,py_ctrm_fcws.distri_149,base.py,py_ctrm_fcws.state_py_11
cit_3535,3535,YGUAZU,py_ctrm_fcws.distri_150,base.py,py_ctrm_fcws.state_py_11
cit_3536,3536,COL.YGUAZU,py_ctrm_fcws.distri_150,base.py,py_ctrm_fcws.state_py_11
cit_3537,3537,COLONIA,py_ctrm_fcws.distri_150,base.py,py_ctrm_fcws.state_py_11
cit_3538,3538,MUNICIPIO,py_ctrm_fcws.distri_150,base.py,py_ctrm_fcws.state_py_11
cit_3539,3539,NUEVA  ESPERANZA,py_ctrm_fcws.distri_150,base.py,py_ctrm_fcws.state_py_11
cit_3540,3540,SAN CRISTOBAL,py_ctrm_fcws.distri_151,base.py,py_ctrm_fcws.state_py_11
cit_3541,3541,CAMPO ALEGRE,py_ctrm_fcws.distri_151,base.py,py_ctrm_fcws.state_py_11
cit_3542,3542,COL.SAN ANTONIO,py_ctrm_fcws.distri_151,base.py,py_ctrm_fcws.state_py_11
cit_3543,3543,COLONIA,py_ctrm_fcws.distri_151,base.py,py_ctrm_fcws.state_py_11
cit_3544,3544,CRUCE SAPIRE,py_ctrm_fcws.distri_151,base.py,py_ctrm_fcws.state_py_11
cit_3545,3545,CURUZU,py_ctrm_fcws.distri_151,base.py,py_ctrm_fcws.state_py_11
cit_3546,3546,KILOMETRO 56,py_ctrm_fcws.distri_151,base.py,py_ctrm_fcws.state_py_11
cit_3547,3547,LA ESPERANZA,py_ctrm_fcws.distri_151,base.py,py_ctrm_fcws.state_py_11
cit_3548,3548,MUNICIPIO,py_ctrm_fcws.distri_151,base.py,py_ctrm_fcws.state_py_11
cit_3549,3549,PALMITAL,py_ctrm_fcws.distri_151,base.py,py_ctrm_fcws.state_py_11
cit_3550,3550,PTO.CA'A YOBAI,py_ctrm_fcws.distri_151,base.py,py_ctrm_fcws.state_py_11
cit_3551,3551,PTO.SAN MIGUEL,py_ctrm_fcws.distri_151,base.py,py_ctrm_fcws.state_py_11
cit_3552,3552,SAN MIGUEL,py_ctrm_fcws.distri_151,base.py,py_ctrm_fcws.state_py_11
cit_3553,3553,SAPIRE,py_ctrm_fcws.distri_151,base.py,py_ctrm_fcws.state_py_11
cit_3554,3554,TATU CUA,py_ctrm_fcws.distri_151,base.py,py_ctrm_fcws.state_py_11
cit_3555,3555,TUYUTI,py_ctrm_fcws.distri_151,base.py,py_ctrm_fcws.state_py_11
cit_3556,3556,SANTA RITA,py_ctrm_fcws.distri_209,base.py,py_ctrm_fcws.state_py_11
cit_3556,3556,SANTA RITA,py_ctrm_fcws.distri_209,base.py,py_ctrm_fcws.state_py_11
cit_3556,3556,SANTA RITA,py_ctrm_fcws.distri_209,base.py,py_ctrm_fcws.state_py_11
cit_3556,3556,SANTA RITA,py_ctrm_fcws.distri_209,base.py,py_ctrm_fcws.state_py_11
cit_3556,3556,SANTA RITA,py_ctrm_fcws.distri_209,base.py,py_ctrm_fcws.state_py_11
cit_3556,3556,SANTA RITA,py_ctrm_fcws.distri_209,base.py,py_ctrm_fcws.state_py_11
cit_3556,3556,SANTA RITA,py_ctrm_fcws.distri_209,base.py,py_ctrm_fcws.state_py_11
cit_3556,3556,SANTA RITA,py_ctrm_fcws.distri_209,base.py,py_ctrm_fcws.state_py_11
cit_3556,3556,SANTA RITA,py_ctrm_fcws.distri_209,base.py,py_ctrm_fcws.state_py_11
cit_5734,5734,CURUPAYTY,py_ctrm_fcws.distri_209,base.py,py_ctrm_fcws.state_py_11
cit_5735,5735,JOEL ESTIGARRIBIA,py_ctrm_fcws.distri_209,base.py,py_ctrm_fcws.state_py_11
cit_5736,5736,PATRICIO COLMAN,py_ctrm_fcws.distri_209,base.py,py_ctrm_fcws.state_py_11
cit_5737,5737,SANTA LUCIA,py_ctrm_fcws.distri_209,base.py,py_ctrm_fcws.state_py_11
cit_3557,3557,MINGA GUAZU,py_ctrm_fcws.distri_210,base.py,py_ctrm_fcws.state_py_11
cit_3557,3557,MINGA GUAZU,py_ctrm_fcws.distri_210,base.py,py_ctrm_fcws.state_py_11
cit_3557,3557,MINGA GUAZU,py_ctrm_fcws.distri_210,base.py,py_ctrm_fcws.state_py_11
cit_3557,3557,MINGA GUAZU,py_ctrm_fcws.distri_210,base.py,py_ctrm_fcws.state_py_11
cit_3557,3557,MINGA GUAZU,py_ctrm_fcws.distri_210,base.py,py_ctrm_fcws.state_py_11
cit_3557,3557,MINGA GUAZU,py_ctrm_fcws.distri_210,base.py,py_ctrm_fcws.state_py_11
cit_3557,3557,MINGA GUAZU,py_ctrm_fcws.distri_210,base.py,py_ctrm_fcws.state_py_11
cit_3557,3557,MINGA GUAZU,py_ctrm_fcws.distri_210,base.py,py_ctrm_fcws.state_py_11
cit_3557,3557,MINGA GUAZU,py_ctrm_fcws.distri_210,base.py,py_ctrm_fcws.state_py_11
cit_5695,5695,LOS CEDRALES,py_ctrm_fcws.distri_211,base.py,py_ctrm_fcws.state_py_11
cit_5695,5695,LOS CEDRALES,py_ctrm_fcws.distri_211,base.py,py_ctrm_fcws.state_py_11
cit_5695,5695,LOS CEDRALES,py_ctrm_fcws.distri_211,base.py,py_ctrm_fcws.state_py_11
cit_5695,5695,LOS CEDRALES,py_ctrm_fcws.distri_211,base.py,py_ctrm_fcws.state_py_11
cit_5695,5695,LOS CEDRALES,py_ctrm_fcws.distri_211,base.py,py_ctrm_fcws.state_py_11
cit_5716,5716,CIA. ITA,py_ctrm_fcws.distri_211,base.py,py_ctrm_fcws.state_py_11
cit_5717,5717,PUERTO 22 DE MAYO,py_ctrm_fcws.distri_211,base.py,py_ctrm_fcws.state_py_11
cit_5896,5896,CIA. YTUTI,py_ctrm_fcws.distri_211,base.py,py_ctrm_fcws.state_py_11
cit_5692,5692,SAN ALBERTO,py_ctrm_fcws.distri_212,base.py,py_ctrm_fcws.state_py_11
cit_5742,5742,AGROPECO,py_ctrm_fcws.distri_212,base.py,py_ctrm_fcws.state_py_11
cit_5743,5743,SILO,py_ctrm_fcws.distri_212,base.py,py_ctrm_fcws.state_py_11
cit_5696,5696,MINGA PORA,py_ctrm_fcws.distri_213,base.py,py_ctrm_fcws.state_py_11
cit_5696,5696,MINGA PORA,py_ctrm_fcws.distri_213,base.py,py_ctrm_fcws.state_py_11
cit_5718,5718,COL. SANTA MARIA,py_ctrm_fcws.distri_213,base.py,py_ctrm_fcws.state_py_11
cit_5719,5719,COL. SAN FRANCISCO,py_ctrm_fcws.distri_213,base.py,py_ctrm_fcws.state_py_11
cit_5720,5720,SAN RAMON,py_ctrm_fcws.distri_213,base.py,py_ctrm_fcws.state_py_11
cit_5694,5694,NARANJAL,py_ctrm_fcws.distri_215,base.py,py_ctrm_fcws.state_py_11
cit_5741,5741,PALMITAL,py_ctrm_fcws.distri_215,base.py,py_ctrm_fcws.state_py_11
cit_5902,5902,3 DE mayo,py_ctrm_fcws.distri_215,base.py,py_ctrm_fcws.state_py_11
cit_5693,5693,TAVAbase.py,py_ctrm_fcws.distri_216,base.py,py_ctrm_fcws.state_py_11
cit_5738,5738,TAVAPY II,py_ctrm_fcws.distri_216,base.py,py_ctrm_fcws.state_py_11
cit_5739,5739,TAVAPY III,py_ctrm_fcws.distri_216,base.py,py_ctrm_fcws.state_py_11
cit_5740,5740,TAVAPY IV,py_ctrm_fcws.distri_216,base.py,py_ctrm_fcws.state_py_11
cit_5901,5901,TAVAPY I,py_ctrm_fcws.distri_216,base.py,py_ctrm_fcws.state_py_11
cit_6421,6421,SANTA ROSA DEL MONDAY NORTE,py_ctrm_fcws.distri_216,base.py,py_ctrm_fcws.state_py_11
cit_6422,6422,SANTA ROSA DEL MONDAY SUR,py_ctrm_fcws.distri_216,base.py,py_ctrm_fcws.state_py_11
cit_5699,5699,COLONIA IRUÑA,py_ctrm_fcws.distri_217,base.py,py_ctrm_fcws.state_py_11
cit_5724,5724,CONSUELO,py_ctrm_fcws.distri_217,base.py,py_ctrm_fcws.state_py_11
cit_5725,5725,JUAN PABLO II,py_ctrm_fcws.distri_217,base.py,py_ctrm_fcws.state_py_11
cit_5726,5726,SAN CARLOS,py_ctrm_fcws.distri_217,base.py,py_ctrm_fcws.state_py_11
cit_5727,5727,SAN JOSE,py_ctrm_fcws.distri_217,base.py,py_ctrm_fcws.state_py_11
cit_5728,5728,SAN ROQUE,py_ctrm_fcws.distri_217,base.py,py_ctrm_fcws.state_py_11
cit_5729,5729,SAN JUAN,py_ctrm_fcws.distri_217,base.py,py_ctrm_fcws.state_py_11
cit_5730,5730,SAN PEDRO,py_ctrm_fcws.distri_217,base.py,py_ctrm_fcws.state_py_11
cit_5731,5731,SAN MIGUEL,py_ctrm_fcws.distri_217,base.py,py_ctrm_fcws.state_py_11
cit_5732,5732,SANTA LUCIA,py_ctrm_fcws.distri_217,base.py,py_ctrm_fcws.state_py_11
cit_5733,5733,SAN MARCOS,py_ctrm_fcws.distri_217,base.py,py_ctrm_fcws.state_py_11
cit_5898,5898,DOS HERMANOS,py_ctrm_fcws.distri_217,base.py,py_ctrm_fcws.state_py_11
cit_5899,5899,SANTA TERESITA,py_ctrm_fcws.distri_217,base.py,py_ctrm_fcws.state_py_11
cit_5900,5900,PARINVEST,py_ctrm_fcws.distri_217,base.py,py_ctrm_fcws.state_py_11
cit_5697,5697,MBARACAYU,py_ctrm_fcws.distri_219,base.py,py_ctrm_fcws.state_py_11
cit_5721,5721,CIA. CABAYU,py_ctrm_fcws.distri_219,base.py,py_ctrm_fcws.state_py_11
cit_5722,5722,CIA. GRAL. DIAZ,py_ctrm_fcws.distri_219,base.py,py_ctrm_fcws.state_py_11
cit_5723,5723,CIA. ITALO,py_ctrm_fcws.distri_219,base.py,py_ctrm_fcws.state_py_11
cit_5897,5897,BARRIO BLANCO,py_ctrm_fcws.distri_219,base.py,py_ctrm_fcws.state_py_11
cit_4604,4604,SANTA FE DEL PARANA,py_ctrm_fcws.distri_239,base.py,py_ctrm_fcws.state_py_11
cit_5497,5497,NUEVA ESPERANZA,py_ctrm_fcws.distri_240,base.py,py_ctrm_fcws.state_py_11
cit_3558,3558,AREGUA,py_ctrm_fcws.distri_152,base.py,py_ctrm_fcws.state_py_12
cit_3559,3559,AREGUA (MUNICIPIO),py_ctrm_fcws.distri_152,base.py,py_ctrm_fcws.state_py_12
cit_3559,3559,AREGUA (MUNICIPIO),py_ctrm_fcws.distri_152,base.py,py_ctrm_fcws.state_py_12
cit_3559,3559,AREGUA (MUNICIPIO),py_ctrm_fcws.distri_152,base.py,py_ctrm_fcws.state_py_12
cit_3559,3559,AREGUA (MUNICIPIO),py_ctrm_fcws.distri_152,base.py,py_ctrm_fcws.state_py_12
cit_3560,3560,CAACUPE MI,py_ctrm_fcws.distri_152,base.py,py_ctrm_fcws.state_py_12
cit_3561,3561,COCUE GUAZU 1A.,py_ctrm_fcws.distri_152,base.py,py_ctrm_fcws.state_py_12
cit_3562,3562,COCUE GUAZU 2A,py_ctrm_fcws.distri_152,base.py,py_ctrm_fcws.state_py_12
cit_3563,3563,ESTACION YUQUYRY,py_ctrm_fcws.distri_152,base.py,py_ctrm_fcws.state_py_12
cit_3564,3564,ESTANZUELA,py_ctrm_fcws.distri_152,base.py,py_ctrm_fcws.state_py_12
cit_3565,3565,ISLA VALLE,py_ctrm_fcws.distri_152,base.py,py_ctrm_fcws.state_py_12
cit_3566,3566,PINDOLO,py_ctrm_fcws.distri_152,base.py,py_ctrm_fcws.state_py_12
cit_3567,3567,VALLE PUCU,py_ctrm_fcws.distri_152,base.py,py_ctrm_fcws.state_py_12
cit_5745,5745,COSTA FLEITAS,py_ctrm_fcws.distri_152,base.py,py_ctrm_fcws.state_py_12
cit_5746,5746,YUQUYTY,py_ctrm_fcws.distri_152,base.py,py_ctrm_fcws.state_py_12
cit_3568,3568,CAPIATA,py_ctrm_fcws.distri_153,base.py,py_ctrm_fcws.state_py_12
cit_3568,3568,CAPIATA,py_ctrm_fcws.distri_153,base.py,py_ctrm_fcws.state_py_12
cit_3568,3568,CAPIATA,py_ctrm_fcws.distri_153,base.py,py_ctrm_fcws.state_py_12
cit_3568,3568,CAPIATA,py_ctrm_fcws.distri_153,base.py,py_ctrm_fcws.state_py_12
cit_3568,3568,CAPIATA,py_ctrm_fcws.distri_153,base.py,py_ctrm_fcws.state_py_12
cit_3568,3568,CAPIATA,py_ctrm_fcws.distri_153,base.py,py_ctrm_fcws.state_py_12
cit_3568,3568,CAPIATA,py_ctrm_fcws.distri_153,base.py,py_ctrm_fcws.state_py_12
cit_3568,3568,CAPIATA,py_ctrm_fcws.distri_153,base.py,py_ctrm_fcws.state_py_12
cit_3568,3568,CAPIATA,py_ctrm_fcws.distri_153,base.py,py_ctrm_fcws.state_py_12
cit_3568,3568,CAPIATA,py_ctrm_fcws.distri_153,base.py,py_ctrm_fcws.state_py_12
cit_3568,3568,CAPIATA,py_ctrm_fcws.distri_153,base.py,py_ctrm_fcws.state_py_12
cit_3568,3568,CAPIATA,py_ctrm_fcws.distri_153,base.py,py_ctrm_fcws.state_py_12
cit_3568,3568,CAPIATA,py_ctrm_fcws.distri_153,base.py,py_ctrm_fcws.state_py_12
cit_3568,3568,CAPIATA,py_ctrm_fcws.distri_153,base.py,py_ctrm_fcws.state_py_12
cit_3568,3568,CAPIATA,py_ctrm_fcws.distri_153,base.py,py_ctrm_fcws.state_py_12
cit_3568,3568,CAPIATA,py_ctrm_fcws.distri_153,base.py,py_ctrm_fcws.state_py_12
cit_3568,3568,CAPIATA,py_ctrm_fcws.distri_153,base.py,py_ctrm_fcws.state_py_12
cit_3568,3568,CAPIATA,py_ctrm_fcws.distri_153,base.py,py_ctrm_fcws.state_py_12
cit_3568,3568,CAPIATA,py_ctrm_fcws.distri_153,base.py,py_ctrm_fcws.state_py_12
cit_3568,3568,CAPIATA,py_ctrm_fcws.distri_153,base.py,py_ctrm_fcws.state_py_12
cit_3568,3568,CAPIATA,py_ctrm_fcws.distri_153,base.py,py_ctrm_fcws.state_py_12
cit_3568,3568,CAPIATA,py_ctrm_fcws.distri_153,base.py,py_ctrm_fcws.state_py_12
cit_3568,3568,CAPIATA,py_ctrm_fcws.distri_153,base.py,py_ctrm_fcws.state_py_12
cit_3568,3568,CAPIATA,py_ctrm_fcws.distri_153,base.py,py_ctrm_fcws.state_py_12
cit_3568,3568,CAPIATA,py_ctrm_fcws.distri_153,base.py,py_ctrm_fcws.state_py_12
cit_3568,3568,CAPIATA,py_ctrm_fcws.distri_153,base.py,py_ctrm_fcws.state_py_12
cit_3568,3568,CAPIATA,py_ctrm_fcws.distri_153,base.py,py_ctrm_fcws.state_py_12
cit_3568,3568,CAPIATA,py_ctrm_fcws.distri_153,base.py,py_ctrm_fcws.state_py_12
cit_3568,3568,CAPIATA,py_ctrm_fcws.distri_153,base.py,py_ctrm_fcws.state_py_12
cit_3568,3568,CAPIATA,py_ctrm_fcws.distri_153,base.py,py_ctrm_fcws.state_py_12
cit_3568,3568,CAPIATA,py_ctrm_fcws.distri_153,base.py,py_ctrm_fcws.state_py_12
cit_3568,3568,CAPIATA,py_ctrm_fcws.distri_153,base.py,py_ctrm_fcws.state_py_12
cit_3568,3568,CAPIATA,py_ctrm_fcws.distri_153,base.py,py_ctrm_fcws.state_py_12
cit_3568,3568,CAPIATA,py_ctrm_fcws.distri_153,base.py,py_ctrm_fcws.state_py_12
cit_3568,3568,CAPIATA,py_ctrm_fcws.distri_153,base.py,py_ctrm_fcws.state_py_12
cit_3568,3568,CAPIATA,py_ctrm_fcws.distri_153,base.py,py_ctrm_fcws.state_py_12
cit_3569,3569,ALDANA CAÑADA,py_ctrm_fcws.distri_153,base.py,py_ctrm_fcws.state_py_12
cit_3570,3570,COSTA SALINAS,py_ctrm_fcws.distri_153,base.py,py_ctrm_fcws.state_py_12
cit_3571,3571,COLONIA MILITAR,py_ctrm_fcws.distri_153,base.py,py_ctrm_fcws.state_py_12
cit_3572,3572,COMPAÑIA 14,py_ctrm_fcws.distri_153,base.py,py_ctrm_fcws.state_py_12
cit_3573,3573,COMPAÑIA 15,py_ctrm_fcws.distri_153,base.py,py_ctrm_fcws.state_py_12
cit_3574,3574,COSTA POI,py_ctrm_fcws.distri_153,base.py,py_ctrm_fcws.state_py_12
cit_3575,3575,LOMA BARRETO,py_ctrm_fcws.distri_153,base.py,py_ctrm_fcws.state_py_12
cit_3576,3576,NARANJA TY,py_ctrm_fcws.distri_153,base.py,py_ctrm_fcws.state_py_12
cit_3577,3577,POSTA YBYCUA,py_ctrm_fcws.distri_153,base.py,py_ctrm_fcws.state_py_12
cit_3578,3578,YBYCUA,py_ctrm_fcws.distri_153,base.py,py_ctrm_fcws.state_py_12
cit_3579,3579,ROJAS CAÑADA,py_ctrm_fcws.distri_153,base.py,py_ctrm_fcws.state_py_12
cit_3580,3580,SALINARES,py_ctrm_fcws.distri_153,base.py,py_ctrm_fcws.state_py_12
cit_3581,3581,TOLEDO CAÑADA,py_ctrm_fcws.distri_153,base.py,py_ctrm_fcws.state_py_12
cit_3582,3582,YBYRARO 2A.,py_ctrm_fcws.distri_153,base.py,py_ctrm_fcws.state_py_12
cit_3583,3583,YBYRARO 4A.,py_ctrm_fcws.distri_153,base.py,py_ctrm_fcws.state_py_12
cit_3584,3584,YATAITY,py_ctrm_fcws.distri_153,base.py,py_ctrm_fcws.state_py_12
cit_3585,3585,YUQUYRY,py_ctrm_fcws.distri_153,base.py,py_ctrm_fcws.state_py_12
cit_5747,5747,CAÑADITA,py_ctrm_fcws.distri_153,base.py,py_ctrm_fcws.state_py_12
cit_5748,5748,LAURELTY,py_ctrm_fcws.distri_153,base.py,py_ctrm_fcws.state_py_12
cit_5749,5749,POSTA YBYRARO,py_ctrm_fcws.distri_153,base.py,py_ctrm_fcws.state_py_12
cit_5750,5750,YBYRARO 3A.,py_ctrm_fcws.distri_153,base.py,py_ctrm_fcws.state_py_12
cit_5044,5044,FERNANDO DE LA MORA,py_ctrm_fcws.distri_154,base.py,py_ctrm_fcws.state_py_12
cit_5044,5044,FERNANDO DE LA MORA,py_ctrm_fcws.distri_154,base.py,py_ctrm_fcws.state_py_12
cit_5044,5044,FERNANDO DE LA MORA,py_ctrm_fcws.distri_154,base.py,py_ctrm_fcws.state_py_12
cit_5044,5044,FERNANDO DE LA MORA,py_ctrm_fcws.distri_154,base.py,py_ctrm_fcws.state_py_12
cit_5044,5044,FERNANDO DE LA MORA,py_ctrm_fcws.distri_154,base.py,py_ctrm_fcws.state_py_12
cit_5044,5044,FERNANDO DE LA MORA,py_ctrm_fcws.distri_154,base.py,py_ctrm_fcws.state_py_12
cit_5044,5044,FERNANDO DE LA MORA,py_ctrm_fcws.distri_154,base.py,py_ctrm_fcws.state_py_12
cit_5044,5044,FERNANDO DE LA MORA,py_ctrm_fcws.distri_154,base.py,py_ctrm_fcws.state_py_12
cit_5044,5044,FERNANDO DE LA MORA,py_ctrm_fcws.distri_154,base.py,py_ctrm_fcws.state_py_12
cit_5044,5044,FERNANDO DE LA MORA,py_ctrm_fcws.distri_154,base.py,py_ctrm_fcws.state_py_12
cit_5044,5044,FERNANDO DE LA MORA,py_ctrm_fcws.distri_154,base.py,py_ctrm_fcws.state_py_12
cit_5044,5044,FERNANDO DE LA MORA,py_ctrm_fcws.distri_154,base.py,py_ctrm_fcws.state_py_12
cit_5044,5044,FERNANDO DE LA MORA,py_ctrm_fcws.distri_154,base.py,py_ctrm_fcws.state_py_12
cit_5044,5044,FERNANDO DE LA MORA,py_ctrm_fcws.distri_154,base.py,py_ctrm_fcws.state_py_12
cit_5044,5044,FERNANDO DE LA MORA,py_ctrm_fcws.distri_154,base.py,py_ctrm_fcws.state_py_12
cit_5045,5045,4 VIENTOS,py_ctrm_fcws.distri_154,base.py,py_ctrm_fcws.state_py_12
cit_5046,5046,CALLE PUCU,py_ctrm_fcws.distri_154,base.py,py_ctrm_fcws.state_py_12
cit_5047,5047,CALLE ULTIMA,py_ctrm_fcws.distri_154,base.py,py_ctrm_fcws.state_py_12
cit_5048,5048,CAPIIPERY,py_ctrm_fcws.distri_154,base.py,py_ctrm_fcws.state_py_12
cit_5049,5049,COCUE GUAZU,py_ctrm_fcws.distri_154,base.py,py_ctrm_fcws.state_py_12
cit_5050,5050,GRAL.CABALLERO,py_ctrm_fcws.distri_154,base.py,py_ctrm_fcws.state_py_12
cit_5051,5051,LAGUNA GRANDE,py_ctrm_fcws.distri_154,base.py,py_ctrm_fcws.state_py_12
cit_5052,5052,ORILLA DEL CAMPO GRANDE,py_ctrm_fcws.distri_154,base.py,py_ctrm_fcws.state_py_12
cit_5053,5053,PITIANTUTA,py_ctrm_fcws.distri_154,base.py,py_ctrm_fcws.state_py_12
cit_5846,5846,BARRIO STA.MARIA,py_ctrm_fcws.distri_154,base.py,py_ctrm_fcws.state_py_12
cit_5847,5847,ITA CAAGUY,py_ctrm_fcws.distri_154,base.py,py_ctrm_fcws.state_py_12
cit_5054,5054,GUARAMBARE,py_ctrm_fcws.distri_155,base.py,py_ctrm_fcws.state_py_12
cit_5054,5054,GUARAMBARE,py_ctrm_fcws.distri_155,base.py,py_ctrm_fcws.state_py_12
cit_5054,5054,GUARAMBARE,py_ctrm_fcws.distri_155,base.py,py_ctrm_fcws.state_py_12
cit_5054,5054,GUARAMBARE,py_ctrm_fcws.distri_155,base.py,py_ctrm_fcws.state_py_12
cit_5055,5055,CAYGUA,py_ctrm_fcws.distri_155,base.py,py_ctrm_fcws.state_py_12
cit_5056,5056,RINCON LOMA,py_ctrm_fcws.distri_155,base.py,py_ctrm_fcws.state_py_12
cit_5057,5057,TYPYCHATY,py_ctrm_fcws.distri_155,base.py,py_ctrm_fcws.state_py_12
cit_5058,5058,TYPYRATY,py_ctrm_fcws.distri_155,base.py,py_ctrm_fcws.state_py_12
cit_5848,5848,RINCON,py_ctrm_fcws.distri_155,base.py,py_ctrm_fcws.state_py_12
cit_5059,5059,ARAÑA 1,py_ctrm_fcws.distri_156,base.py,py_ctrm_fcws.state_py_12
cit_5060,5060,AVEIRO,py_ctrm_fcws.distri_156,base.py,py_ctrm_fcws.state_py_12
cit_5061,5061,BARRIO PARANAMBU,py_ctrm_fcws.distri_156,base.py,py_ctrm_fcws.state_py_12
cit_5062,5062,CAAGUAZU (TAVY YOVAI),py_ctrm_fcws.distri_156,base.py,py_ctrm_fcws.state_py_12
cit_5063,5063,CALLE YVATE,py_ctrm_fcws.distri_156,base.py,py_ctrm_fcws.state_py_12
cit_5064,5064,CARAGUATAITY,py_ctrm_fcws.distri_156,base.py,py_ctrm_fcws.state_py_12
cit_5065,5065,CURUPICAYTY 1A.,py_ctrm_fcws.distri_156,base.py,py_ctrm_fcws.state_py_12
cit_5066,5066,CURUPICAYTY,py_ctrm_fcws.distri_156,base.py,py_ctrm_fcws.state_py_12
cit_5067,5067,ITA POTRERO,py_ctrm_fcws.distri_156,base.py,py_ctrm_fcws.state_py_12
cit_5068,5068,LAS PIEDRAS 1A.,py_ctrm_fcws.distri_156,base.py,py_ctrm_fcws.state_py_12
cit_5069,5069,LAS PIEDRAS 2A.,py_ctrm_fcws.distri_156,base.py,py_ctrm_fcws.state_py_12
cit_5070,5070,OCULTO,py_ctrm_fcws.distri_156,base.py,py_ctrm_fcws.state_py_12
cit_5071,5071,POSTA GAONA,py_ctrm_fcws.distri_156,base.py,py_ctrm_fcws.state_py_12
cit_5072,5072,POSTA GAONA 1A.,py_ctrm_fcws.distri_156,base.py,py_ctrm_fcws.state_py_12
cit_5073,5073,POTRERO POI,py_ctrm_fcws.distri_156,base.py,py_ctrm_fcws.state_py_12
cit_5074,5074,POTRERO POI 2A.,py_ctrm_fcws.distri_156,base.py,py_ctrm_fcws.state_py_12
cit_5075,5075,Y JHOVY 2A.,py_ctrm_fcws.distri_156,base.py,py_ctrm_fcws.state_py_12
cit_5076,5076,YAGUA ÑARO,py_ctrm_fcws.distri_156,base.py,py_ctrm_fcws.state_py_12
cit_5077,5077,YAGUA ÑARO 1A.,py_ctrm_fcws.distri_156,base.py,py_ctrm_fcws.state_py_12
cit_5849,5849,ITA,py_ctrm_fcws.distri_156,base.py,py_ctrm_fcws.state_py_12
cit_5849,5849,ITA,py_ctrm_fcws.distri_156,base.py,py_ctrm_fcws.state_py_12
cit_5849,5849,ITA,py_ctrm_fcws.distri_156,base.py,py_ctrm_fcws.state_py_12
cit_5849,5849,ITA,py_ctrm_fcws.distri_156,base.py,py_ctrm_fcws.state_py_12
cit_5850,5850,CAAGUZU,py_ctrm_fcws.distri_156,base.py,py_ctrm_fcws.state_py_12
cit_5851,5851,CHIRCATY (AVEIRO),py_ctrm_fcws.distri_156,base.py,py_ctrm_fcws.state_py_12
cit_5852,5852,PEGUAJHO,py_ctrm_fcws.distri_156,base.py,py_ctrm_fcws.state_py_12
cit_5853,5853,Y JHOVY,py_ctrm_fcws.distri_156,base.py,py_ctrm_fcws.state_py_12
cit_5078,5078,ALDANA CAÑADA,py_ctrm_fcws.distri_157,base.py,py_ctrm_fcws.state_py_12
cit_5079,5079,ALDANA CAÑADA 2A.,py_ctrm_fcws.distri_157,base.py,py_ctrm_fcws.state_py_12
cit_5080,5080,ARROYO ESTRELLA,py_ctrm_fcws.distri_157,base.py,py_ctrm_fcws.state_py_12
cit_5081,5081,CAÑADITA,py_ctrm_fcws.distri_157,base.py,py_ctrm_fcws.state_py_12
cit_5854,5854,ITAUGUA,py_ctrm_fcws.distri_157,base.py,py_ctrm_fcws.state_py_12
cit_5854,5854,ITAUGUA,py_ctrm_fcws.distri_157,base.py,py_ctrm_fcws.state_py_12
cit_5854,5854,ITAUGUA,py_ctrm_fcws.distri_157,base.py,py_ctrm_fcws.state_py_12
cit_5854,5854,ITAUGUA,py_ctrm_fcws.distri_157,base.py,py_ctrm_fcws.state_py_12
cit_5854,5854,ITAUGUA,py_ctrm_fcws.distri_157,base.py,py_ctrm_fcws.state_py_12
cit_5854,5854,ITAUGUA,py_ctrm_fcws.distri_157,base.py,py_ctrm_fcws.state_py_12
cit_5854,5854,ITAUGUA,py_ctrm_fcws.distri_157,base.py,py_ctrm_fcws.state_py_12
cit_5854,5854,ITAUGUA,py_ctrm_fcws.distri_157,base.py,py_ctrm_fcws.state_py_12
cit_5854,5854,ITAUGUA,py_ctrm_fcws.distri_157,base.py,py_ctrm_fcws.state_py_12
cit_5854,5854,ITAUGUA,py_ctrm_fcws.distri_157,base.py,py_ctrm_fcws.state_py_12
cit_5854,5854,ITAUGUA,py_ctrm_fcws.distri_157,base.py,py_ctrm_fcws.state_py_12
cit_5854,5854,ITAUGUA,py_ctrm_fcws.distri_157,base.py,py_ctrm_fcws.state_py_12
cit_5854,5854,ITAUGUA,py_ctrm_fcws.distri_157,base.py,py_ctrm_fcws.state_py_12
cit_5854,5854,ITAUGUA,py_ctrm_fcws.distri_157,base.py,py_ctrm_fcws.state_py_12
cit_5854,5854,ITAUGUA,py_ctrm_fcws.distri_157,base.py,py_ctrm_fcws.state_py_12
cit_5854,5854,ITAUGUA,py_ctrm_fcws.distri_157,base.py,py_ctrm_fcws.state_py_12
cit_5914,5914,CERRITO,py_ctrm_fcws.distri_157,base.py,py_ctrm_fcws.state_py_12
cit_5915,5915,ESTANZUELA,py_ctrm_fcws.distri_157,base.py,py_ctrm_fcws.state_py_12
cit_5916,5916,GUAYAYVITY,py_ctrm_fcws.distri_157,base.py,py_ctrm_fcws.state_py_12
cit_5917,5917,GUAZU VIRA,py_ctrm_fcws.distri_157,base.py,py_ctrm_fcws.state_py_12
cit_5918,5918,ITAUGUA GUAZU,py_ctrm_fcws.distri_157,base.py,py_ctrm_fcws.state_py_12
cit_5919,5919,ITAUGUA GUAZU 1A.,py_ctrm_fcws.distri_157,base.py,py_ctrm_fcws.state_py_12
cit_5920,5920,JHUGUA JHU,py_ctrm_fcws.distri_157,base.py,py_ctrm_fcws.state_py_12
cit_5921,5921,JHUGUA POTI,py_ctrm_fcws.distri_157,base.py,py_ctrm_fcws.state_py_12
cit_5922,5922,MBOI Y,py_ctrm_fcws.distri_157,base.py,py_ctrm_fcws.state_py_12
cit_5923,5923,MBOCAYATY DEL NORTE,py_ctrm_fcws.distri_157,base.py,py_ctrm_fcws.state_py_12
cit_5924,5924,MBOCAYATY DEL SUR,py_ctrm_fcws.distri_157,base.py,py_ctrm_fcws.state_py_12
cit_5925,5925,PATIÑO,py_ctrm_fcws.distri_157,base.py,py_ctrm_fcws.state_py_12
cit_5926,5926,POTRERO,py_ctrm_fcws.distri_157,base.py,py_ctrm_fcws.state_py_12
cit_5927,5927,POTRERO GUAZU,py_ctrm_fcws.distri_157,base.py,py_ctrm_fcws.state_py_12
cit_5928,5928,PUENTE,py_ctrm_fcws.distri_157,base.py,py_ctrm_fcws.state_py_12
cit_5929,5929,PUENTE ALEGRE,py_ctrm_fcws.distri_157,base.py,py_ctrm_fcws.state_py_12
cit_5930,5930,VALLE CARE,py_ctrm_fcws.distri_157,base.py,py_ctrm_fcws.state_py_12
cit_5931,5931,VILLA ALTA,py_ctrm_fcws.distri_157,base.py,py_ctrm_fcws.state_py_12
cit_5932,5932,YBYRA TY,py_ctrm_fcws.distri_157,base.py,py_ctrm_fcws.state_py_12
cit_5933,5933,ÑU POI,py_ctrm_fcws.distri_157,base.py,py_ctrm_fcws.state_py_12
cit_5934,5934,LIMPIO,py_ctrm_fcws.distri_158,base.py,py_ctrm_fcws.state_py_12
cit_5935,5935,AGUAPEY,py_ctrm_fcws.distri_158,base.py,py_ctrm_fcws.state_py_12
cit_5936,5936,COL.J.DE ZALAZAR,py_ctrm_fcws.distri_158,base.py,py_ctrm_fcws.state_py_12
cit_5937,5937,COSTA I,py_ctrm_fcws.distri_158,base.py,py_ctrm_fcws.state_py_12
cit_5938,5938,ISLA ARANDA,py_ctrm_fcws.distri_158,base.py,py_ctrm_fcws.state_py_12
cit_5939,5939,ISLA AVEIRO,py_ctrm_fcws.distri_158,base.py,py_ctrm_fcws.state_py_12
cit_5940,5940,LIMPIO (MUNICIPIO),py_ctrm_fcws.distri_158,base.py,py_ctrm_fcws.state_py_12
cit_5940,5940,LIMPIO (MUNICIPIO),py_ctrm_fcws.distri_158,base.py,py_ctrm_fcws.state_py_12
cit_5940,5940,LIMPIO (MUNICIPIO),py_ctrm_fcws.distri_158,base.py,py_ctrm_fcws.state_py_12
cit_5940,5940,LIMPIO (MUNICIPIO),py_ctrm_fcws.distri_158,base.py,py_ctrm_fcws.state_py_12
cit_5940,5940,LIMPIO (MUNICIPIO),py_ctrm_fcws.distri_158,base.py,py_ctrm_fcws.state_py_12
cit_5940,5940,LIMPIO (MUNICIPIO),py_ctrm_fcws.distri_158,base.py,py_ctrm_fcws.state_py_12
cit_5940,5940,LIMPIO (MUNICIPIO),py_ctrm_fcws.distri_158,base.py,py_ctrm_fcws.state_py_12
cit_5940,5940,LIMPIO (MUNICIPIO),py_ctrm_fcws.distri_158,base.py,py_ctrm_fcws.state_py_12
cit_5940,5940,LIMPIO (MUNICIPIO),py_ctrm_fcws.distri_158,base.py,py_ctrm_fcws.state_py_12
cit_5940,5940,LIMPIO (MUNICIPIO),py_ctrm_fcws.distri_158,base.py,py_ctrm_fcws.state_py_12
cit_5940,5940,LIMPIO (MUNICIPIO),py_ctrm_fcws.distri_158,base.py,py_ctrm_fcws.state_py_12
cit_5940,5940,LIMPIO (MUNICIPIO),py_ctrm_fcws.distri_158,base.py,py_ctrm_fcws.state_py_12
cit_5940,5940,LIMPIO (MUNICIPIO),py_ctrm_fcws.distri_158,base.py,py_ctrm_fcws.state_py_12
cit_5940,5940,LIMPIO (MUNICIPIO),py_ctrm_fcws.distri_158,base.py,py_ctrm_fcws.state_py_12
cit_5940,5940,LIMPIO (MUNICIPIO),py_ctrm_fcws.distri_158,base.py,py_ctrm_fcws.state_py_12
cit_5940,5940,LIMPIO (MUNICIPIO),py_ctrm_fcws.distri_158,base.py,py_ctrm_fcws.state_py_12
cit_5940,5940,LIMPIO (MUNICIPIO),py_ctrm_fcws.distri_158,base.py,py_ctrm_fcws.state_py_12
cit_5940,5940,LIMPIO (MUNICIPIO),py_ctrm_fcws.distri_158,base.py,py_ctrm_fcws.state_py_12
cit_5940,5940,LIMPIO (MUNICIPIO),py_ctrm_fcws.distri_158,base.py,py_ctrm_fcws.state_py_12
cit_5940,5940,LIMPIO (MUNICIPIO),py_ctrm_fcws.distri_158,base.py,py_ctrm_fcws.state_py_12
cit_5940,5940,LIMPIO (MUNICIPIO),py_ctrm_fcws.distri_158,base.py,py_ctrm_fcws.state_py_12
cit_5940,5940,LIMPIO (MUNICIPIO),py_ctrm_fcws.distri_158,base.py,py_ctrm_fcws.state_py_12
cit_5940,5940,LIMPIO (MUNICIPIO),py_ctrm_fcws.distri_158,base.py,py_ctrm_fcws.state_py_12
cit_5941,5941,MBAYU'E,py_ctrm_fcws.distri_158,base.py,py_ctrm_fcws.state_py_12
cit_5942,5942,MONTAÑA ALTA,py_ctrm_fcws.distri_158,base.py,py_ctrm_fcws.state_py_12
cit_5943,5943,PIQUETE CUE,py_ctrm_fcws.distri_158,base.py,py_ctrm_fcws.state_py_12
cit_5944,5944,RINCON DEL PEÑON,py_ctrm_fcws.distri_158,base.py,py_ctrm_fcws.state_py_12
cit_5945,5945,SALADO 1,py_ctrm_fcws.distri_158,base.py,py_ctrm_fcws.state_py_12
cit_5946,5946,LUQUE,py_ctrm_fcws.distri_159,base.py,py_ctrm_fcws.state_py_12
cit_5946,5946,LUQUE,py_ctrm_fcws.distri_159,base.py,py_ctrm_fcws.state_py_12
cit_5946,5946,LUQUE,py_ctrm_fcws.distri_159,base.py,py_ctrm_fcws.state_py_12
cit_5946,5946,LUQUE,py_ctrm_fcws.distri_159,base.py,py_ctrm_fcws.state_py_12
cit_5946,5946,LUQUE,py_ctrm_fcws.distri_159,base.py,py_ctrm_fcws.state_py_12
cit_5946,5946,LUQUE,py_ctrm_fcws.distri_159,base.py,py_ctrm_fcws.state_py_12
cit_5946,5946,LUQUE,py_ctrm_fcws.distri_159,base.py,py_ctrm_fcws.state_py_12
cit_5946,5946,LUQUE,py_ctrm_fcws.distri_159,base.py,py_ctrm_fcws.state_py_12
cit_5946,5946,LUQUE,py_ctrm_fcws.distri_159,base.py,py_ctrm_fcws.state_py_12
cit_5946,5946,LUQUE,py_ctrm_fcws.distri_159,base.py,py_ctrm_fcws.state_py_12
cit_5946,5946,LUQUE,py_ctrm_fcws.distri_159,base.py,py_ctrm_fcws.state_py_12
cit_5946,5946,LUQUE,py_ctrm_fcws.distri_159,base.py,py_ctrm_fcws.state_py_12
cit_5946,5946,LUQUE,py_ctrm_fcws.distri_159,base.py,py_ctrm_fcws.state_py_12
cit_5946,5946,LUQUE,py_ctrm_fcws.distri_159,base.py,py_ctrm_fcws.state_py_12
cit_5946,5946,LUQUE,py_ctrm_fcws.distri_159,base.py,py_ctrm_fcws.state_py_12
cit_5946,5946,LUQUE,py_ctrm_fcws.distri_159,base.py,py_ctrm_fcws.state_py_12
cit_5946,5946,LUQUE,py_ctrm_fcws.distri_159,base.py,py_ctrm_fcws.state_py_12
cit_5946,5946,LUQUE,py_ctrm_fcws.distri_159,base.py,py_ctrm_fcws.state_py_12
cit_5946,5946,LUQUE,py_ctrm_fcws.distri_159,base.py,py_ctrm_fcws.state_py_12
cit_5946,5946,LUQUE,py_ctrm_fcws.distri_159,base.py,py_ctrm_fcws.state_py_12
cit_5946,5946,LUQUE,py_ctrm_fcws.distri_159,base.py,py_ctrm_fcws.state_py_12
cit_5946,5946,LUQUE,py_ctrm_fcws.distri_159,base.py,py_ctrm_fcws.state_py_12
cit_5946,5946,LUQUE,py_ctrm_fcws.distri_159,base.py,py_ctrm_fcws.state_py_12
cit_5946,5946,LUQUE,py_ctrm_fcws.distri_159,base.py,py_ctrm_fcws.state_py_12
cit_5946,5946,LUQUE,py_ctrm_fcws.distri_159,base.py,py_ctrm_fcws.state_py_12
cit_5946,5946,LUQUE,py_ctrm_fcws.distri_159,base.py,py_ctrm_fcws.state_py_12
cit_5946,5946,LUQUE,py_ctrm_fcws.distri_159,base.py,py_ctrm_fcws.state_py_12
cit_5946,5946,LUQUE,py_ctrm_fcws.distri_159,base.py,py_ctrm_fcws.state_py_12
cit_5946,5946,LUQUE,py_ctrm_fcws.distri_159,base.py,py_ctrm_fcws.state_py_12
cit_5946,5946,LUQUE,py_ctrm_fcws.distri_159,base.py,py_ctrm_fcws.state_py_12
cit_5946,5946,LUQUE,py_ctrm_fcws.distri_159,base.py,py_ctrm_fcws.state_py_12
cit_5946,5946,LUQUE,py_ctrm_fcws.distri_159,base.py,py_ctrm_fcws.state_py_12
cit_5946,5946,LUQUE,py_ctrm_fcws.distri_159,base.py,py_ctrm_fcws.state_py_12
cit_5946,5946,LUQUE,py_ctrm_fcws.distri_159,base.py,py_ctrm_fcws.state_py_12
cit_5946,5946,LUQUE,py_ctrm_fcws.distri_159,base.py,py_ctrm_fcws.state_py_12
cit_5946,5946,LUQUE,py_ctrm_fcws.distri_159,base.py,py_ctrm_fcws.state_py_12
cit_5946,5946,LUQUE,py_ctrm_fcws.distri_159,base.py,py_ctrm_fcws.state_py_12
cit_5946,5946,LUQUE,py_ctrm_fcws.distri_159,base.py,py_ctrm_fcws.state_py_12
cit_5946,5946,LUQUE,py_ctrm_fcws.distri_159,base.py,py_ctrm_fcws.state_py_12
cit_5946,5946,LUQUE,py_ctrm_fcws.distri_159,base.py,py_ctrm_fcws.state_py_12
cit_5946,5946,LUQUE,py_ctrm_fcws.distri_159,base.py,py_ctrm_fcws.state_py_12
cit_5946,5946,LUQUE,py_ctrm_fcws.distri_159,base.py,py_ctrm_fcws.state_py_12
cit_5946,5946,LUQUE,py_ctrm_fcws.distri_159,base.py,py_ctrm_fcws.state_py_12
cit_5946,5946,LUQUE,py_ctrm_fcws.distri_159,base.py,py_ctrm_fcws.state_py_12
cit_5946,5946,LUQUE,py_ctrm_fcws.distri_159,base.py,py_ctrm_fcws.state_py_12
cit_5946,5946,LUQUE,py_ctrm_fcws.distri_159,base.py,py_ctrm_fcws.state_py_12
cit_5946,5946,LUQUE,py_ctrm_fcws.distri_159,base.py,py_ctrm_fcws.state_py_12
cit_5946,5946,LUQUE,py_ctrm_fcws.distri_159,base.py,py_ctrm_fcws.state_py_12
cit_5946,5946,LUQUE,py_ctrm_fcws.distri_159,base.py,py_ctrm_fcws.state_py_12
cit_5946,5946,LUQUE,py_ctrm_fcws.distri_159,base.py,py_ctrm_fcws.state_py_12
cit_5946,5946,LUQUE,py_ctrm_fcws.distri_159,base.py,py_ctrm_fcws.state_py_12
cit_5946,5946,LUQUE,py_ctrm_fcws.distri_159,base.py,py_ctrm_fcws.state_py_12
cit_5946,5946,LUQUE,py_ctrm_fcws.distri_159,base.py,py_ctrm_fcws.state_py_12
cit_5946,5946,LUQUE,py_ctrm_fcws.distri_159,base.py,py_ctrm_fcws.state_py_12
cit_5947,5947,AGUAPEY,py_ctrm_fcws.distri_159,base.py,py_ctrm_fcws.state_py_12
cit_5948,5948,AEROPUERTO,py_ctrm_fcws.distri_159,base.py,py_ctrm_fcws.state_py_12
cit_5949,5949,CAMPO GRANDE,py_ctrm_fcws.distri_159,base.py,py_ctrm_fcws.state_py_12
cit_5950,5950,CIA.AGUADEY,py_ctrm_fcws.distri_159,base.py,py_ctrm_fcws.state_py_12
cit_5951,5951,CIA.COSTA RUGUA,py_ctrm_fcws.distri_159,base.py,py_ctrm_fcws.state_py_12
cit_5952,5952,CIA.DIAZ MARIN CAAGUY,py_ctrm_fcws.distri_159,base.py,py_ctrm_fcws.state_py_12
cit_5953,5953,CIA.ITA ANGUA,py_ctrm_fcws.distri_159,base.py,py_ctrm_fcws.state_py_12
cit_5954,5954,CIA.ISLA ARANDA,py_ctrm_fcws.distri_159,base.py,py_ctrm_fcws.state_py_12
cit_5955,5955,CIA.ISLA BOGADO,py_ctrm_fcws.distri_159,base.py,py_ctrm_fcws.state_py_12
cit_5956,5956,CIA.MACA'I,py_ctrm_fcws.distri_159,base.py,py_ctrm_fcws.state_py_12
cit_5957,5957,CIA.SAN RAFAEL,py_ctrm_fcws.distri_159,base.py,py_ctrm_fcws.state_py_12
cit_5958,5958,CIA.SAN ROQUE,py_ctrm_fcws.distri_159,base.py,py_ctrm_fcws.state_py_12
cit_5959,5959,CIA.TARUMANDY,py_ctrm_fcws.distri_159,base.py,py_ctrm_fcws.state_py_12
cit_5960,5960,CIA.Y CA'A,py_ctrm_fcws.distri_159,base.py,py_ctrm_fcws.state_py_12
cit_5961,5961,CIA.YCUA CARANDAY,py_ctrm_fcws.distri_159,base.py,py_ctrm_fcws.state_py_12
cit_5962,5962,JHUGUA DE SEDA,py_ctrm_fcws.distri_159,base.py,py_ctrm_fcws.state_py_12
cit_5963,5963,LAURELTY,py_ctrm_fcws.distri_159,base.py,py_ctrm_fcws.state_py_12
cit_5964,5964,ZARATE ISLA,py_ctrm_fcws.distri_159,base.py,py_ctrm_fcws.state_py_12
cit_5965,5965,MARIANO ROQUE ALONSO,py_ctrm_fcws.distri_160,base.py,py_ctrm_fcws.state_py_12
cit_5966,5966,ARECAYA (MUNICIPIO),py_ctrm_fcws.distri_160,base.py,py_ctrm_fcws.state_py_12
cit_5967,5967,CAAGUY CUPE,py_ctrm_fcws.distri_160,base.py,py_ctrm_fcws.state_py_12
cit_5968,5968,CORUMBA CUE (MUNICIPIO),py_ctrm_fcws.distri_160,base.py,py_ctrm_fcws.state_py_12
cit_5969,5969,LA INMACULADA,py_ctrm_fcws.distri_160,base.py,py_ctrm_fcws.state_py_12
cit_5970,5970,MARIANO R.ALONSO (MUNICIPIO),py_ctrm_fcws.distri_160,base.py,py_ctrm_fcws.state_py_12
cit_5970,5970,MARIANO R.ALONSO (MUNICIPIO),py_ctrm_fcws.distri_160,base.py,py_ctrm_fcws.state_py_12
cit_5970,5970,MARIANO R.ALONSO (MUNICIPIO),py_ctrm_fcws.distri_160,base.py,py_ctrm_fcws.state_py_12
cit_5970,5970,MARIANO R.ALONSO (MUNICIPIO),py_ctrm_fcws.distri_160,base.py,py_ctrm_fcws.state_py_12
cit_5970,5970,MARIANO R.ALONSO (MUNICIPIO),py_ctrm_fcws.distri_160,base.py,py_ctrm_fcws.state_py_12
cit_5970,5970,MARIANO R.ALONSO (MUNICIPIO),py_ctrm_fcws.distri_160,base.py,py_ctrm_fcws.state_py_12
cit_5970,5970,MARIANO R.ALONSO (MUNICIPIO),py_ctrm_fcws.distri_160,base.py,py_ctrm_fcws.state_py_12
cit_5970,5970,MARIANO R.ALONSO (MUNICIPIO),py_ctrm_fcws.distri_160,base.py,py_ctrm_fcws.state_py_12
cit_5970,5970,MARIANO R.ALONSO (MUNICIPIO),py_ctrm_fcws.distri_160,base.py,py_ctrm_fcws.state_py_12
cit_5970,5970,MARIANO R.ALONSO (MUNICIPIO),py_ctrm_fcws.distri_160,base.py,py_ctrm_fcws.state_py_12
cit_5970,5970,MARIANO R.ALONSO (MUNICIPIO),py_ctrm_fcws.distri_160,base.py,py_ctrm_fcws.state_py_12
cit_5970,5970,MARIANO R.ALONSO (MUNICIPIO),py_ctrm_fcws.distri_160,base.py,py_ctrm_fcws.state_py_12
cit_5970,5970,MARIANO R.ALONSO (MUNICIPIO),py_ctrm_fcws.distri_160,base.py,py_ctrm_fcws.state_py_12
cit_5970,5970,MARIANO R.ALONSO (MUNICIPIO),py_ctrm_fcws.distri_160,base.py,py_ctrm_fcws.state_py_12
cit_5970,5970,MARIANO R.ALONSO (MUNICIPIO),py_ctrm_fcws.distri_160,base.py,py_ctrm_fcws.state_py_12
cit_5970,5970,MARIANO R.ALONSO (MUNICIPIO),py_ctrm_fcws.distri_160,base.py,py_ctrm_fcws.state_py_12
cit_5970,5970,MARIANO R.ALONSO (MUNICIPIO),py_ctrm_fcws.distri_160,base.py,py_ctrm_fcws.state_py_12
cit_5971,5971,ROJAS CUE (MUNICIPIO),py_ctrm_fcws.distri_160,base.py,py_ctrm_fcws.state_py_12
cit_5972,5972,ROJAS CUE 2A.(MUNICIPIO),py_ctrm_fcws.distri_160,base.py,py_ctrm_fcws.state_py_12
cit_5973,5973,SAN BLAS (MUNICIPIO),py_ctrm_fcws.distri_160,base.py,py_ctrm_fcws.state_py_12
cit_5974,5974,SAN RAMON (MUNICIPIO),py_ctrm_fcws.distri_160,base.py,py_ctrm_fcws.state_py_12
cit_5975,5975,ÑEMBY,py_ctrm_fcws.distri_161,base.py,py_ctrm_fcws.state_py_12
cit_5975,5975,ÑEMBY,py_ctrm_fcws.distri_161,base.py,py_ctrm_fcws.state_py_12
cit_5975,5975,ÑEMBY,py_ctrm_fcws.distri_161,base.py,py_ctrm_fcws.state_py_12
cit_5975,5975,ÑEMBY,py_ctrm_fcws.distri_161,base.py,py_ctrm_fcws.state_py_12
cit_5975,5975,ÑEMBY,py_ctrm_fcws.distri_161,base.py,py_ctrm_fcws.state_py_12
cit_5975,5975,ÑEMBY,py_ctrm_fcws.distri_161,base.py,py_ctrm_fcws.state_py_12
cit_5975,5975,ÑEMBY,py_ctrm_fcws.distri_161,base.py,py_ctrm_fcws.state_py_12
cit_5975,5975,ÑEMBY,py_ctrm_fcws.distri_161,base.py,py_ctrm_fcws.state_py_12
cit_5975,5975,ÑEMBY,py_ctrm_fcws.distri_161,base.py,py_ctrm_fcws.state_py_12
cit_5975,5975,ÑEMBY,py_ctrm_fcws.distri_161,base.py,py_ctrm_fcws.state_py_12
cit_5975,5975,ÑEMBY,py_ctrm_fcws.distri_161,base.py,py_ctrm_fcws.state_py_12
cit_5975,5975,ÑEMBY,py_ctrm_fcws.distri_161,base.py,py_ctrm_fcws.state_py_12
cit_5975,5975,ÑEMBY,py_ctrm_fcws.distri_161,base.py,py_ctrm_fcws.state_py_12
cit_5975,5975,ÑEMBY,py_ctrm_fcws.distri_161,base.py,py_ctrm_fcws.state_py_12
cit_5975,5975,ÑEMBY,py_ctrm_fcws.distri_161,base.py,py_ctrm_fcws.state_py_12
cit_5975,5975,ÑEMBY,py_ctrm_fcws.distri_161,base.py,py_ctrm_fcws.state_py_12
cit_5976,5976,ARROYO SECO,py_ctrm_fcws.distri_161,base.py,py_ctrm_fcws.state_py_12
cit_5977,5977,CERRO ÑEMBY,py_ctrm_fcws.distri_161,base.py,py_ctrm_fcws.state_py_12
cit_5978,5978,CIA.RINCON,py_ctrm_fcws.distri_161,base.py,py_ctrm_fcws.state_py_12
cit_5979,5979,PA'I ÑU,py_ctrm_fcws.distri_161,base.py,py_ctrm_fcws.state_py_12
cit_5980,5980,NUEVA ITALIA,py_ctrm_fcws.distri_162,base.py,py_ctrm_fcws.state_py_12
cit_5981,5981,BARRIO LAS MERCEDES,py_ctrm_fcws.distri_162,base.py,py_ctrm_fcws.state_py_12
cit_5982,5982,BARRIO SAN ANTONIO,py_ctrm_fcws.distri_162,base.py,py_ctrm_fcws.state_py_12
cit_5983,5983,BARRIO SAN LORENZO,py_ctrm_fcws.distri_162,base.py,py_ctrm_fcws.state_py_12
cit_5984,5984,BARRIO SAN ROQUE,py_ctrm_fcws.distri_162,base.py,py_ctrm_fcws.state_py_12
cit_5985,5985,CALLE 1A.TACUARAS,py_ctrm_fcws.distri_162,base.py,py_ctrm_fcws.state_py_12
cit_5986,5986,CALLE 2A.TACUARAS,py_ctrm_fcws.distri_162,base.py,py_ctrm_fcws.state_py_12
cit_5987,5987,CALLE 3,py_ctrm_fcws.distri_162,base.py,py_ctrm_fcws.state_py_12
cit_5988,5988,CALLE 3A.TACUARAS,py_ctrm_fcws.distri_162,base.py,py_ctrm_fcws.state_py_12
cit_5989,5989,CALLE 4,py_ctrm_fcws.distri_162,base.py,py_ctrm_fcws.state_py_12
cit_5990,5990,CALLE 4A.TACUARAS,py_ctrm_fcws.distri_162,base.py,py_ctrm_fcws.state_py_12
cit_5991,5991,CALLE 5,py_ctrm_fcws.distri_162,base.py,py_ctrm_fcws.state_py_12
cit_5992,5992,CALLE 5A.TACUARAS,py_ctrm_fcws.distri_162,base.py,py_ctrm_fcws.state_py_12
cit_5993,5993,CALLE 6,py_ctrm_fcws.distri_162,base.py,py_ctrm_fcws.state_py_12
cit_5994,5994,CALLE 8,py_ctrm_fcws.distri_162,base.py,py_ctrm_fcws.state_py_12
cit_5995,5995,CALLE CORAZON DE JESUS,py_ctrm_fcws.distri_162,base.py,py_ctrm_fcws.state_py_12
cit_5996,5996,CERRO PE (ISLA GUAVIRA),py_ctrm_fcws.distri_162,base.py,py_ctrm_fcws.state_py_12
cit_5997,5997,ESTANCIA CASTOR CUE,py_ctrm_fcws.distri_162,base.py,py_ctrm_fcws.state_py_12
cit_5998,5998,ISLA GUAVIRA,py_ctrm_fcws.distri_162,base.py,py_ctrm_fcws.state_py_12
cit_5999,5999,NUEVA ITALIA (MUNICIPIO),py_ctrm_fcws.distri_162,base.py,py_ctrm_fcws.state_py_12
cit_5999,5999,NUEVA ITALIA (MUNICIPIO),py_ctrm_fcws.distri_162,base.py,py_ctrm_fcws.state_py_12
cit_5999,5999,NUEVA ITALIA (MUNICIPIO),py_ctrm_fcws.distri_162,base.py,py_ctrm_fcws.state_py_12
cit_5999,5999,NUEVA ITALIA (MUNICIPIO),py_ctrm_fcws.distri_162,base.py,py_ctrm_fcws.state_py_12
cit_6000,6000,SAN ANTONIO,py_ctrm_fcws.distri_162,base.py,py_ctrm_fcws.state_py_12
cit_6001,6001,SANTA LIBRADA,py_ctrm_fcws.distri_162,base.py,py_ctrm_fcws.state_py_12
cit_6002,6002,SANTA ROSA,py_ctrm_fcws.distri_162,base.py,py_ctrm_fcws.state_py_12
cit_6003,6003,SAN ANTONIO,py_ctrm_fcws.distri_163,base.py,py_ctrm_fcws.state_py_12
cit_6004,6004,ACHUCARRO MUNICIPIO,py_ctrm_fcws.distri_163,base.py,py_ctrm_fcws.state_py_12
cit_6005,6005,BANCO SAN ANTONIO (MUNICIPIO),py_ctrm_fcws.distri_163,base.py,py_ctrm_fcws.state_py_12
cit_6006,6006,MBOCAYATY (MUNICIPIO),py_ctrm_fcws.distri_163,base.py,py_ctrm_fcws.state_py_12
cit_6007,6007,OLMEDO (MUNICIPIO),py_ctrm_fcws.distri_163,base.py,py_ctrm_fcws.state_py_12
cit_6008,6008,SAN ANTONIO (MUNICIPIO),py_ctrm_fcws.distri_163,base.py,py_ctrm_fcws.state_py_12
cit_6008,6008,SAN ANTONIO (MUNICIPIO),py_ctrm_fcws.distri_163,base.py,py_ctrm_fcws.state_py_12
cit_6008,6008,SAN ANTONIO (MUNICIPIO),py_ctrm_fcws.distri_163,base.py,py_ctrm_fcws.state_py_12
cit_6008,6008,SAN ANTONIO (MUNICIPIO),py_ctrm_fcws.distri_163,base.py,py_ctrm_fcws.state_py_12
cit_6008,6008,SAN ANTONIO (MUNICIPIO),py_ctrm_fcws.distri_163,base.py,py_ctrm_fcws.state_py_12
cit_6008,6008,SAN ANTONIO (MUNICIPIO),py_ctrm_fcws.distri_163,base.py,py_ctrm_fcws.state_py_12
cit_6008,6008,SAN ANTONIO (MUNICIPIO),py_ctrm_fcws.distri_163,base.py,py_ctrm_fcws.state_py_12
cit_6008,6008,SAN ANTONIO (MUNICIPIO),py_ctrm_fcws.distri_163,base.py,py_ctrm_fcws.state_py_12
cit_6008,6008,SAN ANTONIO (MUNICIPIO),py_ctrm_fcws.distri_163,base.py,py_ctrm_fcws.state_py_12
cit_6008,6008,SAN ANTONIO (MUNICIPIO),py_ctrm_fcws.distri_163,base.py,py_ctrm_fcws.state_py_12
cit_6008,6008,SAN ANTONIO (MUNICIPIO),py_ctrm_fcws.distri_163,base.py,py_ctrm_fcws.state_py_12
cit_6008,6008,SAN ANTONIO (MUNICIPIO),py_ctrm_fcws.distri_163,base.py,py_ctrm_fcws.state_py_12
cit_6008,6008,SAN ANTONIO (MUNICIPIO),py_ctrm_fcws.distri_163,base.py,py_ctrm_fcws.state_py_12
cit_6008,6008,SAN ANTONIO (MUNICIPIO),py_ctrm_fcws.distri_163,base.py,py_ctrm_fcws.state_py_12
cit_6008,6008,SAN ANTONIO (MUNICIPIO),py_ctrm_fcws.distri_163,base.py,py_ctrm_fcws.state_py_12
cit_6009,6009,SAN ANTONIO I (MUNICIPIO),py_ctrm_fcws.distri_163,base.py,py_ctrm_fcws.state_py_12
cit_5903,5903,KILOMETRO 9,py_ctrm_fcws.distri_164,base.py,py_ctrm_fcws.state_py_12
cit_5904,5904,ORILLA DEL CAMPO GRANDE,py_ctrm_fcws.distri_164,base.py,py_ctrm_fcws.state_py_12
cit_5905,5905,SAN ISIDRO,py_ctrm_fcws.distri_164,base.py,py_ctrm_fcws.state_py_12
cit_5906,5906,TAYASUAPE,py_ctrm_fcws.distri_164,base.py,py_ctrm_fcws.state_py_12
cit_5907,5907,YSATY,py_ctrm_fcws.distri_164,base.py,py_ctrm_fcws.state_py_12
cit_6010,6010,SAN LORENZO,py_ctrm_fcws.distri_164,base.py,py_ctrm_fcws.state_py_12
cit_6010,6010,SAN LORENZO,py_ctrm_fcws.distri_164,base.py,py_ctrm_fcws.state_py_12
cit_6010,6010,SAN LORENZO,py_ctrm_fcws.distri_164,base.py,py_ctrm_fcws.state_py_12
cit_6010,6010,SAN LORENZO,py_ctrm_fcws.distri_164,base.py,py_ctrm_fcws.state_py_12
cit_6010,6010,SAN LORENZO,py_ctrm_fcws.distri_164,base.py,py_ctrm_fcws.state_py_12
cit_6010,6010,SAN LORENZO,py_ctrm_fcws.distri_164,base.py,py_ctrm_fcws.state_py_12
cit_6010,6010,SAN LORENZO,py_ctrm_fcws.distri_164,base.py,py_ctrm_fcws.state_py_12
cit_6010,6010,SAN LORENZO,py_ctrm_fcws.distri_164,base.py,py_ctrm_fcws.state_py_12
cit_6010,6010,SAN LORENZO,py_ctrm_fcws.distri_164,base.py,py_ctrm_fcws.state_py_12
cit_6010,6010,SAN LORENZO,py_ctrm_fcws.distri_164,base.py,py_ctrm_fcws.state_py_12
cit_6010,6010,SAN LORENZO,py_ctrm_fcws.distri_164,base.py,py_ctrm_fcws.state_py_12
cit_6010,6010,SAN LORENZO,py_ctrm_fcws.distri_164,base.py,py_ctrm_fcws.state_py_12
cit_6010,6010,SAN LORENZO,py_ctrm_fcws.distri_164,base.py,py_ctrm_fcws.state_py_12
cit_6010,6010,SAN LORENZO,py_ctrm_fcws.distri_164,base.py,py_ctrm_fcws.state_py_12
cit_6010,6010,SAN LORENZO,py_ctrm_fcws.distri_164,base.py,py_ctrm_fcws.state_py_12
cit_6010,6010,SAN LORENZO,py_ctrm_fcws.distri_164,base.py,py_ctrm_fcws.state_py_12
cit_6010,6010,SAN LORENZO,py_ctrm_fcws.distri_164,base.py,py_ctrm_fcws.state_py_12
cit_6010,6010,SAN LORENZO,py_ctrm_fcws.distri_164,base.py,py_ctrm_fcws.state_py_12
cit_6010,6010,SAN LORENZO,py_ctrm_fcws.distri_164,base.py,py_ctrm_fcws.state_py_12
cit_6010,6010,SAN LORENZO,py_ctrm_fcws.distri_164,base.py,py_ctrm_fcws.state_py_12
cit_6010,6010,SAN LORENZO,py_ctrm_fcws.distri_164,base.py,py_ctrm_fcws.state_py_12
cit_6010,6010,SAN LORENZO,py_ctrm_fcws.distri_164,base.py,py_ctrm_fcws.state_py_12
cit_6010,6010,SAN LORENZO,py_ctrm_fcws.distri_164,base.py,py_ctrm_fcws.state_py_12
cit_6010,6010,SAN LORENZO,py_ctrm_fcws.distri_164,base.py,py_ctrm_fcws.state_py_12
cit_6010,6010,SAN LORENZO,py_ctrm_fcws.distri_164,base.py,py_ctrm_fcws.state_py_12
cit_6010,6010,SAN LORENZO,py_ctrm_fcws.distri_164,base.py,py_ctrm_fcws.state_py_12
cit_6010,6010,SAN LORENZO,py_ctrm_fcws.distri_164,base.py,py_ctrm_fcws.state_py_12
cit_6010,6010,SAN LORENZO,py_ctrm_fcws.distri_164,base.py,py_ctrm_fcws.state_py_12
cit_6010,6010,SAN LORENZO,py_ctrm_fcws.distri_164,base.py,py_ctrm_fcws.state_py_12
cit_6010,6010,SAN LORENZO,py_ctrm_fcws.distri_164,base.py,py_ctrm_fcws.state_py_12
cit_6010,6010,SAN LORENZO,py_ctrm_fcws.distri_164,base.py,py_ctrm_fcws.state_py_12
cit_6010,6010,SAN LORENZO,py_ctrm_fcws.distri_164,base.py,py_ctrm_fcws.state_py_12
cit_6010,6010,SAN LORENZO,py_ctrm_fcws.distri_164,base.py,py_ctrm_fcws.state_py_12
cit_6010,6010,SAN LORENZO,py_ctrm_fcws.distri_164,base.py,py_ctrm_fcws.state_py_12
cit_6010,6010,SAN LORENZO,py_ctrm_fcws.distri_164,base.py,py_ctrm_fcws.state_py_12
cit_6010,6010,SAN LORENZO,py_ctrm_fcws.distri_164,base.py,py_ctrm_fcws.state_py_12
cit_6010,6010,SAN LORENZO,py_ctrm_fcws.distri_164,base.py,py_ctrm_fcws.state_py_12
cit_6010,6010,SAN LORENZO,py_ctrm_fcws.distri_164,base.py,py_ctrm_fcws.state_py_12
cit_6010,6010,SAN LORENZO,py_ctrm_fcws.distri_164,base.py,py_ctrm_fcws.state_py_12
cit_6010,6010,SAN LORENZO,py_ctrm_fcws.distri_164,base.py,py_ctrm_fcws.state_py_12
cit_6010,6010,SAN LORENZO,py_ctrm_fcws.distri_164,base.py,py_ctrm_fcws.state_py_12
cit_6010,6010,SAN LORENZO,py_ctrm_fcws.distri_164,base.py,py_ctrm_fcws.state_py_12
cit_6010,6010,SAN LORENZO,py_ctrm_fcws.distri_164,base.py,py_ctrm_fcws.state_py_12
cit_6010,6010,SAN LORENZO,py_ctrm_fcws.distri_164,base.py,py_ctrm_fcws.state_py_12
cit_6010,6010,SAN LORENZO,py_ctrm_fcws.distri_164,base.py,py_ctrm_fcws.state_py_12
cit_6010,6010,SAN LORENZO,py_ctrm_fcws.distri_164,base.py,py_ctrm_fcws.state_py_12
cit_6010,6010,SAN LORENZO,py_ctrm_fcws.distri_164,base.py,py_ctrm_fcws.state_py_12
cit_6010,6010,SAN LORENZO,py_ctrm_fcws.distri_164,base.py,py_ctrm_fcws.state_py_12
cit_6010,6010,SAN LORENZO,py_ctrm_fcws.distri_164,base.py,py_ctrm_fcws.state_py_12
cit_6010,6010,SAN LORENZO,py_ctrm_fcws.distri_164,base.py,py_ctrm_fcws.state_py_12
cit_6010,6010,SAN LORENZO,py_ctrm_fcws.distri_164,base.py,py_ctrm_fcws.state_py_12
cit_6010,6010,SAN LORENZO,py_ctrm_fcws.distri_164,base.py,py_ctrm_fcws.state_py_12
cit_6011,6011,ARECO PAU,py_ctrm_fcws.distri_164,base.py,py_ctrm_fcws.state_py_12
cit_6012,6012,BAJADA CUE,py_ctrm_fcws.distri_164,base.py,py_ctrm_fcws.state_py_12
cit_6013,6013,BARCEQUILLO,py_ctrm_fcws.distri_164,base.py,py_ctrm_fcws.state_py_12
cit_6014,6014,BARRIO DOROTEA C. CAMPOS,py_ctrm_fcws.distri_164,base.py,py_ctrm_fcws.state_py_12
cit_6015,6015,BOGADO,py_ctrm_fcws.distri_164,base.py,py_ctrm_fcws.state_py_12
cit_6016,6016,CAMPAMENTO,py_ctrm_fcws.distri_164,base.py,py_ctrm_fcws.state_py_12
cit_6017,6017,CAMPO GRANDE,py_ctrm_fcws.distri_164,base.py,py_ctrm_fcws.state_py_12
cit_6018,6018,CAMPO CERVERA,py_ctrm_fcws.distri_164,base.py,py_ctrm_fcws.state_py_12
cit_6019,6019,CAPELLANIA,py_ctrm_fcws.distri_164,base.py,py_ctrm_fcws.state_py_12
cit_6020,6020,CAPI'I PE RY,py_ctrm_fcws.distri_164,base.py,py_ctrm_fcws.state_py_12
cit_6021,6021,CAPILLA CUE,py_ctrm_fcws.distri_164,base.py,py_ctrm_fcws.state_py_12
cit_6022,6022,CAÑADA LAGUNA GRANDE,py_ctrm_fcws.distri_164,base.py,py_ctrm_fcws.state_py_12
cit_6023,6023,CAÑADA SOLINS Y OTROS,py_ctrm_fcws.distri_164,base.py,py_ctrm_fcws.state_py_12
cit_6024,6024,COCUERE,py_ctrm_fcws.distri_164,base.py,py_ctrm_fcws.state_py_12
cit_6025,6025,COLEGIO,py_ctrm_fcws.distri_164,base.py,py_ctrm_fcws.state_py_12
cit_6026,6026,CIA.DE LAS TRES LAGUNAS,py_ctrm_fcws.distri_164,base.py,py_ctrm_fcws.state_py_12
cit_6027,6027,CORDILLERITA,py_ctrm_fcws.distri_164,base.py,py_ctrm_fcws.state_py_12
cit_6028,6028,CURUZU MBOCAYA,py_ctrm_fcws.distri_164,base.py,py_ctrm_fcws.state_py_12
cit_6029,6029,LAUREL GRANDE,py_ctrm_fcws.distri_164,base.py,py_ctrm_fcws.state_py_12
cit_6030,6030,LAGUNA MBOIJHAbase.py,py_ctrm_fcws.distri_164,base.py,py_ctrm_fcws.state_py_12
cit_6031,6031,LAURELTY,py_ctrm_fcws.distri_164,base.py,py_ctrm_fcws.state_py_12
cit_6032,6032,LOMA,py_ctrm_fcws.distri_164,base.py,py_ctrm_fcws.state_py_12
cit_6033,6033,ORILLA DEL PUERTO,py_ctrm_fcws.distri_164,base.py,py_ctrm_fcws.state_py_12
cit_6034,6034,POTRERO POI,py_ctrm_fcws.distri_164,base.py,py_ctrm_fcws.state_py_12
cit_6035,6035,RECLUTA,py_ctrm_fcws.distri_164,base.py,py_ctrm_fcws.state_py_12
cit_6036,6036,REDUCTO,py_ctrm_fcws.distri_164,base.py,py_ctrm_fcws.state_py_12
cit_6037,6037,RINCON,py_ctrm_fcws.distri_164,base.py,py_ctrm_fcws.state_py_12
cit_6038,6038,SAN ANTONIO,py_ctrm_fcws.distri_164,base.py,py_ctrm_fcws.state_py_12
cit_6039,6039,SAN JOSE,py_ctrm_fcws.distri_164,base.py,py_ctrm_fcws.state_py_12
cit_6040,6040,SAN LORENZO (MUNICIPIO),py_ctrm_fcws.distri_164,base.py,py_ctrm_fcws.state_py_12
cit_6040,6040,SAN LORENZO (MUNICIPIO),py_ctrm_fcws.distri_164,base.py,py_ctrm_fcws.state_py_12
cit_6040,6040,SAN LORENZO (MUNICIPIO),py_ctrm_fcws.distri_164,base.py,py_ctrm_fcws.state_py_12
cit_6040,6040,SAN LORENZO (MUNICIPIO),py_ctrm_fcws.distri_164,base.py,py_ctrm_fcws.state_py_12
cit_6041,6041,SAN MIGUEL,py_ctrm_fcws.distri_164,base.py,py_ctrm_fcws.state_py_12
cit_6042,6042,SUBURBIO,py_ctrm_fcws.distri_164,base.py,py_ctrm_fcws.state_py_12
cit_6043,6043,YATAITY,py_ctrm_fcws.distri_164,base.py,py_ctrm_fcws.state_py_12
cit_6044,6044,YBAPURUNDY,py_ctrm_fcws.distri_164,base.py,py_ctrm_fcws.state_py_12
cit_6045,6045,YCUA POI,py_ctrm_fcws.distri_164,base.py,py_ctrm_fcws.state_py_12
cit_6046,6046,YPE YCUA,py_ctrm_fcws.distri_164,base.py,py_ctrm_fcws.state_py_12
cit_6047,6047,ZABALAS CUE,py_ctrm_fcws.distri_164,base.py,py_ctrm_fcws.state_py_12
cit_6048,6048,ZANGUINA GRANDE,py_ctrm_fcws.distri_164,base.py,py_ctrm_fcws.state_py_12
cit_5908,5908,ARROYO SECO (MUNICIPIO),py_ctrm_fcws.distri_165,base.py,py_ctrm_fcws.state_py_12
cit_6049,6049,VILLA ELISA,py_ctrm_fcws.distri_165,base.py,py_ctrm_fcws.state_py_12
cit_6050,6050,CALLE ULTIMA (MUNICIPIO),py_ctrm_fcws.distri_165,base.py,py_ctrm_fcws.state_py_12
cit_6051,6051,MBOCAYATY (MUNICIPIO),py_ctrm_fcws.distri_165,base.py,py_ctrm_fcws.state_py_12
cit_6052,6052,PICADA (MUNICIPIO),py_ctrm_fcws.distri_165,base.py,py_ctrm_fcws.state_py_12
cit_6053,6053,REMANSO (MUNCIPIO),py_ctrm_fcws.distri_165,base.py,py_ctrm_fcws.state_py_12
cit_6054,6054,VILLA ELISA (MUNCIPIO),py_ctrm_fcws.distri_165,base.py,py_ctrm_fcws.state_py_12
cit_6054,6054,VILLA ELISA (MUNCIPIO),py_ctrm_fcws.distri_165,base.py,py_ctrm_fcws.state_py_12
cit_6054,6054,VILLA ELISA (MUNCIPIO),py_ctrm_fcws.distri_165,base.py,py_ctrm_fcws.state_py_12
cit_6054,6054,VILLA ELISA (MUNCIPIO),py_ctrm_fcws.distri_165,base.py,py_ctrm_fcws.state_py_12
cit_6054,6054,VILLA ELISA (MUNCIPIO),py_ctrm_fcws.distri_165,base.py,py_ctrm_fcws.state_py_12
cit_6054,6054,VILLA ELISA (MUNCIPIO),py_ctrm_fcws.distri_165,base.py,py_ctrm_fcws.state_py_12
cit_6054,6054,VILLA ELISA (MUNCIPIO),py_ctrm_fcws.distri_165,base.py,py_ctrm_fcws.state_py_12
cit_6054,6054,VILLA ELISA (MUNCIPIO),py_ctrm_fcws.distri_165,base.py,py_ctrm_fcws.state_py_12
cit_6054,6054,VILLA ELISA (MUNCIPIO),py_ctrm_fcws.distri_165,base.py,py_ctrm_fcws.state_py_12
cit_6054,6054,VILLA ELISA (MUNCIPIO),py_ctrm_fcws.distri_165,base.py,py_ctrm_fcws.state_py_12
cit_6054,6054,VILLA ELISA (MUNCIPIO),py_ctrm_fcws.distri_165,base.py,py_ctrm_fcws.state_py_12
cit_6054,6054,VILLA ELISA (MUNCIPIO),py_ctrm_fcws.distri_165,base.py,py_ctrm_fcws.state_py_12
cit_6054,6054,VILLA ELISA (MUNCIPIO),py_ctrm_fcws.distri_165,base.py,py_ctrm_fcws.state_py_12
cit_6054,6054,VILLA ELISA (MUNCIPIO),py_ctrm_fcws.distri_165,base.py,py_ctrm_fcws.state_py_12
cit_6054,6054,VILLA ELISA (MUNCIPIO),py_ctrm_fcws.distri_165,base.py,py_ctrm_fcws.state_py_12
cit_6054,6054,VILLA ELISA (MUNCIPIO),py_ctrm_fcws.distri_165,base.py,py_ctrm_fcws.state_py_12
cit_6055,6055,YPATI (MUNICIPIO),py_ctrm_fcws.distri_165,base.py,py_ctrm_fcws.state_py_12
cit_5909,5909,VILLETA,py_ctrm_fcws.distri_166,base.py,py_ctrm_fcws.state_py_12
cit_5910,5910,BUEY RODEO,py_ctrm_fcws.distri_166,base.py,py_ctrm_fcws.state_py_12
cit_5911,5911,GUAZU CORA,py_ctrm_fcws.distri_166,base.py,py_ctrm_fcws.state_py_12
cit_5912,5912,PUERTO ANGOSTURA,py_ctrm_fcws.distri_166,base.py,py_ctrm_fcws.state_py_12
cit_5913,5913,SURUBI Y,py_ctrm_fcws.distri_166,base.py,py_ctrm_fcws.state_py_12
cit_6056,6056,AVAY,py_ctrm_fcws.distri_166,base.py,py_ctrm_fcws.state_py_12
cit_6057,6057,BANCO LOBATO,py_ctrm_fcws.distri_166,base.py,py_ctrm_fcws.state_py_12
cit_6058,6058,BANCO SANTA ROSA,py_ctrm_fcws.distri_166,base.py,py_ctrm_fcws.state_py_12
cit_6059,6059,TACUATY RUGUA,py_ctrm_fcws.distri_166,base.py,py_ctrm_fcws.state_py_12
cit_6060,6060,TACURY TY,py_ctrm_fcws.distri_166,base.py,py_ctrm_fcws.state_py_12
cit_6061,6061,CUMBARITY,py_ctrm_fcws.distri_166,base.py,py_ctrm_fcws.state_py_12
cit_6062,6062,ESTANCIA GUYRA TI,py_ctrm_fcws.distri_166,base.py,py_ctrm_fcws.state_py_12
cit_6063,6063,ITA YBATE,py_ctrm_fcws.distri_166,base.py,py_ctrm_fcws.state_py_12
cit_6064,6064,ITA YBATE 1A.,py_ctrm_fcws.distri_166,base.py,py_ctrm_fcws.state_py_12
cit_6065,6065,LOMA PERO,py_ctrm_fcws.distri_166,base.py,py_ctrm_fcws.state_py_12
cit_6066,6066,LOMAS VALENTINA,py_ctrm_fcws.distri_166,base.py,py_ctrm_fcws.state_py_12
cit_6067,6067,PUERTO GUYRA TI,py_ctrm_fcws.distri_166,base.py,py_ctrm_fcws.state_py_12
cit_6068,6068,PUERTO SANTA ROSA,py_ctrm_fcws.distri_166,base.py,py_ctrm_fcws.state_py_12
cit_6069,6069,PUERTO SARA,py_ctrm_fcws.distri_166,base.py,py_ctrm_fcws.state_py_12
cit_6070,6070,RETIRO CAMALOTAL,py_ctrm_fcws.distri_166,base.py,py_ctrm_fcws.state_py_12
cit_6071,6071,SANJA PYTA,py_ctrm_fcws.distri_166,base.py,py_ctrm_fcws.state_py_12
cit_6072,6072,SENDA,py_ctrm_fcws.distri_166,base.py,py_ctrm_fcws.state_py_12
cit_6073,6073,TACUATY,py_ctrm_fcws.distri_166,base.py,py_ctrm_fcws.state_py_12
cit_6074,6074,VILLETA (MUNICIPIO),py_ctrm_fcws.distri_166,base.py,py_ctrm_fcws.state_py_12
cit_6074,6074,VILLETA (MUNICIPIO),py_ctrm_fcws.distri_166,base.py,py_ctrm_fcws.state_py_12
cit_6074,6074,VILLETA (MUNICIPIO),py_ctrm_fcws.distri_166,base.py,py_ctrm_fcws.state_py_12
cit_6074,6074,VILLETA (MUNICIPIO),py_ctrm_fcws.distri_166,base.py,py_ctrm_fcws.state_py_12
cit_6074,6074,VILLETA (MUNICIPIO),py_ctrm_fcws.distri_166,base.py,py_ctrm_fcws.state_py_12
cit_6074,6074,VILLETA (MUNICIPIO),py_ctrm_fcws.distri_166,base.py,py_ctrm_fcws.state_py_12
cit_6075,6075,YPE CU,py_ctrm_fcws.distri_166,base.py,py_ctrm_fcws.state_py_12
cit_6076,6076,YPACARAI,py_ctrm_fcws.distri_167,base.py,py_ctrm_fcws.state_py_12
cit_6076,6076,YPACARAI,py_ctrm_fcws.distri_167,base.py,py_ctrm_fcws.state_py_12
cit_6076,6076,YPACARAI,py_ctrm_fcws.distri_167,base.py,py_ctrm_fcws.state_py_12
cit_6076,6076,YPACARAI,py_ctrm_fcws.distri_167,base.py,py_ctrm_fcws.state_py_12
cit_6077,6077,ARROYO ESTRELLA,py_ctrm_fcws.distri_167,base.py,py_ctrm_fcws.state_py_12
cit_6078,6078,ARROYO Y PUCU,py_ctrm_fcws.distri_167,base.py,py_ctrm_fcws.state_py_12
cit_6079,6079,CERRO GUY,py_ctrm_fcws.distri_167,base.py,py_ctrm_fcws.state_py_12
cit_6080,6080,CERRO PERO,py_ctrm_fcws.distri_167,base.py,py_ctrm_fcws.state_py_12
cit_6081,6081,CERRITO,py_ctrm_fcws.distri_167,base.py,py_ctrm_fcws.state_py_12
cit_6082,6082,ITA PYTAGUA,py_ctrm_fcws.distri_167,base.py,py_ctrm_fcws.state_py_12
cit_6083,6083,JHUGUA JHU,py_ctrm_fcws.distri_167,base.py,py_ctrm_fcws.state_py_12
cit_6084,6084,JHUGUA JHU 1A.,py_ctrm_fcws.distri_167,base.py,py_ctrm_fcws.state_py_12
cit_6085,6085,MBOCAYATY,py_ctrm_fcws.distri_167,base.py,py_ctrm_fcws.state_py_12
cit_6086,6086,PASO PUENTE,py_ctrm_fcws.distri_167,base.py,py_ctrm_fcws.state_py_12
cit_6087,6087,PEDRO ROJAS,py_ctrm_fcws.distri_167,base.py,py_ctrm_fcws.state_py_12
cit_6088,6088,PEDROZO,py_ctrm_fcws.distri_167,base.py,py_ctrm_fcws.state_py_12
cit_6089,6089,PUENTE ACA,py_ctrm_fcws.distri_167,base.py,py_ctrm_fcws.state_py_12
cit_6090,6090,POTRERO GUAZU,py_ctrm_fcws.distri_167,base.py,py_ctrm_fcws.state_py_12
cit_6091,6091,YAGUA RESA,py_ctrm_fcws.distri_167,base.py,py_ctrm_fcws.state_py_12
cit_6092,6092,YSATY,py_ctrm_fcws.distri_167,base.py,py_ctrm_fcws.state_py_12
cit_6093,6093,YPANE,py_ctrm_fcws.distri_168,base.py,py_ctrm_fcws.state_py_12
cit_6093,6093,YPANE,py_ctrm_fcws.distri_168,base.py,py_ctrm_fcws.state_py_12
cit_6093,6093,YPANE,py_ctrm_fcws.distri_168,base.py,py_ctrm_fcws.state_py_12
cit_6093,6093,YPANE,py_ctrm_fcws.distri_168,base.py,py_ctrm_fcws.state_py_12
cit_6093,6093,YPANE,py_ctrm_fcws.distri_168,base.py,py_ctrm_fcws.state_py_12
cit_6094,6094,CAÑADITA,py_ctrm_fcws.distri_168,base.py,py_ctrm_fcws.state_py_12
cit_6095,6095,CHACO I,py_ctrm_fcws.distri_168,base.py,py_ctrm_fcws.state_py_12
cit_6096,6096,COLONIA THOMPSON 1A.,py_ctrm_fcws.distri_168,base.py,py_ctrm_fcws.state_py_12
cit_6097,6097,COSTA,py_ctrm_fcws.distri_168,base.py,py_ctrm_fcws.state_py_12
cit_6098,6098,PASO DE ORO,py_ctrm_fcws.distri_168,base.py,py_ctrm_fcws.state_py_12
cit_6099,6099,POTRERITO 1A.,py_ctrm_fcws.distri_168,base.py,py_ctrm_fcws.state_py_12
cit_6100,6100,POTRERITO 2A.,py_ctrm_fcws.distri_168,base.py,py_ctrm_fcws.state_py_12
cit_6101,6101,ROSADO GUAZU,py_ctrm_fcws.distri_168,base.py,py_ctrm_fcws.state_py_12
cit_6102,6102,THOMPSON 2A.,py_ctrm_fcws.distri_168,base.py,py_ctrm_fcws.state_py_12
cit_6103,6103,YPANE ÑU,py_ctrm_fcws.distri_168,base.py,py_ctrm_fcws.state_py_12
cit_6104,6104,YTORORO,py_ctrm_fcws.distri_168,base.py,py_ctrm_fcws.state_py_12
cit_6105,6105,YTORORO 2A.,py_ctrm_fcws.distri_168,base.py,py_ctrm_fcws.state_py_12
cit_6106,6106,LAMBARE,py_ctrm_fcws.distri_169,base.py,py_ctrm_fcws.state_py_12
cit_6106,6106,LAMBARE,py_ctrm_fcws.distri_169,base.py,py_ctrm_fcws.state_py_12
cit_6106,6106,LAMBARE,py_ctrm_fcws.distri_169,base.py,py_ctrm_fcws.state_py_12
cit_6106,6106,LAMBARE,py_ctrm_fcws.distri_169,base.py,py_ctrm_fcws.state_py_12
cit_6106,6106,LAMBARE,py_ctrm_fcws.distri_169,base.py,py_ctrm_fcws.state_py_12
cit_6106,6106,LAMBARE,py_ctrm_fcws.distri_169,base.py,py_ctrm_fcws.state_py_12
cit_6106,6106,LAMBARE,py_ctrm_fcws.distri_169,base.py,py_ctrm_fcws.state_py_12
cit_6106,6106,LAMBARE,py_ctrm_fcws.distri_169,base.py,py_ctrm_fcws.state_py_12
cit_6106,6106,LAMBARE,py_ctrm_fcws.distri_169,base.py,py_ctrm_fcws.state_py_12
cit_6106,6106,LAMBARE,py_ctrm_fcws.distri_169,base.py,py_ctrm_fcws.state_py_12
cit_6106,6106,LAMBARE,py_ctrm_fcws.distri_169,base.py,py_ctrm_fcws.state_py_12
cit_6106,6106,LAMBARE,py_ctrm_fcws.distri_169,base.py,py_ctrm_fcws.state_py_12
cit_6106,6106,LAMBARE,py_ctrm_fcws.distri_169,base.py,py_ctrm_fcws.state_py_12
cit_6106,6106,LAMBARE,py_ctrm_fcws.distri_169,base.py,py_ctrm_fcws.state_py_12
cit_6106,6106,LAMBARE,py_ctrm_fcws.distri_169,base.py,py_ctrm_fcws.state_py_12
cit_6106,6106,LAMBARE,py_ctrm_fcws.distri_169,base.py,py_ctrm_fcws.state_py_12
cit_6106,6106,LAMBARE,py_ctrm_fcws.distri_169,base.py,py_ctrm_fcws.state_py_12
cit_6106,6106,LAMBARE,py_ctrm_fcws.distri_169,base.py,py_ctrm_fcws.state_py_12
cit_6106,6106,LAMBARE,py_ctrm_fcws.distri_169,base.py,py_ctrm_fcws.state_py_12
cit_6106,6106,LAMBARE,py_ctrm_fcws.distri_169,base.py,py_ctrm_fcws.state_py_12
cit_6106,6106,LAMBARE,py_ctrm_fcws.distri_169,base.py,py_ctrm_fcws.state_py_12
cit_6106,6106,LAMBARE,py_ctrm_fcws.distri_169,base.py,py_ctrm_fcws.state_py_12
cit_6106,6106,LAMBARE,py_ctrm_fcws.distri_169,base.py,py_ctrm_fcws.state_py_12
cit_6106,6106,LAMBARE,py_ctrm_fcws.distri_169,base.py,py_ctrm_fcws.state_py_12
cit_6106,6106,LAMBARE,py_ctrm_fcws.distri_169,base.py,py_ctrm_fcws.state_py_12
cit_6107,6107,BARRIO PTE.KENNEDY 1A.,py_ctrm_fcws.distri_169,base.py,py_ctrm_fcws.state_py_12
cit_6108,6108,BARRIO PTE.KENNEDY 2A.,py_ctrm_fcws.distri_169,base.py,py_ctrm_fcws.state_py_12
cit_6109,6109,BAÑADO SUR,py_ctrm_fcws.distri_169,base.py,py_ctrm_fcws.state_py_12
cit_6110,6110,BARRIO SANTA ANA,py_ctrm_fcws.distri_169,base.py,py_ctrm_fcws.state_py_12
cit_6111,6111,CAÑADA,py_ctrm_fcws.distri_169,base.py,py_ctrm_fcws.state_py_12
cit_6112,6112,ITA ENRAMADA,py_ctrm_fcws.distri_169,base.py,py_ctrm_fcws.state_py_12
cit_6113,6113,LAMBARE (MUNICIPIO),py_ctrm_fcws.distri_169,base.py,py_ctrm_fcws.state_py_12
cit_6114,6114,MBACHI0,py_ctrm_fcws.distri_169,base.py,py_ctrm_fcws.state_py_12
cit_6115,6115,MBACHIO BAJO,py_ctrm_fcws.distri_169,base.py,py_ctrm_fcws.state_py_12
cit_6116,6116,MBACHIO 2A.,py_ctrm_fcws.distri_169,base.py,py_ctrm_fcws.state_py_12
cit_6117,6117,PALOMAR 1A.,py_ctrm_fcws.distri_169,base.py,py_ctrm_fcws.state_py_12
cit_6118,6118,PALOMAR 2A.,py_ctrm_fcws.distri_169,base.py,py_ctrm_fcws.state_py_12
cit_6119,6119,PALOMAR 3A.,py_ctrm_fcws.distri_169,base.py,py_ctrm_fcws.state_py_12
cit_6120,6120,PUERTO PABLA,py_ctrm_fcws.distri_169,base.py,py_ctrm_fcws.state_py_12
cit_6121,6121,REPUBLICANO,py_ctrm_fcws.distri_169,base.py,py_ctrm_fcws.state_py_12
cit_6122,6122,RUTA JOSE FELIX BOGADO,py_ctrm_fcws.distri_169,base.py,py_ctrm_fcws.state_py_12
cit_6123,6123,SAN MIGUEL,py_ctrm_fcws.distri_169,base.py,py_ctrm_fcws.state_py_12
cit_6124,6124,SAN RAFAEL,py_ctrm_fcws.distri_169,base.py,py_ctrm_fcws.state_py_12
cit_6125,6125,SAN ISIDRO,py_ctrm_fcws.distri_169,base.py,py_ctrm_fcws.state_py_12
cit_6126,6126,VALLE APUA,py_ctrm_fcws.distri_169,base.py,py_ctrm_fcws.state_py_12
cit_6127,6127,VALLE APUA 2A.,py_ctrm_fcws.distri_169,base.py,py_ctrm_fcws.state_py_12
cit_6128,6128,VALLE APUA 3A.,py_ctrm_fcws.distri_169,base.py,py_ctrm_fcws.state_py_12
cit_6129,6129,VALLE YBATE,py_ctrm_fcws.distri_169,base.py,py_ctrm_fcws.state_py_12
cit_6130,6130,VILLA CERRO CORA,py_ctrm_fcws.distri_169,base.py,py_ctrm_fcws.state_py_12
cit_6131,6131,YUQUYTY 2,py_ctrm_fcws.distri_169,base.py,py_ctrm_fcws.state_py_12
cit_6132,6132,YUQUYTY,py_ctrm_fcws.distri_169,base.py,py_ctrm_fcws.state_py_12
cit_6133,6133,YSATY,py_ctrm_fcws.distri_169,base.py,py_ctrm_fcws.state_py_12
cit_6134,6134,J.AUGUSTO SALDIVAR,py_ctrm_fcws.distri_170,base.py,py_ctrm_fcws.state_py_12
cit_6134,6134,J.AUGUSTO SALDIVAR,py_ctrm_fcws.distri_170,base.py,py_ctrm_fcws.state_py_12
cit_6135,6135,POSTA LEIVA,py_ctrm_fcws.distri_170,base.py,py_ctrm_fcws.state_py_12
cit_6428,6428,LOMA PYTA,py_ctrm_fcws.distri_277,base.py,py_ctrm_fcws.state_py_12
cit_5435,5435,YATAITY (2A.CIA),py_ctrm_fcws.distri_171,base.py,py_ctrm_fcws.state_py_13
cit_5436,5436,YATAITY (3A.CIA),py_ctrm_fcws.distri_171,base.py,py_ctrm_fcws.state_py_13
cit_6136,6136,PILAR,py_ctrm_fcws.distri_171,base.py,py_ctrm_fcws.state_py_13
cit_6137,6137,ARARA'A,py_ctrm_fcws.distri_171,base.py,py_ctrm_fcws.state_py_13
cit_6138,6138,AVIACION 1A.CIA.,py_ctrm_fcws.distri_171,base.py,py_ctrm_fcws.state_py_13
cit_6139,6139,BARRIO 12 DE OCTUBRE,py_ctrm_fcws.distri_171,base.py,py_ctrm_fcws.state_py_13
cit_6140,6140,BARRIO BANCO NRO.1,py_ctrm_fcws.distri_171,base.py,py_ctrm_fcws.state_py_13
cit_6141,6141,BARRIO LOMA CLAVEL,py_ctrm_fcws.distri_171,base.py,py_ctrm_fcws.state_py_13
cit_6142,6142,BARRIO OBRERO,py_ctrm_fcws.distri_171,base.py,py_ctrm_fcws.state_py_13
cit_6143,6143,CABALLERO PASO,py_ctrm_fcws.distri_171,base.py,py_ctrm_fcws.state_py_13
cit_6144,6144,ESTANCIA LUIS DELPINO,py_ctrm_fcws.distri_171,base.py,py_ctrm_fcws.state_py_13
cit_6145,6145,ESTANCIA MEDINA,py_ctrm_fcws.distri_171,base.py,py_ctrm_fcws.state_py_13
cit_6146,6146,ESTANCIA SAN MARTIN,py_ctrm_fcws.distri_171,base.py,py_ctrm_fcws.state_py_13
cit_6147,6147,ESTANCIA SANTA TERESA,py_ctrm_fcws.distri_171,base.py,py_ctrm_fcws.state_py_13
cit_6148,6148,ISLA,py_ctrm_fcws.distri_171,base.py,py_ctrm_fcws.state_py_13
cit_6149,6149,ISLA YUQUERI,py_ctrm_fcws.distri_171,base.py,py_ctrm_fcws.state_py_13
cit_6150,6150,MEDINA,py_ctrm_fcws.distri_171,base.py,py_ctrm_fcws.state_py_13
cit_6151,6151,PILAR (MUNICIPIO),py_ctrm_fcws.distri_171,base.py,py_ctrm_fcws.state_py_13
cit_6151,6151,PILAR (MUNICIPIO),py_ctrm_fcws.distri_171,base.py,py_ctrm_fcws.state_py_13
cit_6151,6151,PILAR (MUNICIPIO),py_ctrm_fcws.distri_171,base.py,py_ctrm_fcws.state_py_13
cit_6151,6151,PILAR (MUNICIPIO),py_ctrm_fcws.distri_171,base.py,py_ctrm_fcws.state_py_13
cit_6151,6151,PILAR (MUNICIPIO),py_ctrm_fcws.distri_171,base.py,py_ctrm_fcws.state_py_13
cit_6151,6151,PILAR (MUNICIPIO),py_ctrm_fcws.distri_171,base.py,py_ctrm_fcws.state_py_13
cit_6151,6151,PILAR (MUNICIPIO),py_ctrm_fcws.distri_171,base.py,py_ctrm_fcws.state_py_13
cit_6151,6151,PILAR (MUNICIPIO),py_ctrm_fcws.distri_171,base.py,py_ctrm_fcws.state_py_13
cit_6151,6151,PILAR (MUNICIPIO),py_ctrm_fcws.distri_171,base.py,py_ctrm_fcws.state_py_13
cit_6151,6151,PILAR (MUNICIPIO),py_ctrm_fcws.distri_171,base.py,py_ctrm_fcws.state_py_13
cit_6151,6151,PILAR (MUNICIPIO),py_ctrm_fcws.distri_171,base.py,py_ctrm_fcws.state_py_13
cit_6151,6151,PILAR (MUNICIPIO),py_ctrm_fcws.distri_171,base.py,py_ctrm_fcws.state_py_13
cit_6151,6151,PILAR (MUNICIPIO),py_ctrm_fcws.distri_171,base.py,py_ctrm_fcws.state_py_13
cit_6151,6151,PILAR (MUNICIPIO),py_ctrm_fcws.distri_171,base.py,py_ctrm_fcws.state_py_13
cit_6152,6152,VALLE APUA,py_ctrm_fcws.distri_171,base.py,py_ctrm_fcws.state_py_13
cit_6153,6153,VILLA PASO,py_ctrm_fcws.distri_171,base.py,py_ctrm_fcws.state_py_13
cit_5437,5437,ALBERDI,py_ctrm_fcws.distri_172,base.py,py_ctrm_fcws.state_py_13
cit_5438,5438,ALBERDI (MUNICIPIO),py_ctrm_fcws.distri_172,base.py,py_ctrm_fcws.state_py_13
cit_5439,5439,ALBERDI VIEJO,py_ctrm_fcws.distri_172,base.py,py_ctrm_fcws.state_py_13
cit_5440,5440,BANCO CURUZU,py_ctrm_fcws.distri_172,base.py,py_ctrm_fcws.state_py_13
cit_5441,5441,BANCO PALOMAR,py_ctrm_fcws.distri_172,base.py,py_ctrm_fcws.state_py_13
cit_5442,5442,ESTERO CORA,py_ctrm_fcws.distri_172,base.py,py_ctrm_fcws.state_py_13
cit_5443,5443,ISLA LEON,py_ctrm_fcws.distri_172,base.py,py_ctrm_fcws.state_py_13
cit_5444,5444,LOMA,py_ctrm_fcws.distri_172,base.py,py_ctrm_fcws.state_py_13
cit_5445,5445,MOÑAI CUARE,py_ctrm_fcws.distri_172,base.py,py_ctrm_fcws.state_py_13
cit_5446,5446,TARUMA VUELTA,py_ctrm_fcws.distri_172,base.py,py_ctrm_fcws.state_py_13
cit_5447,5447,CERRITO,py_ctrm_fcws.distri_173,base.py,py_ctrm_fcws.state_py_13
cit_5448,5448,BARRIO OBRERO 1A.,py_ctrm_fcws.distri_173,base.py,py_ctrm_fcws.state_py_13
cit_5449,5449,BARRIO OBRERO 2A.,py_ctrm_fcws.distri_173,base.py,py_ctrm_fcws.state_py_13
cit_5450,5450,CAAGUY JHOVY,py_ctrm_fcws.distri_173,base.py,py_ctrm_fcws.state_py_13
cit_5451,5451,CERRO ÑU,py_ctrm_fcws.distri_173,base.py,py_ctrm_fcws.state_py_13
cit_5452,5452,COSTA 1,py_ctrm_fcws.distri_173,base.py,py_ctrm_fcws.state_py_13
cit_5453,5453,COSTA 1 2A.,py_ctrm_fcws.distri_173,base.py,py_ctrm_fcws.state_py_13
cit_5454,5454,CURUZU ABA 1A.,py_ctrm_fcws.distri_173,base.py,py_ctrm_fcws.state_py_13
cit_5455,5455,CURUZU ABA 2A.,py_ctrm_fcws.distri_173,base.py,py_ctrm_fcws.state_py_13
cit_5456,5456,ISLA ROY,py_ctrm_fcws.distri_173,base.py,py_ctrm_fcws.state_py_13
cit_5457,5457,ITA PUNTA,py_ctrm_fcws.distri_173,base.py,py_ctrm_fcws.state_py_13
cit_5458,5458,JHUGUA YARE,py_ctrm_fcws.distri_173,base.py,py_ctrm_fcws.state_py_13
cit_5459,5459,POTRERO VILLALBA 1A.,py_ctrm_fcws.distri_173,base.py,py_ctrm_fcws.state_py_13
cit_5460,5460,POTRERO VILLALBA 2A.,py_ctrm_fcws.distri_173,base.py,py_ctrm_fcws.state_py_13
cit_5461,5461,TACURUTY,py_ctrm_fcws.distri_173,base.py,py_ctrm_fcws.state_py_13
cit_5462,5462,DESMOCHADOS,py_ctrm_fcws.distri_174,base.py,py_ctrm_fcws.state_py_13
cit_5463,5463,CAPILLITA,py_ctrm_fcws.distri_174,base.py,py_ctrm_fcws.state_py_13
cit_5464,5464,COSTA PO'I,py_ctrm_fcws.distri_174,base.py,py_ctrm_fcws.state_py_13
cit_5465,5465,DESMOCHADO (MUNICIPIO),py_ctrm_fcws.distri_174,base.py,py_ctrm_fcws.state_py_13
cit_5466,5466,FLORA PUNTA,py_ctrm_fcws.distri_174,base.py,py_ctrm_fcws.state_py_13
cit_5467,5467,MANANTIALES,py_ctrm_fcws.distri_174,base.py,py_ctrm_fcws.state_py_13
cit_5468,5468,POTRERO,py_ctrm_fcws.distri_174,base.py,py_ctrm_fcws.state_py_13
cit_5469,5469,POTRERO SAN JUAN,py_ctrm_fcws.distri_174,base.py,py_ctrm_fcws.state_py_13
cit_5470,5470,POTRERO ZARZA,py_ctrm_fcws.distri_174,base.py,py_ctrm_fcws.state_py_13
cit_5471,5471,SAN ANTONIO,py_ctrm_fcws.distri_174,base.py,py_ctrm_fcws.state_py_13
cit_5472,5472,SAN ROQUE,py_ctrm_fcws.distri_174,base.py,py_ctrm_fcws.state_py_13
cit_5473,5473,SANTA MARIA,py_ctrm_fcws.distri_174,base.py,py_ctrm_fcws.state_py_13
cit_5483,5483,GUAZU CUA,py_ctrm_fcws.distri_175,base.py,py_ctrm_fcws.state_py_13
cit_5484,5484,CARANDAYTY,py_ctrm_fcws.distri_175,base.py,py_ctrm_fcws.state_py_13
cit_5485,5485,GUAZU CUA,py_ctrm_fcws.distri_175,base.py,py_ctrm_fcws.state_py_13
cit_5486,5486,PASO PINDO,py_ctrm_fcws.distri_175,base.py,py_ctrm_fcws.state_py_13
cit_5487,5487,PASO TYbase.py,py_ctrm_fcws.distri_175,base.py,py_ctrm_fcws.state_py_13
cit_5488,5488,POTRERO PIRU,py_ctrm_fcws.distri_175,base.py,py_ctrm_fcws.state_py_13
cit_5489,5489,POTRERO YBYRAI,py_ctrm_fcws.distri_175,base.py,py_ctrm_fcws.state_py_13
cit_5490,5490,PUNTA DIAMANTE,py_ctrm_fcws.distri_175,base.py,py_ctrm_fcws.state_py_13
cit_5491,5491,YBABIYU,py_ctrm_fcws.distri_175,base.py,py_ctrm_fcws.state_py_13
cit_4094,4094,ESTANCIA PARAISO,py_ctrm_fcws.distri_176,base.py,py_ctrm_fcws.state_py_13
cit_4095,4095,ESTANCIA ROMAGUERA,py_ctrm_fcws.distri_176,base.py,py_ctrm_fcws.state_py_13
cit_4096,4096,ISLA CURUZU,py_ctrm_fcws.distri_176,base.py,py_ctrm_fcws.state_py_13
cit_4097,4097,NARANJITO,py_ctrm_fcws.distri_176,base.py,py_ctrm_fcws.state_py_13
cit_4098,4098,PASO CORNELIO,py_ctrm_fcws.distri_176,base.py,py_ctrm_fcws.state_py_13
cit_4099,4099,PASO PUCU,py_ctrm_fcws.distri_176,base.py,py_ctrm_fcws.state_py_13
cit_4100,4100,PUERTO ARROCERA,py_ctrm_fcws.distri_176,base.py,py_ctrm_fcws.state_py_13
cit_4101,4101,TUYU CUE,py_ctrm_fcws.distri_176,base.py,py_ctrm_fcws.state_py_13
cit_5492,5492,HUMAITA,py_ctrm_fcws.distri_176,base.py,py_ctrm_fcws.state_py_13
cit_5493,5493,ARROYO HONDO,py_ctrm_fcws.distri_176,base.py,py_ctrm_fcws.state_py_13
cit_5494,5494,BOGARIN CUE,py_ctrm_fcws.distri_176,base.py,py_ctrm_fcws.state_py_13
cit_5495,5495,ESTANCIA CURUPAYTY,py_ctrm_fcws.distri_176,base.py,py_ctrm_fcws.state_py_13
cit_5789,5789,HUMAITA (MUNICIPIO),py_ctrm_fcws.distri_176,base.py,py_ctrm_fcws.state_py_13
cit_5789,5789,HUMAITA (MUNICIPIO),py_ctrm_fcws.distri_176,base.py,py_ctrm_fcws.state_py_13
cit_5789,5789,HUMAITA (MUNICIPIO),py_ctrm_fcws.distri_176,base.py,py_ctrm_fcws.state_py_13
cit_5789,5789,HUMAITA (MUNICIPIO),py_ctrm_fcws.distri_176,base.py,py_ctrm_fcws.state_py_13
cit_5790,5790,TACURUTY,py_ctrm_fcws.distri_176,base.py,py_ctrm_fcws.state_py_13
cit_4102,4102,ISLA UMBU,py_ctrm_fcws.distri_177,base.py,py_ctrm_fcws.state_py_13
cit_4103,4103,BOQUERON,py_ctrm_fcws.distri_177,base.py,py_ctrm_fcws.state_py_13
cit_4104,4104,CAMBA CUA,py_ctrm_fcws.distri_177,base.py,py_ctrm_fcws.state_py_13
cit_4105,4105,ESTACION PEREZ,py_ctrm_fcws.distri_177,base.py,py_ctrm_fcws.state_py_13
cit_4106,4106,ESTACION SANTA MARIA,py_ctrm_fcws.distri_177,base.py,py_ctrm_fcws.state_py_13
cit_4107,4107,ISLA UMBU (MUNICIPIO),py_ctrm_fcws.distri_177,base.py,py_ctrm_fcws.state_py_13
cit_4108,4108,ISLERIA,py_ctrm_fcws.distri_177,base.py,py_ctrm_fcws.state_py_13
cit_4109,4109,LOMA CLAVEL,py_ctrm_fcws.distri_177,base.py,py_ctrm_fcws.state_py_13
cit_4110,4110,NARANJITO,py_ctrm_fcws.distri_177,base.py,py_ctrm_fcws.state_py_13
cit_4111,4111,TACURU PYTA,py_ctrm_fcws.distri_177,base.py,py_ctrm_fcws.state_py_13
cit_4112,4112,VALLE POI,py_ctrm_fcws.distri_177,base.py,py_ctrm_fcws.state_py_13
cit_5791,5791,COSTA PUCU,py_ctrm_fcws.distri_177,base.py,py_ctrm_fcws.state_py_13
cit_4113,4113,LAURELES,py_ctrm_fcws.distri_178,base.py,py_ctrm_fcws.state_py_13
cit_4114,4114,APIPE,py_ctrm_fcws.distri_178,base.py,py_ctrm_fcws.state_py_13
cit_4115,4115,CAAROGUE,py_ctrm_fcws.distri_178,base.py,py_ctrm_fcws.state_py_13
cit_4116,4116,CASTILLO CUE,py_ctrm_fcws.distri_178,base.py,py_ctrm_fcws.state_py_13
cit_4117,4117,COSTA PUCU,py_ctrm_fcws.distri_178,base.py,py_ctrm_fcws.state_py_13
cit_4118,4118,ESPINILLO,py_ctrm_fcws.distri_178,base.py,py_ctrm_fcws.state_py_13
cit_4119,4119,ISLA CABRERA,py_ctrm_fcws.distri_178,base.py,py_ctrm_fcws.state_py_13
cit_4120,4120,ISLA LOMA,py_ctrm_fcws.distri_178,base.py,py_ctrm_fcws.state_py_13
cit_4121,4121,ISLA SOLA,py_ctrm_fcws.distri_178,base.py,py_ctrm_fcws.state_py_13
cit_4122,4122,ISLA YRYBU,py_ctrm_fcws.distri_178,base.py,py_ctrm_fcws.state_py_13
cit_4123,4123,ISLERIA,py_ctrm_fcws.distri_178,base.py,py_ctrm_fcws.state_py_13
cit_4124,4124,LAURELES,py_ctrm_fcws.distri_178,base.py,py_ctrm_fcws.state_py_13
cit_4125,4125,PASO FLOR,py_ctrm_fcws.distri_178,base.py,py_ctrm_fcws.state_py_13
cit_4126,4126,PINDURA,py_ctrm_fcws.distri_178,base.py,py_ctrm_fcws.state_py_13
cit_4127,4127,POTRERO ESTECHE,py_ctrm_fcws.distri_178,base.py,py_ctrm_fcws.state_py_13
cit_4128,4128,POTRERO POI,py_ctrm_fcws.distri_178,base.py,py_ctrm_fcws.state_py_13
cit_4129,4129,SAN ANTONIO,py_ctrm_fcws.distri_178,base.py,py_ctrm_fcws.state_py_13
cit_4130,4130,YATAITY,py_ctrm_fcws.distri_178,base.py,py_ctrm_fcws.state_py_13
cit_4131,4131,ÑEEMBUCU MI,py_ctrm_fcws.distri_178,base.py,py_ctrm_fcws.state_py_13
cit_4132,4132,PASO DE PATRIA,py_ctrm_fcws.distri_179,base.py,py_ctrm_fcws.state_py_13
cit_4133,4133,COSTA PARANA,py_ctrm_fcws.distri_179,base.py,py_ctrm_fcws.state_py_13
cit_4134,4134,ITA PIRU,py_ctrm_fcws.distri_179,base.py,py_ctrm_fcws.state_py_13
cit_4135,4135,PASO CANOA,py_ctrm_fcws.distri_179,base.py,py_ctrm_fcws.state_py_13
cit_4136,4136,PASO DE PATRIA (MUNICIPIO),py_ctrm_fcws.distri_179,base.py,py_ctrm_fcws.state_py_13
cit_4137,4137,MAYOR J.D.MARTINEZ,py_ctrm_fcws.distri_180,base.py,py_ctrm_fcws.state_py_13
cit_4138,4138,1A.CIA.(CABRERA CUE),py_ctrm_fcws.distri_180,base.py,py_ctrm_fcws.state_py_13
cit_4139,4139,ALARCON,py_ctrm_fcws.distri_180,base.py,py_ctrm_fcws.state_py_13
cit_4140,4140,CURUZU CUATIA GUAZU,py_ctrm_fcws.distri_180,base.py,py_ctrm_fcws.state_py_13
cit_4141,4141,CURUZU CUATIA I,py_ctrm_fcws.distri_180,base.py,py_ctrm_fcws.state_py_13
cit_4142,4142,ISLA CORA,py_ctrm_fcws.distri_180,base.py,py_ctrm_fcws.state_py_13
cit_4143,4143,ISLA CORA 1A.,py_ctrm_fcws.distri_180,base.py,py_ctrm_fcws.state_py_13
cit_4144,4144,ISLA CORA 2A.,py_ctrm_fcws.distri_180,base.py,py_ctrm_fcws.state_py_13
cit_4145,4145,ISLA ROY,py_ctrm_fcws.distri_180,base.py,py_ctrm_fcws.state_py_13
cit_4146,4146,LOMA I,py_ctrm_fcws.distri_180,base.py,py_ctrm_fcws.state_py_13
cit_4147,4147,MAYOR MARTINEZ (MUNICIPIO),py_ctrm_fcws.distri_180,base.py,py_ctrm_fcws.state_py_13
cit_4148,4148,YATAITY,py_ctrm_fcws.distri_180,base.py,py_ctrm_fcws.state_py_13
cit_4149,4149,SAN JUAN DE ÑEEMBUCU,py_ctrm_fcws.distri_181,base.py,py_ctrm_fcws.state_py_13
cit_4150,4150,AGUIRRE,py_ctrm_fcws.distri_181,base.py,py_ctrm_fcws.state_py_13
cit_4151,4151,ALAMBRADO POI,py_ctrm_fcws.distri_181,base.py,py_ctrm_fcws.state_py_13
cit_4152,4152,CAMBA CUA,py_ctrm_fcws.distri_181,base.py,py_ctrm_fcws.state_py_13
cit_4153,4153,CARANDAYTY,py_ctrm_fcws.distri_181,base.py,py_ctrm_fcws.state_py_13
cit_4154,4154,CIUDAD NUEVA,py_ctrm_fcws.distri_181,base.py,py_ctrm_fcws.state_py_13
cit_4155,4155,CIA.OTAZU,py_ctrm_fcws.distri_181,base.py,py_ctrm_fcws.state_py_13
cit_4156,4156,COSTA PINDO,py_ctrm_fcws.distri_181,base.py,py_ctrm_fcws.state_py_13
cit_4157,4157,COSTA ROSADO,py_ctrm_fcws.distri_181,base.py,py_ctrm_fcws.state_py_13
cit_4158,4158,CUERVO BLANCO,py_ctrm_fcws.distri_181,base.py,py_ctrm_fcws.state_py_13
cit_4159,4159,ESTANCIA CIERVO BLANCO,py_ctrm_fcws.distri_181,base.py,py_ctrm_fcws.state_py_13
cit_4160,4160,ESTANCIA PIRITY (MASSEY),py_ctrm_fcws.distri_181,base.py,py_ctrm_fcws.state_py_13
cit_4161,4161,ESTANCIA POTRERO PEREIRA,py_ctrm_fcws.distri_181,base.py,py_ctrm_fcws.state_py_13
cit_4162,4162,ESTANCIA ANGULO,py_ctrm_fcws.distri_181,base.py,py_ctrm_fcws.state_py_13
cit_4163,4163,ESTANCIA LOMA,py_ctrm_fcws.distri_181,base.py,py_ctrm_fcws.state_py_13
cit_4164,4164,ESTANCIA LOMITA,py_ctrm_fcws.distri_181,base.py,py_ctrm_fcws.state_py_13
cit_4165,4165,ESTANCIA SAN ANTONIO,py_ctrm_fcws.distri_181,base.py,py_ctrm_fcws.state_py_13
cit_4166,4166,ESTANCIA SAN FELIPE,py_ctrm_fcws.distri_181,base.py,py_ctrm_fcws.state_py_13
cit_4167,4167,ESTANCIA YACARE,py_ctrm_fcws.distri_181,base.py,py_ctrm_fcws.state_py_13
cit_4168,4168,ESTERO CAMBA,py_ctrm_fcws.distri_181,base.py,py_ctrm_fcws.state_py_13
cit_4169,4169,LAGUNA ITA,py_ctrm_fcws.distri_181,base.py,py_ctrm_fcws.state_py_13
cit_4170,4170,LOMA EIRA,py_ctrm_fcws.distri_181,base.py,py_ctrm_fcws.state_py_13
cit_4171,4171,PARAISO,py_ctrm_fcws.distri_181,base.py,py_ctrm_fcws.state_py_13
cit_4172,4172,POTRERO CABALLERO,py_ctrm_fcws.distri_181,base.py,py_ctrm_fcws.state_py_13
cit_4173,4173,POTRERO GONZALEZ,py_ctrm_fcws.distri_181,base.py,py_ctrm_fcws.state_py_13
cit_4174,4174,POTRERO TATAYYBA,py_ctrm_fcws.distri_181,base.py,py_ctrm_fcws.state_py_13
cit_4175,4175,PUESTO SAN JOSE,py_ctrm_fcws.distri_181,base.py,py_ctrm_fcws.state_py_13
cit_4176,4176,PUESTO 2A.CUE,py_ctrm_fcws.distri_181,base.py,py_ctrm_fcws.state_py_13
cit_4177,4177,PUESTO ALVARENGA,py_ctrm_fcws.distri_181,base.py,py_ctrm_fcws.state_py_13
cit_4178,4178,PUESTO BARRANQUERITA,py_ctrm_fcws.distri_181,base.py,py_ctrm_fcws.state_py_13
cit_4179,4179,PUESTO BENJAMIN,py_ctrm_fcws.distri_181,base.py,py_ctrm_fcws.state_py_13
cit_4180,4180,PUESTO CANTERO CUE,py_ctrm_fcws.distri_181,base.py,py_ctrm_fcws.state_py_13
cit_4181,4181,PUESTO JAVIELITO,py_ctrm_fcws.distri_181,base.py,py_ctrm_fcws.state_py_13
cit_4182,4182,PUESTO LIMA,py_ctrm_fcws.distri_181,base.py,py_ctrm_fcws.state_py_13
cit_4183,4183,PUESTO MALICHA (BLANCO CUE),py_ctrm_fcws.distri_181,base.py,py_ctrm_fcws.state_py_13
cit_4184,4184,PUESTO MANDI'O,py_ctrm_fcws.distri_181,base.py,py_ctrm_fcws.state_py_13
cit_4185,4185,PUESTO OLAZAR,py_ctrm_fcws.distri_181,base.py,py_ctrm_fcws.state_py_13
cit_4186,4186,PUESTO RAMIREZ CUE,py_ctrm_fcws.distri_181,base.py,py_ctrm_fcws.state_py_13
cit_4187,4187,PUESTO REDONDO,py_ctrm_fcws.distri_181,base.py,py_ctrm_fcws.state_py_13
cit_4188,4188,PUESTO SAN BERNARDO,py_ctrm_fcws.distri_181,base.py,py_ctrm_fcws.state_py_13
cit_4189,4189,PUESTO SAN CARLOS,py_ctrm_fcws.distri_181,base.py,py_ctrm_fcws.state_py_13
cit_4190,4190,PUESTO SAN JOSE,py_ctrm_fcws.distri_181,base.py,py_ctrm_fcws.state_py_13
cit_4191,4191,PUESTO SANJITA,py_ctrm_fcws.distri_181,base.py,py_ctrm_fcws.state_py_13
cit_4192,4192,PUESTO YBAJHAI,py_ctrm_fcws.distri_181,base.py,py_ctrm_fcws.state_py_13
cit_4193,4193,PUESTO ÑU PYAJHU,py_ctrm_fcws.distri_181,base.py,py_ctrm_fcws.state_py_13
cit_4194,4194,PUESTO SAN JOSE,py_ctrm_fcws.distri_181,base.py,py_ctrm_fcws.state_py_13
cit_4195,4195,SAN JUAN ÑEEMBUCU (MUNICIPIO),py_ctrm_fcws.distri_181,base.py,py_ctrm_fcws.state_py_13
cit_4196,4196,TACUARAS,py_ctrm_fcws.distri_182,base.py,py_ctrm_fcws.state_py_13
cit_4197,4197,BANCO CARRIZAL,py_ctrm_fcws.distri_182,base.py,py_ctrm_fcws.state_py_13
cit_4198,4198,CAMPO MARTINEZ,py_ctrm_fcws.distri_182,base.py,py_ctrm_fcws.state_py_13
cit_4199,4199,ESTACION CARLOS CUE,py_ctrm_fcws.distri_182,base.py,py_ctrm_fcws.state_py_13
cit_4200,4200,POTRERO YBYÑAI,py_ctrm_fcws.distri_182,base.py,py_ctrm_fcws.state_py_13
cit_4201,4201,VILLA OLIVA,py_ctrm_fcws.distri_183,base.py,py_ctrm_fcws.state_py_13
cit_4202,4202,ALBADON,py_ctrm_fcws.distri_183,base.py,py_ctrm_fcws.state_py_13
cit_4203,4203,BEDOYA,py_ctrm_fcws.distri_183,base.py,py_ctrm_fcws.state_py_13
cit_4204,4204,BOTERETE,py_ctrm_fcws.distri_183,base.py,py_ctrm_fcws.state_py_13
cit_4205,4205,CUATRO VIENTO,py_ctrm_fcws.distri_183,base.py,py_ctrm_fcws.state_py_13
cit_4206,4206,DERLI CUE,py_ctrm_fcws.distri_183,base.py,py_ctrm_fcws.state_py_13
cit_4207,4207,ESTACION ISLA GUAZU,py_ctrm_fcws.distri_183,base.py,py_ctrm_fcws.state_py_13
cit_4208,4208,MONTERO,py_ctrm_fcws.distri_183,base.py,py_ctrm_fcws.state_py_13
cit_4209,4209,PUERTO MARIANITO,py_ctrm_fcws.distri_183,base.py,py_ctrm_fcws.state_py_13
cit_4210,4210,PUERTO MARITE,py_ctrm_fcws.distri_183,base.py,py_ctrm_fcws.state_py_13
cit_4211,4211,PUERTO PARAISO,py_ctrm_fcws.distri_183,base.py,py_ctrm_fcws.state_py_13
cit_4212,4212,PUERTO VICTORIA,py_ctrm_fcws.distri_183,base.py,py_ctrm_fcws.state_py_13
cit_4213,4213,VALLE PUCU,py_ctrm_fcws.distri_183,base.py,py_ctrm_fcws.state_py_13
cit_4214,4214,VILLA OLIVA (MUNICIPIO),py_ctrm_fcws.distri_183,base.py,py_ctrm_fcws.state_py_13
cit_4215,4215,YBY ATA,py_ctrm_fcws.distri_183,base.py,py_ctrm_fcws.state_py_13
cit_4216,4216,YBYRA PYTA,py_ctrm_fcws.distri_183,base.py,py_ctrm_fcws.state_py_13
cit_4239,4239,VILLALBIN,py_ctrm_fcws.distri_184,base.py,py_ctrm_fcws.state_py_13
cit_4240,4240,CIA.ISLA YRYBU,py_ctrm_fcws.distri_184,base.py,py_ctrm_fcws.state_py_13
cit_4241,4241,CIA.POTRERO,py_ctrm_fcws.distri_184,base.py,py_ctrm_fcws.state_py_13
cit_4242,4242,ESTERO BELLACO,py_ctrm_fcws.distri_184,base.py,py_ctrm_fcws.state_py_13
cit_4243,4243,ESTERO CENIZALES,py_ctrm_fcws.distri_184,base.py,py_ctrm_fcws.state_py_13
cit_4244,4244,ESTERO PIKYRY,py_ctrm_fcws.distri_184,base.py,py_ctrm_fcws.state_py_13
cit_4245,4245,ESTERO VACAPI,py_ctrm_fcws.distri_184,base.py,py_ctrm_fcws.state_py_13
cit_4246,4246,ISLA CADENA,py_ctrm_fcws.distri_184,base.py,py_ctrm_fcws.state_py_13
cit_4247,4247,MANANTIALES,py_ctrm_fcws.distri_184,base.py,py_ctrm_fcws.state_py_13
cit_5795,5795,CIA.SAN SEBASTIAN MI,py_ctrm_fcws.distri_184,base.py,py_ctrm_fcws.state_py_13
cit_5796,5796,ISLA LATRADERO,py_ctrm_fcws.distri_184,base.py,py_ctrm_fcws.state_py_13
cit_5474,5474,GRAL.JOSE EDUVIGIS DIAZ,py_ctrm_fcws.distri_203,base.py,py_ctrm_fcws.state_py_13
cit_5475,5475,CAMPAMENTO CUE,py_ctrm_fcws.distri_203,base.py,py_ctrm_fcws.state_py_13
cit_5476,5476,CARRIZAL,py_ctrm_fcws.distri_203,base.py,py_ctrm_fcws.state_py_13
cit_5477,5477,ESTERO BELLACO,py_ctrm_fcws.distri_203,base.py,py_ctrm_fcws.state_py_13
cit_5478,5478,GRAL.DIAZ (MUNICIPIO),py_ctrm_fcws.distri_203,base.py,py_ctrm_fcws.state_py_13
cit_5478,5478,GRAL.DIAZ (MUNICIPIO),py_ctrm_fcws.distri_203,base.py,py_ctrm_fcws.state_py_13
cit_5478,5478,GRAL.DIAZ (MUNICIPIO),py_ctrm_fcws.distri_203,base.py,py_ctrm_fcws.state_py_13
cit_5478,5478,GRAL.DIAZ (MUNICIPIO),py_ctrm_fcws.distri_203,base.py,py_ctrm_fcws.state_py_13
cit_5479,5479,LOMA GUAZU,py_ctrm_fcws.distri_203,base.py,py_ctrm_fcws.state_py_13
cit_5480,5480,LOMA 1,py_ctrm_fcws.distri_203,base.py,py_ctrm_fcws.state_py_13
cit_5481,5481,PUESTO TORRES,py_ctrm_fcws.distri_203,base.py,py_ctrm_fcws.state_py_13
cit_5482,5482,YUQUERI,py_ctrm_fcws.distri_203,base.py,py_ctrm_fcws.state_py_13
cit_4217,4217,VILLA FRANCA,py_ctrm_fcws.distri_205,base.py,py_ctrm_fcws.state_py_13
cit_4218,4218,BANCO PARAGUAY,py_ctrm_fcws.distri_205,base.py,py_ctrm_fcws.state_py_13
cit_4219,4219,BANCO PIRAY,py_ctrm_fcws.distri_205,base.py,py_ctrm_fcws.state_py_13
cit_4220,4220,BANCO TATUCUA,py_ctrm_fcws.distri_205,base.py,py_ctrm_fcws.state_py_13
cit_4221,4221,ESTANCIA AGATAPE,py_ctrm_fcws.distri_205,base.py,py_ctrm_fcws.state_py_13
cit_4222,4222,ESTANCIA CAMBUCHI,py_ctrm_fcws.distri_205,base.py,py_ctrm_fcws.state_py_13
cit_4223,4223,ESTANCIA FERRARO,py_ctrm_fcws.distri_205,base.py,py_ctrm_fcws.state_py_13
cit_4224,4224,ESTANCIA HERRADURA,py_ctrm_fcws.distri_205,base.py,py_ctrm_fcws.state_py_13
cit_4225,4225,ESTANCIA LA ESPERANZA,py_ctrm_fcws.distri_205,base.py,py_ctrm_fcws.state_py_13
cit_4226,4226,ESTANCIA MCAL.LOPEZ,py_ctrm_fcws.distri_205,base.py,py_ctrm_fcws.state_py_13
cit_4227,4227,ESTANCIA PUNTA ELENA,py_ctrm_fcws.distri_205,base.py,py_ctrm_fcws.state_py_13
cit_4228,4228,ESTANCIA SAN JOSE,py_ctrm_fcws.distri_205,base.py,py_ctrm_fcws.state_py_13
cit_4229,4229,MARTA CUE,py_ctrm_fcws.distri_205,base.py,py_ctrm_fcws.state_py_13
cit_4230,4230,PLATERO CUE,py_ctrm_fcws.distri_205,base.py,py_ctrm_fcws.state_py_13
cit_4231,4231,POTRERO BANCO,py_ctrm_fcws.distri_205,base.py,py_ctrm_fcws.state_py_13
cit_4232,4232,POTRERO VARGAS,py_ctrm_fcws.distri_205,base.py,py_ctrm_fcws.state_py_13
cit_4233,4233,PUERTO VICTORIA,py_ctrm_fcws.distri_205,base.py,py_ctrm_fcws.state_py_13
cit_4234,4234,RETIRO CAMPINCHO CUA,py_ctrm_fcws.distri_205,base.py,py_ctrm_fcws.state_py_13
cit_4235,4235,ROI CUE,py_ctrm_fcws.distri_205,base.py,py_ctrm_fcws.state_py_13
cit_4236,4236,SANTA TERESA,py_ctrm_fcws.distri_205,base.py,py_ctrm_fcws.state_py_13
cit_4237,4237,VILLA FRANCA (MUNICIPIO),py_ctrm_fcws.distri_205,base.py,py_ctrm_fcws.state_py_13
cit_4238,4238,VISCAYA,py_ctrm_fcws.distri_205,base.py,py_ctrm_fcws.state_py_13
cit_5792,5792,ISLA REAL,py_ctrm_fcws.distri_205,base.py,py_ctrm_fcws.state_py_13
cit_5793,5793,PUERTO TARUMA,py_ctrm_fcws.distri_205,base.py,py_ctrm_fcws.state_py_13
cit_5794,5794,SEBASTIAN GABOTO,py_ctrm_fcws.distri_205,base.py,py_ctrm_fcws.state_py_13
cit_4596,4596,CARANDAYTY,py_ctrm_fcws.distri_230,base.py,py_ctrm_fcws.state_py_13
cit_4597,4597,TENIENTE SANCHEZ,py_ctrm_fcws.distri_231,base.py,py_ctrm_fcws.state_py_13
cit_2306,2306,COL.SAN VICENTE,py_ctrm_fcws.distri_185,base.py,py_ctrm_fcws.state_py_14
cit_2307,2307,COL.VICTORIA GUAZU,py_ctrm_fcws.distri_185,base.py,py_ctrm_fcws.state_py_14
cit_2308,2308,CIA.INDUSTRIAL AQUIDABAN,py_ctrm_fcws.distri_185,base.py,py_ctrm_fcws.state_py_14
cit_2309,2309,CONSUELO,py_ctrm_fcws.distri_185,base.py,py_ctrm_fcws.state_py_14
cit_2310,2310,CORRALITO,py_ctrm_fcws.distri_185,base.py,py_ctrm_fcws.state_py_14
cit_2311,2311,CUCHARA,py_ctrm_fcws.distri_185,base.py,py_ctrm_fcws.state_py_14
cit_2312,2312,CURURU,py_ctrm_fcws.distri_185,base.py,py_ctrm_fcws.state_py_14
cit_2313,2313,CURUZU-I,py_ctrm_fcws.distri_185,base.py,py_ctrm_fcws.state_py_14
cit_2314,2314,ESTABLECIMIENTO ÑU PORA,py_ctrm_fcws.distri_185,base.py,py_ctrm_fcws.state_py_14
cit_2315,2315,ESTANCIA LAGUNA PORA,py_ctrm_fcws.distri_185,base.py,py_ctrm_fcws.state_py_14
cit_2316,2316,ESTANCIA PIRA POTRERO,py_ctrm_fcws.distri_185,base.py,py_ctrm_fcws.state_py_14
cit_2317,2317,ESTANCIA RUIZ,py_ctrm_fcws.distri_185,base.py,py_ctrm_fcws.state_py_14
cit_2318,2318,ESTANCIA SAN LUIS,py_ctrm_fcws.distri_185,base.py,py_ctrm_fcws.state_py_14
cit_2319,2319,ESTANCIA Y PYTA,py_ctrm_fcws.distri_185,base.py,py_ctrm_fcws.state_py_14
cit_2320,2320,ESTANCIA ÑANDEYARA PASO,py_ctrm_fcws.distri_185,base.py,py_ctrm_fcws.state_py_14
cit_2321,2321,ESTRELLA TUYA,py_ctrm_fcws.distri_185,base.py,py_ctrm_fcws.state_py_14
cit_2322,2322,EXCOMBATIENTE,py_ctrm_fcws.distri_185,base.py,py_ctrm_fcws.state_py_14
cit_2323,2323,EXCOMBATIENTE 2A.Y 3A.ZONA,py_ctrm_fcws.distri_185,base.py,py_ctrm_fcws.state_py_14
cit_2324,2324,FADEMA,py_ctrm_fcws.distri_185,base.py,py_ctrm_fcws.state_py_14
cit_2325,2325,FORTUNA GUAZU,py_ctrm_fcws.distri_185,base.py,py_ctrm_fcws.state_py_14
cit_2326,2326,GAZORY,py_ctrm_fcws.distri_185,base.py,py_ctrm_fcws.state_py_14
cit_2327,2327,GUAVIRA 3A.ZONA,py_ctrm_fcws.distri_185,base.py,py_ctrm_fcws.state_py_14
cit_2328,2328,GUAYAIBI,py_ctrm_fcws.distri_185,base.py,py_ctrm_fcws.state_py_14
cit_2329,2329,GUAYAIBI (1A.),py_ctrm_fcws.distri_185,base.py,py_ctrm_fcws.state_py_14
cit_2330,2330,ITAKYRY,py_ctrm_fcws.distri_185,base.py,py_ctrm_fcws.state_py_14
cit_2331,2331,ITA BOZA-I,py_ctrm_fcws.distri_185,base.py,py_ctrm_fcws.state_py_14
cit_2332,2332,ITA POPO,py_ctrm_fcws.distri_185,base.py,py_ctrm_fcws.state_py_14
cit_2333,2333,KOCOE,py_ctrm_fcws.distri_185,base.py,py_ctrm_fcws.state_py_14
cit_2334,2334,LAGUANA PORA,py_ctrm_fcws.distri_185,base.py,py_ctrm_fcws.state_py_14
cit_2335,2335,LOTE 4 WEAVER,py_ctrm_fcws.distri_185,base.py,py_ctrm_fcws.state_py_14
cit_2336,2336,MAFUCCI I,py_ctrm_fcws.distri_185,base.py,py_ctrm_fcws.state_py_14
cit_2337,2337,MARANGATU,py_ctrm_fcws.distri_185,base.py,py_ctrm_fcws.state_py_14
cit_2338,2338,MOROTINGUE,py_ctrm_fcws.distri_185,base.py,py_ctrm_fcws.state_py_14
cit_2339,2339,NARANJATY,py_ctrm_fcws.distri_185,base.py,py_ctrm_fcws.state_py_14
cit_2340,2340,NUEVA AURORA,py_ctrm_fcws.distri_185,base.py,py_ctrm_fcws.state_py_14
cit_2341,2341,OCULTO,py_ctrm_fcws.distri_185,base.py,py_ctrm_fcws.state_py_14
cit_2342,2342,PARQUE NACIONAL CERRO CORA,py_ctrm_fcws.distri_185,base.py,py_ctrm_fcws.state_py_14
cit_2343,2343,PASO AQUIDABAN,py_ctrm_fcws.distri_185,base.py,py_ctrm_fcws.state_py_14
cit_2344,2344,PASO JHU,py_ctrm_fcws.distri_185,base.py,py_ctrm_fcws.state_py_14
cit_2345,2345,PASO ÑANDEYARA,py_ctrm_fcws.distri_185,base.py,py_ctrm_fcws.state_py_14
cit_2346,2346,PATRICIA,py_ctrm_fcws.distri_185,base.py,py_ctrm_fcws.state_py_14
cit_2347,2347,PEDRO JUAN CABALLERO (MUNIC.),py_ctrm_fcws.distri_185,base.py,py_ctrm_fcws.state_py_14
cit_2347,2347,PEDRO JUAN CABALLERO (MUNIC.),py_ctrm_fcws.distri_185,base.py,py_ctrm_fcws.state_py_14
cit_2347,2347,PEDRO JUAN CABALLERO (MUNIC.),py_ctrm_fcws.distri_185,base.py,py_ctrm_fcws.state_py_14
cit_2347,2347,PEDRO JUAN CABALLERO (MUNIC.),py_ctrm_fcws.distri_185,base.py,py_ctrm_fcws.state_py_14
cit_2347,2347,PEDRO JUAN CABALLERO (MUNIC.),py_ctrm_fcws.distri_185,base.py,py_ctrm_fcws.state_py_14
cit_2347,2347,PEDRO JUAN CABALLERO (MUNIC.),py_ctrm_fcws.distri_185,base.py,py_ctrm_fcws.state_py_14
cit_2347,2347,PEDRO JUAN CABALLERO (MUNIC.),py_ctrm_fcws.distri_185,base.py,py_ctrm_fcws.state_py_14
cit_2347,2347,PEDRO JUAN CABALLERO (MUNIC.),py_ctrm_fcws.distri_185,base.py,py_ctrm_fcws.state_py_14
cit_2347,2347,PEDRO JUAN CABALLERO (MUNIC.),py_ctrm_fcws.distri_185,base.py,py_ctrm_fcws.state_py_14
cit_2347,2347,PEDRO JUAN CABALLERO (MUNIC.),py_ctrm_fcws.distri_185,base.py,py_ctrm_fcws.state_py_14
cit_2347,2347,PEDRO JUAN CABALLERO (MUNIC.),py_ctrm_fcws.distri_185,base.py,py_ctrm_fcws.state_py_14
cit_2347,2347,PEDRO JUAN CABALLERO (MUNIC.),py_ctrm_fcws.distri_185,base.py,py_ctrm_fcws.state_py_14
cit_2347,2347,PEDRO JUAN CABALLERO (MUNIC.),py_ctrm_fcws.distri_185,base.py,py_ctrm_fcws.state_py_14
cit_2347,2347,PEDRO JUAN CABALLERO (MUNIC.),py_ctrm_fcws.distri_185,base.py,py_ctrm_fcws.state_py_14
cit_2348,2348,PIKY,py_ctrm_fcws.distri_185,base.py,py_ctrm_fcws.state_py_14
cit_2349,2349,PIKY CUA,py_ctrm_fcws.distri_185,base.py,py_ctrm_fcws.state_py_14
cit_2350,2350,PIKYSYRY,py_ctrm_fcws.distri_185,base.py,py_ctrm_fcws.state_py_14
cit_2351,2351,PINDOTY,py_ctrm_fcws.distri_185,base.py,py_ctrm_fcws.state_py_14
cit_2352,2352,PIRAY POTRERO,py_ctrm_fcws.distri_185,base.py,py_ctrm_fcws.state_py_14
cit_2353,2353,PORTERA ORTIZ,py_ctrm_fcws.distri_185,base.py,py_ctrm_fcws.state_py_14
cit_2354,2354,POTRERO-I CALLE 1A.,py_ctrm_fcws.distri_185,base.py,py_ctrm_fcws.state_py_14
cit_2355,2355,POTRERO-I CALLE 2A.,py_ctrm_fcws.distri_185,base.py,py_ctrm_fcws.state_py_14
cit_2356,2356,POTRERO CURURU,py_ctrm_fcws.distri_185,base.py,py_ctrm_fcws.state_py_14
cit_2357,2357,POTRERO LAGUANA PYTA,py_ctrm_fcws.distri_185,base.py,py_ctrm_fcws.state_py_14
cit_2358,2358,POTRERO MAFUCCI,py_ctrm_fcws.distri_185,base.py,py_ctrm_fcws.state_py_14
cit_2359,2359,POTRERO SANTIAGO,py_ctrm_fcws.distri_185,base.py,py_ctrm_fcws.state_py_14
cit_2360,2360,POTRERO SUR,py_ctrm_fcws.distri_185,base.py,py_ctrm_fcws.state_py_14
cit_2361,2361,PUNTA PORA ÑU,py_ctrm_fcws.distri_185,base.py,py_ctrm_fcws.state_py_14
cit_2362,2362,PUNTA VACAPI,py_ctrm_fcws.distri_185,base.py,py_ctrm_fcws.state_py_14
cit_2363,2363,REPUBLICA,py_ctrm_fcws.distri_185,base.py,py_ctrm_fcws.state_py_14
cit_2364,2364,RETIRO CAPIIBARY CABECERA,py_ctrm_fcws.distri_185,base.py,py_ctrm_fcws.state_py_14
cit_2365,2365,RETIRO,py_ctrm_fcws.distri_185,base.py,py_ctrm_fcws.state_py_14
cit_2366,2366,RINCON ZENON ORTIZ,py_ctrm_fcws.distri_185,base.py,py_ctrm_fcws.state_py_14
cit_2367,2367,RINCON DE JULIO,py_ctrm_fcws.distri_185,base.py,py_ctrm_fcws.state_py_14
cit_2368,2368,SAN FRANCISCO,py_ctrm_fcws.distri_185,base.py,py_ctrm_fcws.state_py_14
cit_2369,2369,SAN JUAN,py_ctrm_fcws.distri_185,base.py,py_ctrm_fcws.state_py_14
cit_2370,2370,SAN LUIS,py_ctrm_fcws.distri_185,base.py,py_ctrm_fcws.state_py_14
cit_2371,2371,SANTA MARIA I,py_ctrm_fcws.distri_185,base.py,py_ctrm_fcws.state_py_14
cit_2372,2372,SAPUCAI,py_ctrm_fcws.distri_185,base.py,py_ctrm_fcws.state_py_14
cit_2373,2373,SERENO,py_ctrm_fcws.distri_185,base.py,py_ctrm_fcws.state_py_14
cit_2374,2374,SINDICATURA,py_ctrm_fcws.distri_185,base.py,py_ctrm_fcws.state_py_14
cit_2375,2375,TACUARA RAPO,py_ctrm_fcws.distri_185,base.py,py_ctrm_fcws.state_py_14
cit_2376,2376,TABARE CUE,py_ctrm_fcws.distri_185,base.py,py_ctrm_fcws.state_py_14
cit_2377,2377,TAYY,py_ctrm_fcws.distri_185,base.py,py_ctrm_fcws.state_py_14
cit_2378,2378,TERCERA-I,py_ctrm_fcws.distri_185,base.py,py_ctrm_fcws.state_py_14
cit_2379,2379,TEYU POTRERO,py_ctrm_fcws.distri_185,base.py,py_ctrm_fcws.state_py_14
cit_2380,2380,TORORO,py_ctrm_fcws.distri_185,base.py,py_ctrm_fcws.state_py_14
cit_2381,2381,TRABAJADO YBY YAU,py_ctrm_fcws.distri_185,base.py,py_ctrm_fcws.state_py_14
cit_2382,2382,VACARAY,py_ctrm_fcws.distri_185,base.py,py_ctrm_fcws.state_py_14
cit_2383,2383,VICTORIA I,py_ctrm_fcws.distri_185,base.py,py_ctrm_fcws.state_py_14
cit_2384,2384,VICTORIA I CALLE 1A.,py_ctrm_fcws.distri_185,base.py,py_ctrm_fcws.state_py_14
cit_2385,2385,YAGUARY,py_ctrm_fcws.distri_185,base.py,py_ctrm_fcws.state_py_14
cit_2386,2386,YAGUA VARA,py_ctrm_fcws.distri_185,base.py,py_ctrm_fcws.state_py_14
cit_2387,2387,YAMBUE,py_ctrm_fcws.distri_185,base.py,py_ctrm_fcws.state_py_14
cit_2388,2388,YATEBU-I,py_ctrm_fcws.distri_185,base.py,py_ctrm_fcws.state_py_14
cit_2389,2389,YBY PYTA,py_ctrm_fcws.distri_185,base.py,py_ctrm_fcws.state_py_14
cit_2390,2390,YBY ATAI(TIMBO-I),py_ctrm_fcws.distri_185,base.py,py_ctrm_fcws.state_py_14
cit_2391,2391,YBYRARAPO,py_ctrm_fcws.distri_185,base.py,py_ctrm_fcws.state_py_14
cit_2392,2392,YBY YAU,py_ctrm_fcws.distri_185,base.py,py_ctrm_fcws.state_py_14
cit_2393,2393,YBY YU,py_ctrm_fcws.distri_185,base.py,py_ctrm_fcws.state_py_14
cit_2394,2394,YERBAL CERRITO,py_ctrm_fcws.distri_185,base.py,py_ctrm_fcws.state_py_14
cit_2395,2395,YHAGUY,py_ctrm_fcws.distri_185,base.py,py_ctrm_fcws.state_py_14
cit_2396,2396,YSAU,py_ctrm_fcws.distri_185,base.py,py_ctrm_fcws.state_py_14
cit_2397,2397,YU AMBUE,py_ctrm_fcws.distri_185,base.py,py_ctrm_fcws.state_py_14
cit_2398,2398,ZANJA PYTA,py_ctrm_fcws.distri_185,base.py,py_ctrm_fcws.state_py_14
cit_2399,2399,ZENON ORTIZ,py_ctrm_fcws.distri_185,base.py,py_ctrm_fcws.state_py_14
cit_2400,2400,ÑANDEYARA,py_ctrm_fcws.distri_185,base.py,py_ctrm_fcws.state_py_14
cit_2401,2401,ÑATIA CAÑADA,py_ctrm_fcws.distri_185,base.py,py_ctrm_fcws.state_py_14
cit_4248,4248,PEDRO JUAN CABALLERO,py_ctrm_fcws.distri_185,base.py,py_ctrm_fcws.state_py_14
cit_4249,4249,1A. ADMINISTRACION,py_ctrm_fcws.distri_185,base.py,py_ctrm_fcws.state_py_14
cit_4250,4250,2A.(YBY YAU),py_ctrm_fcws.distri_185,base.py,py_ctrm_fcws.state_py_14
cit_4251,4251,2A.ADMINISTRACION PIRE,py_ctrm_fcws.distri_185,base.py,py_ctrm_fcws.state_py_14
cit_4252,4252,2A.ZONA DE MOROTINGUE,py_ctrm_fcws.distri_185,base.py,py_ctrm_fcws.state_py_14
cit_4253,4253,2A.Y 3A.ZONA DE PYKY,py_ctrm_fcws.distri_185,base.py,py_ctrm_fcws.state_py_14
cit_4254,4254,4A.CERRO MOJON,py_ctrm_fcws.distri_185,base.py,py_ctrm_fcws.state_py_14
cit_4255,4255,5A.ADMINISTRACION TATU PIRE,py_ctrm_fcws.distri_185,base.py,py_ctrm_fcws.state_py_14
cit_4256,4256,5A.ZONA CALLE MOJON,py_ctrm_fcws.distri_185,base.py,py_ctrm_fcws.state_py_14
cit_4257,4257,ADMINISTRACION MASSON,py_ctrm_fcws.distri_185,base.py,py_ctrm_fcws.state_py_14
cit_4258,4258,AÑARETA,py_ctrm_fcws.distri_185,base.py,py_ctrm_fcws.state_py_14
cit_4259,4259,BEATO ROQUE GONZALEZ,py_ctrm_fcws.distri_185,base.py,py_ctrm_fcws.state_py_14
cit_4260,4260,CABECERA AQUIDABAN,py_ctrm_fcws.distri_185,base.py,py_ctrm_fcws.state_py_14
cit_4261,4261,CABECERA PASO JHU,py_ctrm_fcws.distri_185,base.py,py_ctrm_fcws.state_py_14
cit_4262,4262,CABECERITA,py_ctrm_fcws.distri_185,base.py,py_ctrm_fcws.state_py_14
cit_4263,4263,CAFETAL AMARO CUE,py_ctrm_fcws.distri_185,base.py,py_ctrm_fcws.state_py_14
cit_4264,4264,CAFETAL BRASIL,py_ctrm_fcws.distri_185,base.py,py_ctrm_fcws.state_py_14
cit_4265,4265,CAFETAL ESTRELLA,py_ctrm_fcws.distri_185,base.py,py_ctrm_fcws.state_py_14
cit_4266,4266,CAFETAL PABLISTA,py_ctrm_fcws.distri_185,base.py,py_ctrm_fcws.state_py_14
cit_4267,4267,CAFETAL RINCON DE JULIO,py_ctrm_fcws.distri_185,base.py,py_ctrm_fcws.state_py_14
cit_4268,4268,CAFETAL SAN ANTONIO,py_ctrm_fcws.distri_185,base.py,py_ctrm_fcws.state_py_14
cit_4269,4269,CAFETAL 3 PALOS,py_ctrm_fcws.distri_185,base.py,py_ctrm_fcws.state_py_14
cit_4270,4270,CAFETAL URUGUAYA (DEL NORTE),py_ctrm_fcws.distri_185,base.py,py_ctrm_fcws.state_py_14
cit_4271,4271,CAFETAL VIRGINIA,py_ctrm_fcws.distri_185,base.py,py_ctrm_fcws.state_py_14
cit_4272,4272,CALLE 1A.,py_ctrm_fcws.distri_185,base.py,py_ctrm_fcws.state_py_14
cit_4273,4273,CALLEJON 1A.,py_ctrm_fcws.distri_185,base.py,py_ctrm_fcws.state_py_14
cit_4274,4274,CALLEJON 25,py_ctrm_fcws.distri_185,base.py,py_ctrm_fcws.state_py_14
cit_4275,4275,CALLEJON BRASIL,py_ctrm_fcws.distri_185,base.py,py_ctrm_fcws.state_py_14
cit_4276,4276,CALLEJON GRAL.GENES,py_ctrm_fcws.distri_185,base.py,py_ctrm_fcws.state_py_14
cit_4277,4277,CALLEJON PIKYSYRY,py_ctrm_fcws.distri_185,base.py,py_ctrm_fcws.state_py_14
cit_4278,4278,CALLEJON SANTA MARIA,py_ctrm_fcws.distri_185,base.py,py_ctrm_fcws.state_py_14
cit_4279,4279,CALLEJON SANTA ROSA,py_ctrm_fcws.distri_185,base.py,py_ctrm_fcws.state_py_14
cit_4280,4280,CAMPO FLOR,py_ctrm_fcws.distri_185,base.py,py_ctrm_fcws.state_py_14
cit_4281,4281,CANADIENSE,py_ctrm_fcws.distri_185,base.py,py_ctrm_fcws.state_py_14
cit_4282,4282,CAPIIBARY,py_ctrm_fcws.distri_185,base.py,py_ctrm_fcws.state_py_14
cit_4283,4283,CARPINTERIA CUE,py_ctrm_fcws.distri_185,base.py,py_ctrm_fcws.state_py_14
cit_4284,4284,CAI JHA,py_ctrm_fcws.distri_185,base.py,py_ctrm_fcws.state_py_14
cit_4285,4285,CAI MEMBY,py_ctrm_fcws.distri_185,base.py,py_ctrm_fcws.state_py_14
cit_4286,4286,CAÑADA AQUIDABAN,py_ctrm_fcws.distri_185,base.py,py_ctrm_fcws.state_py_14
cit_4287,4287,CAÑADA SAN ANTONIO,py_ctrm_fcws.distri_185,base.py,py_ctrm_fcws.state_py_14
cit_4288,4288,CERRO ACEITE B-1-4,py_ctrm_fcws.distri_185,base.py,py_ctrm_fcws.state_py_14
cit_4289,4289,CERRO AYGATA,py_ctrm_fcws.distri_185,base.py,py_ctrm_fcws.state_py_14
cit_4290,4290,CERRO BOBO,py_ctrm_fcws.distri_185,base.py,py_ctrm_fcws.state_py_14
cit_4291,4291,CERRO BOBO I,py_ctrm_fcws.distri_185,base.py,py_ctrm_fcws.state_py_14
cit_4292,4292,CERRO CORA,py_ctrm_fcws.distri_185,base.py,py_ctrm_fcws.state_py_14
cit_4293,4293,CERRO CUA,py_ctrm_fcws.distri_185,base.py,py_ctrm_fcws.state_py_14
cit_4294,4294,CERRO GUY,py_ctrm_fcws.distri_185,base.py,py_ctrm_fcws.state_py_14
cit_4295,4295,CERRO LIBERAL,py_ctrm_fcws.distri_185,base.py,py_ctrm_fcws.state_py_14
cit_4296,4296,CERRO LORITO,py_ctrm_fcws.distri_185,base.py,py_ctrm_fcws.state_py_14
cit_4297,4297,CERRO MEMBY,py_ctrm_fcws.distri_185,base.py,py_ctrm_fcws.state_py_14
cit_4298,4298,CERRO MOJON,py_ctrm_fcws.distri_185,base.py,py_ctrm_fcws.state_py_14
cit_4299,4299,CERRO PERO,py_ctrm_fcws.distri_185,base.py,py_ctrm_fcws.state_py_14
cit_4300,4300,CERRO PIKYSYRY,py_ctrm_fcws.distri_185,base.py,py_ctrm_fcws.state_py_14
cit_4301,4301,CHACURRU,py_ctrm_fcws.distri_185,base.py,py_ctrm_fcws.state_py_14
cit_4302,4302,CHIRIGUELO I 2A.ZONA,py_ctrm_fcws.distri_185,base.py,py_ctrm_fcws.state_py_14
cit_4303,4303,CHIRIGUELO,py_ctrm_fcws.distri_185,base.py,py_ctrm_fcws.state_py_14
cit_4304,4304,CHIRIGUELO I 1A.ZONA,py_ctrm_fcws.distri_185,base.py,py_ctrm_fcws.state_py_14
cit_4305,4305,CIERVO,py_ctrm_fcws.distri_185,base.py,py_ctrm_fcws.state_py_14
cit_4306,4306,COGOE-I,py_ctrm_fcws.distri_185,base.py,py_ctrm_fcws.state_py_14
cit_4307,4307,COL.AMARO CUE,py_ctrm_fcws.distri_185,base.py,py_ctrm_fcws.state_py_14
cit_4308,4308,COL.AQUIDABAN,py_ctrm_fcws.distri_185,base.py,py_ctrm_fcws.state_py_14
cit_4309,4309,COL.CERRO APUA,py_ctrm_fcws.distri_185,base.py,py_ctrm_fcws.state_py_14
cit_4310,4310,COL.CERRO CORA M-A,py_ctrm_fcws.distri_185,base.py,py_ctrm_fcws.state_py_14
cit_4311,4311,COL.CERRO CORA M-B-1,py_ctrm_fcws.distri_185,base.py,py_ctrm_fcws.state_py_14
cit_4312,4312,COL.CERRO CORA M-B-2,py_ctrm_fcws.distri_185,base.py,py_ctrm_fcws.state_py_14
cit_4313,4313,COL.CERRO CORA M-C,py_ctrm_fcws.distri_185,base.py,py_ctrm_fcws.state_py_14
cit_4314,4314,COL.EXCOMBATIENTES 2A.ZONA,py_ctrm_fcws.distri_185,base.py,py_ctrm_fcws.state_py_14
cit_4315,4315,COL. GUAVIRA,py_ctrm_fcws.distri_185,base.py,py_ctrm_fcws.state_py_14
cit_4316,4316,COL.JAPONESA,py_ctrm_fcws.distri_185,base.py,py_ctrm_fcws.state_py_14
cit_4317,4317,COL.NARANJA JHAI,py_ctrm_fcws.distri_185,base.py,py_ctrm_fcws.state_py_14
cit_4318,4318,COL.PROSPERIDAD,py_ctrm_fcws.distri_185,base.py,py_ctrm_fcws.state_py_14
cit_4319,4319,COL.PUNTA PORA,py_ctrm_fcws.distri_185,base.py,py_ctrm_fcws.state_py_14
cit_4320,4320,COL.SAN JUAN,py_ctrm_fcws.distri_185,base.py,py_ctrm_fcws.state_py_14
cit_5797,5797,2A.ZONA COLONIA NEA,py_ctrm_fcws.distri_185,base.py,py_ctrm_fcws.state_py_14
cit_5798,5798,ADMINISTRACION FORTUNA I,py_ctrm_fcws.distri_185,base.py,py_ctrm_fcws.state_py_14
cit_5799,5799,CACHIMBO,py_ctrm_fcws.distri_185,base.py,py_ctrm_fcws.state_py_14
cit_5800,5800,CAFETAL PARACANUSE,py_ctrm_fcws.distri_185,base.py,py_ctrm_fcws.state_py_14
cit_6315,6315,COL.VICE PTE.SANCHEZ,py_ctrm_fcws.distri_185,base.py,py_ctrm_fcws.state_py_14
cit_6316,6316,CUMBRE,py_ctrm_fcws.distri_185,base.py,py_ctrm_fcws.state_py_14
cit_2402,2402,BELLA VISTA,py_ctrm_fcws.distri_186,base.py,py_ctrm_fcws.state_py_14
cit_2403,2403,ARROYO CAA,py_ctrm_fcws.distri_186,base.py,py_ctrm_fcws.state_py_14
cit_2404,2404,ARROYO LEON,py_ctrm_fcws.distri_186,base.py,py_ctrm_fcws.state_py_14
cit_2405,2405,ARROYO YBYGUY,py_ctrm_fcws.distri_186,base.py,py_ctrm_fcws.state_py_14
cit_2406,2406,AYALA CUE,py_ctrm_fcws.distri_186,base.py,py_ctrm_fcws.state_py_14
cit_2407,2407,BELLA VISTA (MUNICIPIO),py_ctrm_fcws.distri_186,base.py,py_ctrm_fcws.state_py_14
cit_2407,2407,BELLA VISTA (MUNICIPIO),py_ctrm_fcws.distri_186,base.py,py_ctrm_fcws.state_py_14
cit_2407,2407,BELLA VISTA (MUNICIPIO),py_ctrm_fcws.distri_186,base.py,py_ctrm_fcws.state_py_14
cit_2407,2407,BELLA VISTA (MUNICIPIO),py_ctrm_fcws.distri_186,base.py,py_ctrm_fcws.state_py_14
cit_2407,2407,BELLA VISTA (MUNICIPIO),py_ctrm_fcws.distri_186,base.py,py_ctrm_fcws.state_py_14
cit_2407,2407,BELLA VISTA (MUNICIPIO),py_ctrm_fcws.distri_186,base.py,py_ctrm_fcws.state_py_14
cit_2408,2408,CABAYU Y,py_ctrm_fcws.distri_186,base.py,py_ctrm_fcws.state_py_14
cit_2409,2409,CASUALIDAD,py_ctrm_fcws.distri_186,base.py,py_ctrm_fcws.state_py_14
cit_2410,2410,COL.CERRO POI,py_ctrm_fcws.distri_186,base.py,py_ctrm_fcws.state_py_14
cit_2411,2411,COL.CERRO TRANQUERITA,py_ctrm_fcws.distri_186,base.py,py_ctrm_fcws.state_py_14
cit_2412,2412,COL.SARGENTO DURE,py_ctrm_fcws.distri_186,base.py,py_ctrm_fcws.state_py_14
cit_2413,2413,ESTANCIA APAMI,py_ctrm_fcws.distri_186,base.py,py_ctrm_fcws.state_py_14
cit_2414,2414,ESTANCIA ARAMBURU,py_ctrm_fcws.distri_186,base.py,py_ctrm_fcws.state_py_14
cit_2415,2415,ESTANCIA ARROYO 1A.,py_ctrm_fcws.distri_186,base.py,py_ctrm_fcws.state_py_14
cit_2416,2416,ESTANCIA BARRERO,py_ctrm_fcws.distri_186,base.py,py_ctrm_fcws.state_py_14
cit_2417,2417,ESTANCIA BEDOYA,py_ctrm_fcws.distri_186,base.py,py_ctrm_fcws.state_py_14
cit_2418,2418,ESTANCIA CARMEN DE LA SIERRA,py_ctrm_fcws.distri_186,base.py,py_ctrm_fcws.state_py_14
cit_2419,2419,ESTANCIA CIERVO,py_ctrm_fcws.distri_186,base.py,py_ctrm_fcws.state_py_14
cit_2420,2420,ESTANCIA DUARTE CUE,py_ctrm_fcws.distri_186,base.py,py_ctrm_fcws.state_py_14
cit_2421,2421,ESTANCIA GUARANI,py_ctrm_fcws.distri_186,base.py,py_ctrm_fcws.state_py_14
cit_2422,2422,ESTANCIA LAS MERCEDES,py_ctrm_fcws.distri_186,base.py,py_ctrm_fcws.state_py_14
cit_2423,2423,ESTANCIA LOMA,py_ctrm_fcws.distri_186,base.py,py_ctrm_fcws.state_py_14
cit_2424,2424,ESTANCIA PINDURACUE,py_ctrm_fcws.distri_186,base.py,py_ctrm_fcws.state_py_14
cit_2425,2425,ESTANCIA POSITO,py_ctrm_fcws.distri_186,base.py,py_ctrm_fcws.state_py_14
cit_2426,2426,ESTANCIA SAN ALFREDO,py_ctrm_fcws.distri_186,base.py,py_ctrm_fcws.state_py_14
cit_2427,2427,ESTANCIA SAN CARLOS,py_ctrm_fcws.distri_186,base.py,py_ctrm_fcws.state_py_14
cit_2428,2428,ESTANCIA SAN JOSE,py_ctrm_fcws.distri_186,base.py,py_ctrm_fcws.state_py_14
cit_2429,2429,ESTANCIA SAN JUAN (NORTE),py_ctrm_fcws.distri_186,base.py,py_ctrm_fcws.state_py_14
cit_2430,2430,ESTANCIA SAN LORENZO,py_ctrm_fcws.distri_186,base.py,py_ctrm_fcws.state_py_14
cit_2431,2431,ESTANCIA SAN ROQUE,py_ctrm_fcws.distri_186,base.py,py_ctrm_fcws.state_py_14
cit_2432,2432,ESTANCIA SAN VICTOR,py_ctrm_fcws.distri_186,base.py,py_ctrm_fcws.state_py_14
cit_2433,2433,ESTANCIA SANTA AMALIA,py_ctrm_fcws.distri_186,base.py,py_ctrm_fcws.state_py_14
cit_2434,2434,ESTANCIA SANTA LINA,py_ctrm_fcws.distri_186,base.py,py_ctrm_fcws.state_py_14
cit_2435,2435,ESTANCIA SANTA NIDIA,py_ctrm_fcws.distri_186,base.py,py_ctrm_fcws.state_py_14
cit_2436,2436,ESTANCIA YBU MI,py_ctrm_fcws.distri_186,base.py,py_ctrm_fcws.state_py_14
cit_2437,2437,ESTANCIA ZEPELLO,py_ctrm_fcws.distri_186,base.py,py_ctrm_fcws.state_py_14
cit_2438,2438,ESTANCIA ÑU POI,py_ctrm_fcws.distri_186,base.py,py_ctrm_fcws.state_py_14
cit_2439,2439,INVERNADA YATEBU,py_ctrm_fcws.distri_186,base.py,py_ctrm_fcws.state_py_14
cit_2440,2440,ISLA ALTA,py_ctrm_fcws.distri_186,base.py,py_ctrm_fcws.state_py_14
cit_2441,2441,OBRAJE ZUBIZARRETA,py_ctrm_fcws.distri_186,base.py,py_ctrm_fcws.state_py_14
cit_2442,2442,OVELAR CUE,py_ctrm_fcws.distri_186,base.py,py_ctrm_fcws.state_py_14
cit_2443,2443,PUENTE KYJHA,py_ctrm_fcws.distri_186,base.py,py_ctrm_fcws.state_py_14
cit_2444,2444,PUESTO SANTA RITA,py_ctrm_fcws.distri_186,base.py,py_ctrm_fcws.state_py_14
cit_2445,2445,ESTANCIA TOLDO CUE,py_ctrm_fcws.distri_186,base.py,py_ctrm_fcws.state_py_14
cit_2446,2446,RETIRO ALEGRIA,py_ctrm_fcws.distri_186,base.py,py_ctrm_fcws.state_py_14
cit_2447,2447,RETIRO APA MI,py_ctrm_fcws.distri_186,base.py,py_ctrm_fcws.state_py_14
cit_2448,2448,RETIRO CERRO ACANGUE,py_ctrm_fcws.distri_186,base.py,py_ctrm_fcws.state_py_14
cit_2449,2449,RETIRO CHAMIZO,py_ctrm_fcws.distri_186,base.py,py_ctrm_fcws.state_py_14
cit_2450,2450,RETIRO LOMA I,py_ctrm_fcws.distri_186,base.py,py_ctrm_fcws.state_py_14
cit_2451,2451,RETIRO LOMA PORA,py_ctrm_fcws.distri_186,base.py,py_ctrm_fcws.state_py_14
cit_2452,2452,RETIRO LOMA PORA 2A.,py_ctrm_fcws.distri_186,base.py,py_ctrm_fcws.state_py_14
cit_2453,2453,RETIRO MARGARITA,py_ctrm_fcws.distri_186,base.py,py_ctrm_fcws.state_py_14
cit_2454,2454,RETIRO NAPEGUE,py_ctrm_fcws.distri_186,base.py,py_ctrm_fcws.state_py_14
cit_2455,2455,RETIRO NOAGA,py_ctrm_fcws.distri_186,base.py,py_ctrm_fcws.state_py_14
cit_2456,2456,RETIRO OLIVA,py_ctrm_fcws.distri_186,base.py,py_ctrm_fcws.state_py_14
cit_2457,2457,RETIRO PAÑUELO,py_ctrm_fcws.distri_186,base.py,py_ctrm_fcws.state_py_14
cit_2458,2458,RETIRO PEGUAJHO,py_ctrm_fcws.distri_186,base.py,py_ctrm_fcws.state_py_14
cit_2459,2459,RETIRO PENSAMIENTO,py_ctrm_fcws.distri_186,base.py,py_ctrm_fcws.state_py_14
cit_2460,2460,RETIRO PYPUCU,py_ctrm_fcws.distri_186,base.py,py_ctrm_fcws.state_py_14
cit_2461,2461,RETIRO PYSYRY,py_ctrm_fcws.distri_186,base.py,py_ctrm_fcws.state_py_14
cit_2462,2462,RETIRO RINCONADA,py_ctrm_fcws.distri_186,base.py,py_ctrm_fcws.state_py_14
cit_2463,2463,RETIRO RUDA,py_ctrm_fcws.distri_186,base.py,py_ctrm_fcws.state_py_14
cit_2464,2464,RETIRO SAN PABLO,py_ctrm_fcws.distri_186,base.py,py_ctrm_fcws.state_py_14
cit_2465,2465,RETIRO SANTA LUISA,py_ctrm_fcws.distri_186,base.py,py_ctrm_fcws.state_py_14
cit_2466,2466,RETIRO SANTA RITA,py_ctrm_fcws.distri_186,base.py,py_ctrm_fcws.state_py_14
cit_2467,2467,RETIRO SUCIA,py_ctrm_fcws.distri_186,base.py,py_ctrm_fcws.state_py_14
cit_2468,2468,RETIRO TORO PASO,py_ctrm_fcws.distri_186,base.py,py_ctrm_fcws.state_py_14
cit_2469,2469,RETIRO TRANQUERITA,py_ctrm_fcws.distri_186,base.py,py_ctrm_fcws.state_py_14
cit_2470,2470,SAN JOSE,py_ctrm_fcws.distri_186,base.py,py_ctrm_fcws.state_py_14
cit_2471,2471,SANTA ELISA,py_ctrm_fcws.distri_186,base.py,py_ctrm_fcws.state_py_14
cit_2472,2472,SANTA TERESA,py_ctrm_fcws.distri_186,base.py,py_ctrm_fcws.state_py_14
cit_2473,2473,SANTO DOMINGO,py_ctrm_fcws.distri_186,base.py,py_ctrm_fcws.state_py_14
cit_2474,2474,SOBERANA,py_ctrm_fcws.distri_186,base.py,py_ctrm_fcws.state_py_14
cit_2475,2475,YARAGUA,py_ctrm_fcws.distri_186,base.py,py_ctrm_fcws.state_py_14
cit_2476,2476,YUGO PENGUE,py_ctrm_fcws.distri_186,base.py,py_ctrm_fcws.state_py_14
cit_6317,6317,ESTANCIA SAN JUAN (SUR),py_ctrm_fcws.distri_186,base.py,py_ctrm_fcws.state_py_14
cit_6318,6318,ESTANCIA SANTA VICTORIA,py_ctrm_fcws.distri_186,base.py,py_ctrm_fcws.state_py_14
cit_6319,6319,LA MILAGROSA,py_ctrm_fcws.distri_186,base.py,py_ctrm_fcws.state_py_14
cit_6320,6320,RANCHO ALEGRE,py_ctrm_fcws.distri_186,base.py,py_ctrm_fcws.state_py_14
cit_6321,6321,RETIRO FAUSTINO CUE,py_ctrm_fcws.distri_186,base.py,py_ctrm_fcws.state_py_14
cit_6322,6322,RETIRO NARZISA,py_ctrm_fcws.distri_186,base.py,py_ctrm_fcws.state_py_14
cit_6323,6323,RETIRO PILETA,py_ctrm_fcws.distri_186,base.py,py_ctrm_fcws.state_py_14
cit_6324,6324,RETIRO SAN NICOLAS,py_ctrm_fcws.distri_186,base.py,py_ctrm_fcws.state_py_14
cit_6325,6325,RODEO TAPE,py_ctrm_fcws.distri_186,base.py,py_ctrm_fcws.state_py_14
cit_2477,2477,CAPITAN BADO,py_ctrm_fcws.distri_187,base.py,py_ctrm_fcws.state_py_14
cit_2478,2478,6 DE diciembre,py_ctrm_fcws.distri_187,base.py,py_ctrm_fcws.state_py_14
cit_2479,2479,ACUTI,py_ctrm_fcws.distri_187,base.py,py_ctrm_fcws.state_py_14
cit_2480,2480,AGUAPEY,py_ctrm_fcws.distri_187,base.py,py_ctrm_fcws.state_py_14
cit_2481,2481,AGUARA,py_ctrm_fcws.distri_187,base.py,py_ctrm_fcws.state_py_14
cit_2482,2482,ARROYITO,py_ctrm_fcws.distri_187,base.py,py_ctrm_fcws.state_py_14
cit_2483,2483,ASERRADERO CANECA,py_ctrm_fcws.distri_187,base.py,py_ctrm_fcws.state_py_14
cit_2484,2484,BONANZA,py_ctrm_fcws.distri_187,base.py,py_ctrm_fcws.state_py_14
cit_2485,2485,BOQUERON,py_ctrm_fcws.distri_187,base.py,py_ctrm_fcws.state_py_14
cit_2486,2486,CA'A POTY,py_ctrm_fcws.distri_187,base.py,py_ctrm_fcws.state_py_14
cit_2487,2487,CAAGUY POTY,py_ctrm_fcws.distri_187,base.py,py_ctrm_fcws.state_py_14
cit_2488,2488,CAAZAPAMI PARAGUAY,py_ctrm_fcws.distri_187,base.py,py_ctrm_fcws.state_py_14
cit_2489,2489,CABECERA CURUPAY,py_ctrm_fcws.distri_187,base.py,py_ctrm_fcws.state_py_14
cit_2490,2490,CABEZADITA,py_ctrm_fcws.distri_187,base.py,py_ctrm_fcws.state_py_14
cit_2491,2491,CAFETAL ASSAMI,py_ctrm_fcws.distri_187,base.py,py_ctrm_fcws.state_py_14
cit_2492,2492,CAFETAL CARRERO,py_ctrm_fcws.distri_187,base.py,py_ctrm_fcws.state_py_14
cit_2493,2493,CAFETAL CERRO CUATIA,py_ctrm_fcws.distri_187,base.py,py_ctrm_fcws.state_py_14
cit_2494,2494,CAFETAL DEL CERRO,py_ctrm_fcws.distri_187,base.py,py_ctrm_fcws.state_py_14
cit_2495,2495,CAMPAÑA I,py_ctrm_fcws.distri_187,base.py,py_ctrm_fcws.state_py_14
cit_2496,2496,CAMPO WUIS,py_ctrm_fcws.distri_187,base.py,py_ctrm_fcws.state_py_14
cit_2497,2497,CAPITAN BADO (MUNICIPIO),py_ctrm_fcws.distri_187,base.py,py_ctrm_fcws.state_py_14
cit_2497,2497,CAPITAN BADO (MUNICIPIO),py_ctrm_fcws.distri_187,base.py,py_ctrm_fcws.state_py_14
cit_2497,2497,CAPITAN BADO (MUNICIPIO),py_ctrm_fcws.distri_187,base.py,py_ctrm_fcws.state_py_14
cit_2497,2497,CAPITAN BADO (MUNICIPIO),py_ctrm_fcws.distri_187,base.py,py_ctrm_fcws.state_py_14
cit_2497,2497,CAPITAN BADO (MUNICIPIO),py_ctrm_fcws.distri_187,base.py,py_ctrm_fcws.state_py_14
cit_2498,2498,CARAYA,py_ctrm_fcws.distri_187,base.py,py_ctrm_fcws.state_py_14
cit_2499,2499,CARRILLO CUE,py_ctrm_fcws.distri_187,base.py,py_ctrm_fcws.state_py_14
cit_2500,2500,CAI MEMBY,py_ctrm_fcws.distri_187,base.py,py_ctrm_fcws.state_py_14
cit_2501,2501,CERRITO ITA CORA,py_ctrm_fcws.distri_187,base.py,py_ctrm_fcws.state_py_14
cit_2502,2502,CERRO MBOCAVI,py_ctrm_fcws.distri_187,base.py,py_ctrm_fcws.state_py_14
cit_2503,2503,CHACO I,py_ctrm_fcws.distri_187,base.py,py_ctrm_fcws.state_py_14
cit_2504,2504,CIERVO ÑU,py_ctrm_fcws.distri_187,base.py,py_ctrm_fcws.state_py_14
cit_2505,2505,COCUERE,py_ctrm_fcws.distri_187,base.py,py_ctrm_fcws.state_py_14
cit_2506,2506,COL.DUTRA,py_ctrm_fcws.distri_187,base.py,py_ctrm_fcws.state_py_14
cit_2507,2507,COL.JAPONESA,py_ctrm_fcws.distri_187,base.py,py_ctrm_fcws.state_py_14
cit_2508,2508,COL.MARISCAL LOPEZ,py_ctrm_fcws.distri_187,base.py,py_ctrm_fcws.state_py_14
cit_2509,2509,COL.NACIMIENTO,py_ctrm_fcws.distri_187,base.py,py_ctrm_fcws.state_py_14
cit_2510,2510,COL.YPANE MI,py_ctrm_fcws.distri_187,base.py,py_ctrm_fcws.state_py_14
cit_2511,2511,COLO O,py_ctrm_fcws.distri_187,base.py,py_ctrm_fcws.state_py_14
cit_2512,2512,COLO O I,py_ctrm_fcws.distri_187,base.py,py_ctrm_fcws.state_py_14
cit_2513,2513,CORRALON,py_ctrm_fcws.distri_187,base.py,py_ctrm_fcws.state_py_14
cit_2514,2514,CRISTINO POTRERO,py_ctrm_fcws.distri_187,base.py,py_ctrm_fcws.state_py_14
cit_2515,2515,CUAREPOTI,py_ctrm_fcws.distri_187,base.py,py_ctrm_fcws.state_py_14
cit_2516,2516,CURUPAY,py_ctrm_fcws.distri_187,base.py,py_ctrm_fcws.state_py_14
cit_2517,2517,CURE SOBRADO,py_ctrm_fcws.distri_187,base.py,py_ctrm_fcws.state_py_14
cit_2518,2518,DESVIO 88,py_ctrm_fcws.distri_187,base.py,py_ctrm_fcws.state_py_14
cit_2519,2519,DESVIO SAN FERNANDO,py_ctrm_fcws.distri_187,base.py,py_ctrm_fcws.state_py_14
cit_2520,2520,ESCALANTE CUE,py_ctrm_fcws.distri_187,base.py,py_ctrm_fcws.state_py_14
cit_2521,2521,ESTABLECIMIENTO CARUMBEY,py_ctrm_fcws.distri_187,base.py,py_ctrm_fcws.state_py_14
cit_2522,2522,ESTABLECIMIENTO GUARANI,py_ctrm_fcws.distri_187,base.py,py_ctrm_fcws.state_py_14
cit_2523,2523,ESTABLECIMIENTO LAGUNITO,py_ctrm_fcws.distri_187,base.py,py_ctrm_fcws.state_py_14
cit_2524,2524,ESTABLECIMIENTO LAGUNITA,py_ctrm_fcws.distri_187,base.py,py_ctrm_fcws.state_py_14
cit_2525,2525,ESTABLECIMIENTO SALMO 23,py_ctrm_fcws.distri_187,base.py,py_ctrm_fcws.state_py_14
cit_2526,2526,ESTABLECIMIENTO SAN ANTONIO,py_ctrm_fcws.distri_187,base.py,py_ctrm_fcws.state_py_14
cit_2527,2527,ESTABLECIMIENTO SAN FERNANDO,py_ctrm_fcws.distri_187,base.py,py_ctrm_fcws.state_py_14
cit_2528,2528,ESTABLECIMIENTO TRABUCO,py_ctrm_fcws.distri_187,base.py,py_ctrm_fcws.state_py_14
cit_2529,2529,ESTABLECIMIENTO YUKYRY MI,py_ctrm_fcws.distri_187,base.py,py_ctrm_fcws.state_py_14
cit_2530,2530,ESTABLECIMIENTO ZAPALLO,py_ctrm_fcws.distri_187,base.py,py_ctrm_fcws.state_py_14
cit_2531,2531,ESTANCIA ITAPUA I,py_ctrm_fcws.distri_187,base.py,py_ctrm_fcws.state_py_14
cit_2532,2532,ESTANCIA NUEVA FRANCA,py_ctrm_fcws.distri_187,base.py,py_ctrm_fcws.state_py_14
cit_2533,2533,ESTANCIA PAULO,py_ctrm_fcws.distri_187,base.py,py_ctrm_fcws.state_py_14
cit_2534,2534,FAZENDA CHIKI MATI,py_ctrm_fcws.distri_187,base.py,py_ctrm_fcws.state_py_14
cit_2535,2535,FAZENDA DEL TUE,py_ctrm_fcws.distri_187,base.py,py_ctrm_fcws.state_py_14
cit_2536,2536,FAZENDA JOAQUINCIÑO,py_ctrm_fcws.distri_187,base.py,py_ctrm_fcws.state_py_14
cit_2537,2537,FAZENDA LOYIADA,py_ctrm_fcws.distri_187,base.py,py_ctrm_fcws.state_py_14
cit_2538,2538,FAZENDA MAGNOLIA,py_ctrm_fcws.distri_187,base.py,py_ctrm_fcws.state_py_14
cit_2539,2539,FAZENDA NUEVA ESPERANZA,py_ctrm_fcws.distri_187,base.py,py_ctrm_fcws.state_py_14
cit_2540,2540,FAZENDA SANTA ADELIA,py_ctrm_fcws.distri_187,base.py,py_ctrm_fcws.state_py_14
cit_2541,2541,FAZENDA SANTA FE,py_ctrm_fcws.distri_187,base.py,py_ctrm_fcws.state_py_14
cit_2542,2542,FAZENDA YBYPE,py_ctrm_fcws.distri_187,base.py,py_ctrm_fcws.state_py_14
cit_2543,2543,FRANCO CUE,py_ctrm_fcws.distri_187,base.py,py_ctrm_fcws.state_py_14
cit_2544,2544,GUAIGUI TAPERE,py_ctrm_fcws.distri_187,base.py,py_ctrm_fcws.state_py_14
cit_2545,2545,GUARANI,py_ctrm_fcws.distri_187,base.py,py_ctrm_fcws.state_py_14
cit_2546,2546,GUAZU ARI,py_ctrm_fcws.distri_187,base.py,py_ctrm_fcws.state_py_14
cit_2547,2547,GUYRA KEJHA,py_ctrm_fcws.distri_187,base.py,py_ctrm_fcws.state_py_14
cit_2548,2548,HACIENDA SANTA CRUZ,py_ctrm_fcws.distri_187,base.py,py_ctrm_fcws.state_py_14
cit_2549,2549,ITA BOZA,py_ctrm_fcws.distri_187,base.py,py_ctrm_fcws.state_py_14
cit_2550,2550,ITA CUI,py_ctrm_fcws.distri_187,base.py,py_ctrm_fcws.state_py_14
cit_2551,2551,ITA GUARANI,py_ctrm_fcws.distri_187,base.py,py_ctrm_fcws.state_py_14
cit_2552,2552,ITA POPO,py_ctrm_fcws.distri_187,base.py,py_ctrm_fcws.state_py_14
cit_2553,2553,J.S.GODOY (TORIN),py_ctrm_fcws.distri_187,base.py,py_ctrm_fcws.state_py_14
cit_2554,2554,KO-E PYAJHU,py_ctrm_fcws.distri_187,base.py,py_ctrm_fcws.state_py_14
cit_2555,2555,KUI,py_ctrm_fcws.distri_187,base.py,py_ctrm_fcws.state_py_14
cit_2556,2556,LOTE-I,py_ctrm_fcws.distri_187,base.py,py_ctrm_fcws.state_py_14
cit_2557,2557,MARTINEZ CUE,py_ctrm_fcws.distri_187,base.py,py_ctrm_fcws.state_py_14
cit_2558,2558,MBOCAYATY,py_ctrm_fcws.distri_187,base.py,py_ctrm_fcws.state_py_14
cit_2559,2559,MECA,py_ctrm_fcws.distri_187,base.py,py_ctrm_fcws.state_py_14
cit_2560,2560,MIRI-I,py_ctrm_fcws.distri_187,base.py,py_ctrm_fcws.state_py_14
cit_2561,2561,MIRI GUAZU,py_ctrm_fcws.distri_187,base.py,py_ctrm_fcws.state_py_14
cit_2562,2562,MONTE POTRERO,py_ctrm_fcws.distri_187,base.py,py_ctrm_fcws.state_py_14
cit_2563,2563,NUEVA VIRGINIA,py_ctrm_fcws.distri_187,base.py,py_ctrm_fcws.state_py_14
cit_2564,2564,OBRAJE PUENDY,py_ctrm_fcws.distri_187,base.py,py_ctrm_fcws.state_py_14
cit_2565,2565,OBRAJE SALAMANCA,py_ctrm_fcws.distri_187,base.py,py_ctrm_fcws.state_py_14
cit_2566,2566,OCULTO POTY,py_ctrm_fcws.distri_187,base.py,py_ctrm_fcws.state_py_14
cit_2567,2567,PASO HISTORIA,py_ctrm_fcws.distri_187,base.py,py_ctrm_fcws.state_py_14
cit_2568,2568,PASO ITA,py_ctrm_fcws.distri_187,base.py,py_ctrm_fcws.state_py_14
cit_2569,2569,PASO SAN DANIEL,py_ctrm_fcws.distri_187,base.py,py_ctrm_fcws.state_py_14
cit_2570,2570,PASO TUNA,py_ctrm_fcws.distri_187,base.py,py_ctrm_fcws.state_py_14
cit_2571,2571,PASO DE LOS TOROS,py_ctrm_fcws.distri_187,base.py,py_ctrm_fcws.state_py_14
cit_2572,2572,PAYESA-I,py_ctrm_fcws.distri_187,base.py,py_ctrm_fcws.state_py_14
cit_2573,2573,PITAY,py_ctrm_fcws.distri_187,base.py,py_ctrm_fcws.state_py_14
cit_2574,2574,PIÑA,py_ctrm_fcws.distri_187,base.py,py_ctrm_fcws.state_py_14
cit_2575,2575,POTRERITO,py_ctrm_fcws.distri_187,base.py,py_ctrm_fcws.state_py_14
cit_2576,2576,POTRERO CIERVO ÑU,py_ctrm_fcws.distri_187,base.py,py_ctrm_fcws.state_py_14
cit_2577,2577,POTRERO NOVILLO,py_ctrm_fcws.distri_187,base.py,py_ctrm_fcws.state_py_14
cit_2578,2578,POTRERO OCULTO,py_ctrm_fcws.distri_187,base.py,py_ctrm_fcws.state_py_14
cit_2579,2579,POTRERO OCULTO KYHA,py_ctrm_fcws.distri_187,base.py,py_ctrm_fcws.state_py_14
cit_2580,2580,POTRERO OMBU,py_ctrm_fcws.distri_187,base.py,py_ctrm_fcws.state_py_14
cit_2581,2581,POTRERO TACUARATY,py_ctrm_fcws.distri_187,base.py,py_ctrm_fcws.state_py_14
cit_2582,2582,POTRERO YAJHAPEMI,py_ctrm_fcws.distri_187,base.py,py_ctrm_fcws.state_py_14
cit_2583,2583,POTRERO-I,py_ctrm_fcws.distri_187,base.py,py_ctrm_fcws.state_py_14
cit_2584,2584,PUENTE CAPI-I,py_ctrm_fcws.distri_187,base.py,py_ctrm_fcws.state_py_14
cit_2585,2585,PUENTE DE TABLA,py_ctrm_fcws.distri_187,base.py,py_ctrm_fcws.state_py_14
cit_2586,2586,PUERTO MARGARITA,py_ctrm_fcws.distri_187,base.py,py_ctrm_fcws.state_py_14
cit_2587,2587,PUERTO MARTITA,py_ctrm_fcws.distri_187,base.py,py_ctrm_fcws.state_py_14
cit_2588,2588,PUERTO PANADERO,py_ctrm_fcws.distri_187,base.py,py_ctrm_fcws.state_py_14
cit_2589,2589,QUINTANA CUE,py_ctrm_fcws.distri_187,base.py,py_ctrm_fcws.state_py_14
cit_2590,2590,RANCHO TUYUTI,py_ctrm_fcws.distri_187,base.py,py_ctrm_fcws.state_py_14
cit_2591,2591,RANCHO YEGUA,py_ctrm_fcws.distri_187,base.py,py_ctrm_fcws.state_py_14
cit_2592,2592,RETIRO MBOI YAGUA,py_ctrm_fcws.distri_187,base.py,py_ctrm_fcws.state_py_14
cit_3586,3586,RETIRO NA.1 BUEN AMIGO,py_ctrm_fcws.distri_187,base.py,py_ctrm_fcws.state_py_14
cit_3587,3587,RINCON PARAGUAY,py_ctrm_fcws.distri_187,base.py,py_ctrm_fcws.state_py_14
cit_3588,3588,SAN RAMON,py_ctrm_fcws.distri_187,base.py,py_ctrm_fcws.state_py_14
cit_3589,3589,SANTA CECILIA,py_ctrm_fcws.distri_187,base.py,py_ctrm_fcws.state_py_14
cit_3590,3590,SANTA ELISA,py_ctrm_fcws.distri_187,base.py,py_ctrm_fcws.state_py_14
cit_3591,3591,SANTA MARIA,py_ctrm_fcws.distri_187,base.py,py_ctrm_fcws.state_py_14
cit_3592,3592,TACUARATY,py_ctrm_fcws.distri_187,base.py,py_ctrm_fcws.state_py_14
cit_3593,3593,TAPYTA CURUPAY,py_ctrm_fcws.distri_187,base.py,py_ctrm_fcws.state_py_14
cit_3594,3594,TARACA,py_ctrm_fcws.distri_187,base.py,py_ctrm_fcws.state_py_14
cit_3595,3595,TOTORA,py_ctrm_fcws.distri_187,base.py,py_ctrm_fcws.state_py_14
cit_3596,3596,TRABUCO,py_ctrm_fcws.distri_187,base.py,py_ctrm_fcws.state_py_14
cit_3597,3597,TRIGAL TARACA,py_ctrm_fcws.distri_187,base.py,py_ctrm_fcws.state_py_14
cit_3598,3598,TUYU PE,py_ctrm_fcws.distri_187,base.py,py_ctrm_fcws.state_py_14
cit_3599,3599,TUYU CUE,py_ctrm_fcws.distri_187,base.py,py_ctrm_fcws.state_py_14
cit_3600,3600,VERON CUE,py_ctrm_fcws.distri_187,base.py,py_ctrm_fcws.state_py_14
cit_3601,3601,YAGUARUNDI GUAZU,py_ctrm_fcws.distri_187,base.py,py_ctrm_fcws.state_py_14
cit_3602,3602,YAGUA PO,py_ctrm_fcws.distri_187,base.py,py_ctrm_fcws.state_py_14
cit_3603,3603,YBYPE-I,py_ctrm_fcws.distri_187,base.py,py_ctrm_fcws.state_py_14
cit_3604,3604,YBYCUI,py_ctrm_fcws.distri_187,base.py,py_ctrm_fcws.state_py_14
cit_3605,3605,YUYGUY,py_ctrm_fcws.distri_187,base.py,py_ctrm_fcws.state_py_14
cit_3606,3606,YZOZO,py_ctrm_fcws.distri_187,base.py,py_ctrm_fcws.state_py_14
cit_3607,3607,ZANJA JHU,py_ctrm_fcws.distri_187,base.py,py_ctrm_fcws.state_py_14
cit_3608,3608,ÑU Abase.py,py_ctrm_fcws.distri_187,base.py,py_ctrm_fcws.state_py_14
cit_5751,5751,RETIRO SANTA MARIA,py_ctrm_fcws.distri_187,base.py,py_ctrm_fcws.state_py_14
cit_5752,5752,SEÑORITA,py_ctrm_fcws.distri_187,base.py,py_ctrm_fcws.state_py_14
cit_5753,5753,TRABAJADO ZUZUKI,py_ctrm_fcws.distri_187,base.py,py_ctrm_fcws.state_py_14
cit_5754,5754,YAGUARUNDI-I,py_ctrm_fcws.distri_187,base.py,py_ctrm_fcws.state_py_14
cit_5755,5755,YUKY POTRERO,py_ctrm_fcws.distri_187,base.py,py_ctrm_fcws.state_py_14
cit_6326,6326,RETIRO CARAPA-I,py_ctrm_fcws.distri_187,base.py,py_ctrm_fcws.state_py_14
cit_6429,6429,KARAPAI,py_ctrm_fcws.distri_278,base.py,py_ctrm_fcws.state_py_14
cit_3609,3609,VILLA HAYES,py_ctrm_fcws.distri_188,base.py,py_ctrm_fcws.state_py_15
cit_3609,3609,VILLA HAYES,py_ctrm_fcws.distri_188,base.py,py_ctrm_fcws.state_py_15
cit_3609,3609,VILLA HAYES,py_ctrm_fcws.distri_188,base.py,py_ctrm_fcws.state_py_15
cit_3609,3609,VILLA HAYES,py_ctrm_fcws.distri_188,base.py,py_ctrm_fcws.state_py_15
cit_3610,3610,14 DE mayo,py_ctrm_fcws.distri_188,base.py,py_ctrm_fcws.state_py_15
cit_3611,3611,25 LEGUAS,py_ctrm_fcws.distri_188,base.py,py_ctrm_fcws.state_py_15
cit_3612,3612,3 DE mayo,py_ctrm_fcws.distri_188,base.py,py_ctrm_fcws.state_py_15
cit_3614,3614,7 BOCAS,py_ctrm_fcws.distri_188,base.py,py_ctrm_fcws.state_py_15
cit_3615,3615,ALBORADA,py_ctrm_fcws.distri_188,base.py,py_ctrm_fcws.state_py_15
cit_3616,3616,ALEGRE,py_ctrm_fcws.distri_188,base.py,py_ctrm_fcws.state_py_15
cit_3617,3617,AMALIA,py_ctrm_fcws.distri_188,base.py,py_ctrm_fcws.state_py_15
cit_3618,3618,ARAZA,py_ctrm_fcws.distri_188,base.py,py_ctrm_fcws.state_py_15
cit_3619,3619,AVALOS SANCHEZ,py_ctrm_fcws.distri_188,base.py,py_ctrm_fcws.state_py_15
cit_3620,3620,BETTY,py_ctrm_fcws.distri_188,base.py,py_ctrm_fcws.state_py_15
cit_3621,3621,BOCA-I,py_ctrm_fcws.distri_188,base.py,py_ctrm_fcws.state_py_15
cit_3622,3622,BOQUERON,py_ctrm_fcws.distri_188,base.py,py_ctrm_fcws.state_py_15
cit_3623,3623,CABO 1RO.CANO,py_ctrm_fcws.distri_188,base.py,py_ctrm_fcws.state_py_15
cit_3624,3624,CADETE OTAZU,py_ctrm_fcws.distri_188,base.py,py_ctrm_fcws.state_py_15
cit_3625,3625,CADETE PASTOR PANDO,py_ctrm_fcws.distri_188,base.py,py_ctrm_fcws.state_py_15
cit_3626,3626,CAMPO 48,py_ctrm_fcws.distri_188,base.py,py_ctrm_fcws.state_py_15
cit_3627,3627,CAMPO ESPERANZA,py_ctrm_fcws.distri_188,base.py,py_ctrm_fcws.state_py_15
cit_3628,3628,CAMPO FLORES,py_ctrm_fcws.distri_188,base.py,py_ctrm_fcws.state_py_15
cit_3629,3629,CAMPO LATA,py_ctrm_fcws.distri_188,base.py,py_ctrm_fcws.state_py_15
cit_3630,3630,CAMPO LEON,py_ctrm_fcws.distri_188,base.py,py_ctrm_fcws.state_py_15
cit_3631,3631,CARA-U,py_ctrm_fcws.distri_188,base.py,py_ctrm_fcws.state_py_15
cit_3632,3632,CARAMBOLA,py_ctrm_fcws.distri_188,base.py,py_ctrm_fcws.state_py_15
cit_3633,3633,CARLOS SISA,py_ctrm_fcws.distri_188,base.py,py_ctrm_fcws.state_py_15
cit_3634,3634,CARMENCITA,py_ctrm_fcws.distri_188,base.py,py_ctrm_fcws.state_py_15
cit_3635,3635,CASANILLO,py_ctrm_fcws.distri_188,base.py,py_ctrm_fcws.state_py_15
cit_3636,3636,CASUALIDAD,py_ctrm_fcws.distri_188,base.py,py_ctrm_fcws.state_py_15
cit_3637,3637,CEIBO,py_ctrm_fcws.distri_188,base.py,py_ctrm_fcws.state_py_15
cit_3638,3638,CELADA CUE,py_ctrm_fcws.distri_188,base.py,py_ctrm_fcws.state_py_15
cit_3639,3639,CHACO-I,py_ctrm_fcws.distri_188,base.py,py_ctrm_fcws.state_py_15
cit_3640,3640,CNEL.MARTINEZ,py_ctrm_fcws.distri_188,base.py,py_ctrm_fcws.state_py_15
cit_3641,3641,COLONIA,py_ctrm_fcws.distri_188,base.py,py_ctrm_fcws.state_py_15
cit_3642,3642,CMTE.NOWAK,py_ctrm_fcws.distri_188,base.py,py_ctrm_fcws.state_py_15
cit_3643,3643,CORA-I,py_ctrm_fcws.distri_188,base.py,py_ctrm_fcws.state_py_15
cit_3644,3644,CORRALITO,py_ctrm_fcws.distri_188,base.py,py_ctrm_fcws.state_py_15
cit_3645,3645,CORRALON,py_ctrm_fcws.distri_188,base.py,py_ctrm_fcws.state_py_15
cit_3646,3646,COSTA,py_ctrm_fcws.distri_188,base.py,py_ctrm_fcws.state_py_15
cit_3647,3647,COE-YU,py_ctrm_fcws.distri_188,base.py,py_ctrm_fcws.state_py_15
cit_3648,3648,CUATRO CIERVOS,py_ctrm_fcws.distri_188,base.py,py_ctrm_fcws.state_py_15
cit_3649,3649,CURUPAYTY,py_ctrm_fcws.distri_188,base.py,py_ctrm_fcws.state_py_15
cit_3650,3650,CACERES CUE,py_ctrm_fcws.distri_188,base.py,py_ctrm_fcws.state_py_15
cit_3651,3651,DEL MEDIO,py_ctrm_fcws.distri_188,base.py,py_ctrm_fcws.state_py_15
cit_3652,3652,DR.GASPAR R.DE FRANCIA,py_ctrm_fcws.distri_188,base.py,py_ctrm_fcws.state_py_15
cit_3653,3653,ESTANCIA-I,py_ctrm_fcws.distri_188,base.py,py_ctrm_fcws.state_py_15
cit_3654,3654,ESTANCIA BUENA VISTA,py_ctrm_fcws.distri_188,base.py,py_ctrm_fcws.state_py_15
cit_3655,3655,ESTANCIA FORTUNA,py_ctrm_fcws.distri_188,base.py,py_ctrm_fcws.state_py_15
cit_3656,3656,ESTANCIA GUAJHO,py_ctrm_fcws.distri_188,base.py,py_ctrm_fcws.state_py_15
cit_3657,3657,ESTANCIA JOSEFINA,py_ctrm_fcws.distri_188,base.py,py_ctrm_fcws.state_py_15
cit_3658,3658,ESTANCIA LUIS,py_ctrm_fcws.distri_188,base.py,py_ctrm_fcws.state_py_15
cit_3659,3659,ESTANCIA POZO AZUL,py_ctrm_fcws.distri_188,base.py,py_ctrm_fcws.state_py_15
cit_3660,3660,ESTANCIA SAN JOSE,py_ctrm_fcws.distri_188,base.py,py_ctrm_fcws.state_py_15
cit_3661,3661,ESTANCIA SANTA MARIA,py_ctrm_fcws.distri_188,base.py,py_ctrm_fcws.state_py_15
cit_3662,3662,ESTANCIA SANTA ELISA,py_ctrm_fcws.distri_188,base.py,py_ctrm_fcws.state_py_15
cit_3663,3663,ESTRELLA,py_ctrm_fcws.distri_188,base.py,py_ctrm_fcws.state_py_15
cit_3664,3664,FALCON,py_ctrm_fcws.distri_188,base.py,py_ctrm_fcws.state_py_15
cit_3665,3665,FERNANDO SILVA MAGALLANES,py_ctrm_fcws.distri_188,base.py,py_ctrm_fcws.state_py_15
cit_3666,3666,GRAL.BRUGUEZ,py_ctrm_fcws.distri_188,base.py,py_ctrm_fcws.state_py_15
cit_3667,3667,GRAL.CABALLERO,py_ctrm_fcws.distri_188,base.py,py_ctrm_fcws.state_py_15
cit_3668,3668,GRAL.DELGADO,py_ctrm_fcws.distri_188,base.py,py_ctrm_fcws.state_py_15
cit_3669,3669,GRAL.DIAZ,py_ctrm_fcws.distri_188,base.py,py_ctrm_fcws.state_py_15
cit_3670,3670,GUAJHO,py_ctrm_fcws.distri_188,base.py,py_ctrm_fcws.state_py_15
cit_3671,3671,GUARANI,py_ctrm_fcws.distri_188,base.py,py_ctrm_fcws.state_py_15
cit_3672,3672,HORQUETA,py_ctrm_fcws.distri_188,base.py,py_ctrm_fcws.state_py_15
cit_3673,3673,HOTEL RIO NEGRO,py_ctrm_fcws.distri_188,base.py,py_ctrm_fcws.state_py_15
cit_3674,3674,ISLA POI (EX VILLA MILITAR),py_ctrm_fcws.distri_188,base.py,py_ctrm_fcws.state_py_15
cit_3675,3675,LA ANGELICA,py_ctrm_fcws.distri_188,base.py,py_ctrm_fcws.state_py_15
cit_3676,3676,LA CONCEPCION,py_ctrm_fcws.distri_188,base.py,py_ctrm_fcws.state_py_15
cit_3677,3677,LA CUCA RUBI,py_ctrm_fcws.distri_188,base.py,py_ctrm_fcws.state_py_15
cit_3678,3678,LA ESPERANZA,py_ctrm_fcws.distri_188,base.py,py_ctrm_fcws.state_py_15
cit_3679,3679,LA GOLONDRINA,py_ctrm_fcws.distri_188,base.py,py_ctrm_fcws.state_py_15
cit_3680,3680,LA SELVA,py_ctrm_fcws.distri_188,base.py,py_ctrm_fcws.state_py_15
cit_3681,3681,LA VICTORIA,py_ctrm_fcws.distri_188,base.py,py_ctrm_fcws.state_py_15
cit_3682,3682,LAGUNA BELLA,py_ctrm_fcws.distri_188,base.py,py_ctrm_fcws.state_py_15
cit_3683,3683,LAGUNA PORA,py_ctrm_fcws.distri_188,base.py,py_ctrm_fcws.state_py_15
cit_3684,3684,LAGUNA REY,py_ctrm_fcws.distri_188,base.py,py_ctrm_fcws.state_py_15
cit_3685,3685,LANDS KRCHE,py_ctrm_fcws.distri_188,base.py,py_ctrm_fcws.state_py_15
cit_3686,3686,LAS ISIDORAS,py_ctrm_fcws.distri_188,base.py,py_ctrm_fcws.state_py_15
cit_3687,3687,LAS MELLIZAS,py_ctrm_fcws.distri_188,base.py,py_ctrm_fcws.state_py_15
cit_3688,3688,LAS MOCHAS,py_ctrm_fcws.distri_188,base.py,py_ctrm_fcws.state_py_15
cit_3689,3689,LA PALMAS,py_ctrm_fcws.distri_188,base.py,py_ctrm_fcws.state_py_15
cit_3690,3690,LEOPOLDINA,py_ctrm_fcws.distri_188,base.py,py_ctrm_fcws.state_py_15
cit_3691,3691,LINDA VISTA,py_ctrm_fcws.distri_188,base.py,py_ctrm_fcws.state_py_15
cit_3692,3692,LOCATTI,py_ctrm_fcws.distri_188,base.py,py_ctrm_fcws.state_py_15
cit_3693,3693,LOMA PORA,py_ctrm_fcws.distri_188,base.py,py_ctrm_fcws.state_py_15
cit_3694,3694,LOMAS,py_ctrm_fcws.distri_188,base.py,py_ctrm_fcws.state_py_15
cit_3695,3695,LOS GEMELOS,py_ctrm_fcws.distri_188,base.py,py_ctrm_fcws.state_py_15
cit_3696,3696,MICHI,py_ctrm_fcws.distri_188,base.py,py_ctrm_fcws.state_py_15
cit_3697,3697,MILLON,py_ctrm_fcws.distri_188,base.py,py_ctrm_fcws.state_py_15
cit_3698,3698,MISIONES LA ESPERANZA,py_ctrm_fcws.distri_188,base.py,py_ctrm_fcws.state_py_15
cit_3699,3699,MONTE LINDO,py_ctrm_fcws.distri_188,base.py,py_ctrm_fcws.state_py_15
cit_3700,3700,MONTIEL,py_ctrm_fcws.distri_188,base.py,py_ctrm_fcws.state_py_15
cit_3701,3701,NANATI,py_ctrm_fcws.distri_188,base.py,py_ctrm_fcws.state_py_15
cit_3702,3702,NARANJITO,py_ctrm_fcws.distri_188,base.py,py_ctrm_fcws.state_py_15
cit_3703,3703,NINFA,py_ctrm_fcws.distri_188,base.py,py_ctrm_fcws.state_py_15
cit_3704,3704,OBRAJE 49,py_ctrm_fcws.distri_188,base.py,py_ctrm_fcws.state_py_15
cit_3705,3705,PALCAR,py_ctrm_fcws.distri_188,base.py,py_ctrm_fcws.state_py_15
cit_3706,3706,PALO BLANCO,py_ctrm_fcws.distri_188,base.py,py_ctrm_fcws.state_py_15
cit_3707,3707,PAREDES,py_ctrm_fcws.distri_188,base.py,py_ctrm_fcws.state_py_15
cit_3708,3708,PEDERNAL,py_ctrm_fcws.distri_188,base.py,py_ctrm_fcws.state_py_15
cit_3709,3709,PILAGA,py_ctrm_fcws.distri_188,base.py,py_ctrm_fcws.state_py_15
cit_3710,3710,PILCOMAYO,py_ctrm_fcws.distri_188,base.py,py_ctrm_fcws.state_py_15
cit_3711,3711,POCITO,py_ctrm_fcws.distri_188,base.py,py_ctrm_fcws.state_py_15
cit_3712,3712,POLVORIN,py_ctrm_fcws.distri_188,base.py,py_ctrm_fcws.state_py_15
cit_3713,3713,PORVENIR,py_ctrm_fcws.distri_188,base.py,py_ctrm_fcws.state_py_15
cit_3714,3714,POZO AMARILLO,py_ctrm_fcws.distri_188,base.py,py_ctrm_fcws.state_py_15
cit_3715,3715,PRIMAVERA,py_ctrm_fcws.distri_188,base.py,py_ctrm_fcws.state_py_15
cit_3716,3716,PUERTO GALILEO,py_ctrm_fcws.distri_188,base.py,py_ctrm_fcws.state_py_15
cit_3717,3717,PUESTO CORRALON,py_ctrm_fcws.distri_188,base.py,py_ctrm_fcws.state_py_15
cit_3718,3718,PUESTO FORTUNA,py_ctrm_fcws.distri_188,base.py,py_ctrm_fcws.state_py_15
cit_3719,3719,PUESTO LUIS,py_ctrm_fcws.distri_188,base.py,py_ctrm_fcws.state_py_15
cit_3720,3720,PUSTO POZO AZUL,py_ctrm_fcws.distri_188,base.py,py_ctrm_fcws.state_py_15
cit_3721,3721,PUESTO SANTA MARIA,py_ctrm_fcws.distri_188,base.py,py_ctrm_fcws.state_py_15
cit_3722,3722,RIACHO G,py_ctrm_fcws.distri_188,base.py,py_ctrm_fcws.state_py_15
cit_3723,3723,ROJAS SILVA,py_ctrm_fcws.distri_188,base.py,py_ctrm_fcws.state_py_15
cit_3724,3724,SAN ANTONIO,py_ctrm_fcws.distri_188,base.py,py_ctrm_fcws.state_py_15
cit_3725,3725,SAN BARTOLOME,py_ctrm_fcws.distri_188,base.py,py_ctrm_fcws.state_py_15
cit_3726,3726,SAN BLAS,py_ctrm_fcws.distri_188,base.py,py_ctrm_fcws.state_py_15
cit_3727,3727,SAN JUAN,py_ctrm_fcws.distri_188,base.py,py_ctrm_fcws.state_py_15
cit_3728,3728,SAN LEONARDO,py_ctrm_fcws.distri_188,base.py,py_ctrm_fcws.state_py_15
cit_3729,3729,SAN LUIS,py_ctrm_fcws.distri_188,base.py,py_ctrm_fcws.state_py_15
cit_3730,3730,SAN ONOFRE,py_ctrm_fcws.distri_188,base.py,py_ctrm_fcws.state_py_15
cit_3731,3731,SAN PEDRO,py_ctrm_fcws.distri_188,base.py,py_ctrm_fcws.state_py_15
cit_3732,3732,SAN RAFAEL,py_ctrm_fcws.distri_188,base.py,py_ctrm_fcws.state_py_15
cit_3733,3733,SAN ROQUE,py_ctrm_fcws.distri_188,base.py,py_ctrm_fcws.state_py_15
cit_3734,3734,SOMBRERO JHOVY,py_ctrm_fcws.distri_188,base.py,py_ctrm_fcws.state_py_15
cit_3735,3735,SORPRESA,py_ctrm_fcws.distri_188,base.py,py_ctrm_fcws.state_py_15
cit_3736,3736,STA.ARSENIA,py_ctrm_fcws.distri_188,base.py,py_ctrm_fcws.state_py_15
cit_3737,3737,STA.AURELIA,py_ctrm_fcws.distri_188,base.py,py_ctrm_fcws.state_py_15
cit_3738,3738,STA.CATALINA,py_ctrm_fcws.distri_188,base.py,py_ctrm_fcws.state_py_15
cit_3739,3739,STA.MANUELA,py_ctrm_fcws.distri_188,base.py,py_ctrm_fcws.state_py_15
cit_3740,3740,STA.ROSA,py_ctrm_fcws.distri_188,base.py,py_ctrm_fcws.state_py_15
cit_3741,3741,STA.SOFIA,py_ctrm_fcws.distri_188,base.py,py_ctrm_fcws.state_py_15
cit_3742,3742,STA.TERESA,py_ctrm_fcws.distri_188,base.py,py_ctrm_fcws.state_py_15
cit_3743,3743,TACUARA,py_ctrm_fcws.distri_188,base.py,py_ctrm_fcws.state_py_15
cit_3744,3744,TOJA,py_ctrm_fcws.distri_188,base.py,py_ctrm_fcws.state_py_15
cit_3745,3745,TOLDO CUE,py_ctrm_fcws.distri_188,base.py,py_ctrm_fcws.state_py_15
cit_3746,3746,TOMAS CUE,py_ctrm_fcws.distri_188,base.py,py_ctrm_fcws.state_py_15
cit_3747,3747,TTE.ESTEBAN MARTINEZ,py_ctrm_fcws.distri_188,base.py,py_ctrm_fcws.state_py_15
cit_3748,3748,TTE.ROJAS SILVA,py_ctrm_fcws.distri_188,base.py,py_ctrm_fcws.state_py_15
cit_3749,3749,TUPARENDA,py_ctrm_fcws.distri_188,base.py,py_ctrm_fcws.state_py_15
cit_3750,3750,VALLEJOS,py_ctrm_fcws.distri_188,base.py,py_ctrm_fcws.state_py_15
cit_3751,3751,VERDE,py_ctrm_fcws.distri_188,base.py,py_ctrm_fcws.state_py_15
cit_3752,3752,VILLA ALEGRE,py_ctrm_fcws.distri_188,base.py,py_ctrm_fcws.state_py_15
cit_3753,3753,VILLA REAL,py_ctrm_fcws.distri_188,base.py,py_ctrm_fcws.state_py_15
cit_3754,3754,YETYTY,py_ctrm_fcws.distri_188,base.py,py_ctrm_fcws.state_py_15
cit_3755,3755,YUKYRY,py_ctrm_fcws.distri_188,base.py,py_ctrm_fcws.state_py_15
cit_3756,3756,ÑU PORA,py_ctrm_fcws.distri_188,base.py,py_ctrm_fcws.state_py_15
cit_5756,5756,11 DE junio,py_ctrm_fcws.distri_188,base.py,py_ctrm_fcws.state_py_15
cit_5757,5757,SAN MIGUEL,py_ctrm_fcws.distri_188,base.py,py_ctrm_fcws.state_py_15
cit_5758,5758,SAN SILVESTRE,py_ctrm_fcws.distri_188,base.py,py_ctrm_fcws.state_py_15
cit_5759,5759,STA.EMILIA,py_ctrm_fcws.distri_188,base.py,py_ctrm_fcws.state_py_15
cit_5760,5760,TABLA,py_ctrm_fcws.distri_188,base.py,py_ctrm_fcws.state_py_15
cit_5761,5761,TOLDO GRANDE,py_ctrm_fcws.distri_188,base.py,py_ctrm_fcws.state_py_15
cit_5762,5762,VA Y VIENE,py_ctrm_fcws.distri_188,base.py,py_ctrm_fcws.state_py_15
cit_5763,5763,WINCHESTER,py_ctrm_fcws.distri_188,base.py,py_ctrm_fcws.state_py_15
cit_3757,3757,BENJAMIN ACEVAL(MONTE SOCIEDAD,py_ctrm_fcws.distri_189,base.py,py_ctrm_fcws.state_py_15
cit_3758,3758,ALINA,py_ctrm_fcws.distri_189,base.py,py_ctrm_fcws.state_py_15
cit_3759,3759,BELEN,py_ctrm_fcws.distri_189,base.py,py_ctrm_fcws.state_py_15
cit_3760,3760,CELIA,py_ctrm_fcws.distri_189,base.py,py_ctrm_fcws.state_py_15
cit_3761,3761,CERRITO,py_ctrm_fcws.distri_189,base.py,py_ctrm_fcws.state_py_15
cit_3762,3762,ELVIRA,py_ctrm_fcws.distri_189,base.py,py_ctrm_fcws.state_py_15
cit_3763,3763,PUERTO CARLOS PFANEL,py_ctrm_fcws.distri_189,base.py,py_ctrm_fcws.state_py_15
cit_3764,3764,SAN JAVIER,py_ctrm_fcws.distri_189,base.py,py_ctrm_fcws.state_py_15
cit_3765,3765,SAN RAFAEL,py_ctrm_fcws.distri_189,base.py,py_ctrm_fcws.state_py_15
cit_3766,3766,SANTA ISABEL,py_ctrm_fcws.distri_189,base.py,py_ctrm_fcws.state_py_15
cit_3767,3767,SUSANA,py_ctrm_fcws.distri_189,base.py,py_ctrm_fcws.state_py_15
cit_3768,3768,VICTORIA,py_ctrm_fcws.distri_189,base.py,py_ctrm_fcws.state_py_15
cit_5764,5764,ALEGRIA,py_ctrm_fcws.distri_189,base.py,py_ctrm_fcws.state_py_15
cit_5765,5765,CIERVO,py_ctrm_fcws.distri_189,base.py,py_ctrm_fcws.state_py_15
cit_5766,5766,SAN JUAN,py_ctrm_fcws.distri_189,base.py,py_ctrm_fcws.state_py_15
cit_5767,5767,VILLA REY,py_ctrm_fcws.distri_189,base.py,py_ctrm_fcws.state_py_15
cit_3864,3864,PTO.PINAZCO,py_ctrm_fcws.distri_190,base.py,py_ctrm_fcws.state_py_15
cit_3865,3865,BELLA VISTA,py_ctrm_fcws.distri_190,base.py,py_ctrm_fcws.state_py_15
cit_3866,3866,BRETONA,py_ctrm_fcws.distri_190,base.py,py_ctrm_fcws.state_py_15
cit_3867,3867,ESPERANZA,py_ctrm_fcws.distri_190,base.py,py_ctrm_fcws.state_py_15
cit_3868,3868,LA NOVIA,py_ctrm_fcws.distri_190,base.py,py_ctrm_fcws.state_py_15
cit_3869,3869,LOS TAMARINDOS,py_ctrm_fcws.distri_190,base.py,py_ctrm_fcws.state_py_15
cit_3870,3870,MAROMA,py_ctrm_fcws.distri_190,base.py,py_ctrm_fcws.state_py_15
cit_3871,3871,PALO SANTO,py_ctrm_fcws.distri_190,base.py,py_ctrm_fcws.state_py_15
cit_3872,3872,PTE.COLON,py_ctrm_fcws.distri_190,base.py,py_ctrm_fcws.state_py_15
cit_5498,5498,PUERTO ALEGRE.,py_ctrm_fcws.distri_190,base.py,py_ctrm_fcws.state_py_15
cit_5499,5499,PUERTO CARAYA VUELTA,py_ctrm_fcws.distri_190,base.py,py_ctrm_fcws.state_py_15
cit_5500,5500,PUERTO COOPER,py_ctrm_fcws.distri_190,base.py,py_ctrm_fcws.state_py_15
cit_5501,5501,PUERTO SAN JUAN,py_ctrm_fcws.distri_190,base.py,py_ctrm_fcws.state_py_15
cit_5502,5502,SAN JOSE,py_ctrm_fcws.distri_190,base.py,py_ctrm_fcws.state_py_15
cit_5503,5503,TOLDO,py_ctrm_fcws.distri_190,base.py,py_ctrm_fcws.state_py_15
cit_5504,5504,VISTA ALEGRE,py_ctrm_fcws.distri_190,base.py,py_ctrm_fcws.state_py_15
cit_5505,5505,NANAWA,py_ctrm_fcws.distri_191,base.py,py_ctrm_fcws.state_py_15
cit_5505,5505,NANAWA,py_ctrm_fcws.distri_191,base.py,py_ctrm_fcws.state_py_15
cit_5505,5505,NANAWA,py_ctrm_fcws.distri_191,base.py,py_ctrm_fcws.state_py_15
cit_5505,5505,NANAWA,py_ctrm_fcws.distri_191,base.py,py_ctrm_fcws.state_py_15
cit_5505,5505,NANAWA,py_ctrm_fcws.distri_191,base.py,py_ctrm_fcws.state_py_15
cit_5505,5505,NANAWA,py_ctrm_fcws.distri_191,base.py,py_ctrm_fcws.state_py_15
cit_5505,5505,NANAWA,py_ctrm_fcws.distri_191,base.py,py_ctrm_fcws.state_py_15
cit_5505,5505,NANAWA,py_ctrm_fcws.distri_191,base.py,py_ctrm_fcws.state_py_15
cit_3769,3769,POZO COLORADO,py_ctrm_fcws.distri_206,base.py,py_ctrm_fcws.state_py_15
cit_3771,3771,AGUALINDA,py_ctrm_fcws.distri_206,base.py,py_ctrm_fcws.state_py_15
cit_3772,3772,AGUARRICA,py_ctrm_fcws.distri_206,base.py,py_ctrm_fcws.state_py_15
cit_3773,3773,BONANZA,py_ctrm_fcws.distri_206,base.py,py_ctrm_fcws.state_py_15
cit_3774,3774,BOQUERON,py_ctrm_fcws.distri_206,base.py,py_ctrm_fcws.state_py_15
cit_3775,3775,BUENA SUERTE,py_ctrm_fcws.distri_206,base.py,py_ctrm_fcws.state_py_15
cit_3776,3776,CABEZA DE TIGRE,py_ctrm_fcws.distri_206,base.py,py_ctrm_fcws.state_py_15
cit_3777,3777,CAMPO VIA,py_ctrm_fcws.distri_206,base.py,py_ctrm_fcws.state_py_15
cit_3778,3778,CAPITAN FIGARI,py_ctrm_fcws.distri_206,base.py,py_ctrm_fcws.state_py_15
cit_3779,3779,CARIDAD,py_ctrm_fcws.distri_206,base.py,py_ctrm_fcws.state_py_15
cit_3780,3780,CERRITO AMAKERA,py_ctrm_fcws.distri_206,base.py,py_ctrm_fcws.state_py_15
cit_3781,3781,CHICA,py_ctrm_fcws.distri_206,base.py,py_ctrm_fcws.state_py_15
cit_3782,3782,COLON,py_ctrm_fcws.distri_206,base.py,py_ctrm_fcws.state_py_15
cit_3783,3783,DEL CARMEN,py_ctrm_fcws.distri_206,base.py,py_ctrm_fcws.state_py_15
cit_3784,3784,DON MANUEL,py_ctrm_fcws.distri_206,base.py,py_ctrm_fcws.state_py_15
cit_3785,3785,EL BUEN AMIGO,py_ctrm_fcws.distri_206,base.py,py_ctrm_fcws.state_py_15
cit_3786,3786,ESMERALDA,py_ctrm_fcws.distri_206,base.py,py_ctrm_fcws.state_py_15
cit_3787,3787,ESPERANZA,py_ctrm_fcws.distri_206,base.py,py_ctrm_fcws.state_py_15
cit_3788,3788,ESTANCIA AURORA,py_ctrm_fcws.distri_206,base.py,py_ctrm_fcws.state_py_15
cit_3789,3789,ESTANCIA FLORIDA,py_ctrm_fcws.distri_206,base.py,py_ctrm_fcws.state_py_15
cit_3790,3790,ESTRELLA,py_ctrm_fcws.distri_206,base.py,py_ctrm_fcws.state_py_15
cit_3791,3791,FALCON,py_ctrm_fcws.distri_206,base.py,py_ctrm_fcws.state_py_15
cit_3792,3792,FLORIDA,py_ctrm_fcws.distri_206,base.py,py_ctrm_fcws.state_py_15
cit_3793,3793,GONDRA,py_ctrm_fcws.distri_206,base.py,py_ctrm_fcws.state_py_15
cit_3794,3794,GONZALEZ,py_ctrm_fcws.distri_206,base.py,py_ctrm_fcws.state_py_15
cit_3795,3795,GUAZU,py_ctrm_fcws.distri_206,base.py,py_ctrm_fcws.state_py_15
cit_3796,3796,HAITI,py_ctrm_fcws.distri_206,base.py,py_ctrm_fcws.state_py_15
cit_3797,3797,HOTEL PIRAHU,py_ctrm_fcws.distri_206,base.py,py_ctrm_fcws.state_py_15
cit_3798,3798,INGLESA,py_ctrm_fcws.distri_206,base.py,py_ctrm_fcws.state_py_15
cit_3799,3799,ISLA ALTA,py_ctrm_fcws.distri_206,base.py,py_ctrm_fcws.state_py_15
cit_3800,3800,ISLA SOLA,py_ctrm_fcws.distri_206,base.py,py_ctrm_fcws.state_py_15
cit_3801,3801,LA BLANCA NAVIDAD,py_ctrm_fcws.distri_206,base.py,py_ctrm_fcws.state_py_15
cit_3802,3802,LA BONITA,py_ctrm_fcws.distri_206,base.py,py_ctrm_fcws.state_py_15
cit_3803,3803,LA DELICIA,py_ctrm_fcws.distri_206,base.py,py_ctrm_fcws.state_py_15
cit_3804,3804,LA NENA,py_ctrm_fcws.distri_206,base.py,py_ctrm_fcws.state_py_15
cit_3805,3805,LA VICTORIA,py_ctrm_fcws.distri_206,base.py,py_ctrm_fcws.state_py_15
cit_3806,3806,LA VISTA,py_ctrm_fcws.distri_206,base.py,py_ctrm_fcws.state_py_15
cit_3807,3807,LAGUNA SOLA,py_ctrm_fcws.distri_206,base.py,py_ctrm_fcws.state_py_15
cit_3808,3808,LAGUNA VERDE,py_ctrm_fcws.distri_206,base.py,py_ctrm_fcws.state_py_15
cit_3809,3809,LAS PERLAS,py_ctrm_fcws.distri_206,base.py,py_ctrm_fcws.state_py_15
cit_3810,3810,LOMA PYTA,py_ctrm_fcws.distri_206,base.py,py_ctrm_fcws.state_py_15
cit_3811,3811,LOS LAPACHOS,py_ctrm_fcws.distri_206,base.py,py_ctrm_fcws.state_py_15
cit_3812,3812,LOS MILAGROS,py_ctrm_fcws.distri_206,base.py,py_ctrm_fcws.state_py_15
cit_3813,3813,MARLENE,py_ctrm_fcws.distri_206,base.py,py_ctrm_fcws.state_py_15
cit_3814,3814,MCAL.F.S.LOPEZ,py_ctrm_fcws.distri_206,base.py,py_ctrm_fcws.state_py_15
cit_3815,3815,MISION CHICA,py_ctrm_fcws.distri_206,base.py,py_ctrm_fcws.state_py_15
cit_3816,3816,MONTE LINDO,py_ctrm_fcws.distri_206,base.py,py_ctrm_fcws.state_py_15
cit_3817,3817,MORENO,py_ctrm_fcws.distri_206,base.py,py_ctrm_fcws.state_py_15
cit_3818,3818,NUEVA ALEGRIA,py_ctrm_fcws.distri_206,base.py,py_ctrm_fcws.state_py_15
cit_3819,3819,ORIHUELA,py_ctrm_fcws.distri_206,base.py,py_ctrm_fcws.state_py_15
cit_3820,3820,PALERMO,py_ctrm_fcws.distri_206,base.py,py_ctrm_fcws.state_py_15
cit_3821,3821,PARAISO,py_ctrm_fcws.distri_206,base.py,py_ctrm_fcws.state_py_15
cit_3822,3822,PIRIZAL,py_ctrm_fcws.distri_206,base.py,py_ctrm_fcws.state_py_15
cit_3823,3823,PONDEROSA,py_ctrm_fcws.distri_206,base.py,py_ctrm_fcws.state_py_15
cit_3824,3824,PORONGO,py_ctrm_fcws.distri_206,base.py,py_ctrm_fcws.state_py_15
cit_3825,3825,POZO BLANCO,py_ctrm_fcws.distri_206,base.py,py_ctrm_fcws.state_py_15
cit_3826,3826,POZO COLORADO,py_ctrm_fcws.distri_206,base.py,py_ctrm_fcws.state_py_15
cit_3827,3827,POZO INDIO,py_ctrm_fcws.distri_206,base.py,py_ctrm_fcws.state_py_15
cit_3828,3828,POZO VERDE,py_ctrm_fcws.distri_206,base.py,py_ctrm_fcws.state_py_15
cit_3829,3829,PRIMAVERA,py_ctrm_fcws.distri_206,base.py,py_ctrm_fcws.state_py_15
cit_3830,3830,PTE.AYALA (EX NANAWA),py_ctrm_fcws.distri_206,base.py,py_ctrm_fcws.state_py_15
cit_3831,3831,PUESTO SAN MIGUEL,py_ctrm_fcws.distri_206,base.py,py_ctrm_fcws.state_py_15
cit_3832,3832,LUCY,py_ctrm_fcws.distri_206,base.py,py_ctrm_fcws.state_py_15
cit_3833,3833,QUEBRACHO,py_ctrm_fcws.distri_206,base.py,py_ctrm_fcws.state_py_15
cit_3834,3834,RIACHITO,py_ctrm_fcws.distri_206,base.py,py_ctrm_fcws.state_py_15
cit_3835,3835,RINCON CHARRUA,py_ctrm_fcws.distri_206,base.py,py_ctrm_fcws.state_py_15
cit_3836,3836,RIO VERDE,py_ctrm_fcws.distri_206,base.py,py_ctrm_fcws.state_py_15
cit_3837,3837,SALADO,py_ctrm_fcws.distri_206,base.py,py_ctrm_fcws.state_py_15
cit_3838,3838,SAN CARLOS,py_ctrm_fcws.distri_206,base.py,py_ctrm_fcws.state_py_15
cit_3839,3839,SAN FERNANDO,py_ctrm_fcws.distri_206,base.py,py_ctrm_fcws.state_py_15
cit_3840,3840,SAN LORENZO,py_ctrm_fcws.distri_206,base.py,py_ctrm_fcws.state_py_15
cit_3841,3841,SAN LUIS,py_ctrm_fcws.distri_206,base.py,py_ctrm_fcws.state_py_15
cit_3842,3842,SAN MIGUEL,py_ctrm_fcws.distri_206,base.py,py_ctrm_fcws.state_py_15
cit_3843,3843,SAN RAFAEL,py_ctrm_fcws.distri_206,base.py,py_ctrm_fcws.state_py_15
cit_3844,3844,SAN RAMON,py_ctrm_fcws.distri_206,base.py,py_ctrm_fcws.state_py_15
cit_3845,3845,SAN TIMOTEO,py_ctrm_fcws.distri_206,base.py,py_ctrm_fcws.state_py_15
cit_3846,3846,STA.ANA,py_ctrm_fcws.distri_206,base.py,py_ctrm_fcws.state_py_15
cit_3847,3847,STA.ASUNCION,py_ctrm_fcws.distri_206,base.py,py_ctrm_fcws.state_py_15
cit_3848,3848,STA.CATALINA,py_ctrm_fcws.distri_206,base.py,py_ctrm_fcws.state_py_15
cit_3849,3849,STA.GABRIELA,py_ctrm_fcws.distri_206,base.py,py_ctrm_fcws.state_py_15
cit_3850,3850,STA.JUANITA,py_ctrm_fcws.distri_206,base.py,py_ctrm_fcws.state_py_15
cit_3851,3851,STA.MARIA,py_ctrm_fcws.distri_206,base.py,py_ctrm_fcws.state_py_15
cit_3852,3852,STO.DOMINGO,py_ctrm_fcws.distri_206,base.py,py_ctrm_fcws.state_py_15
cit_3853,3853,TALAVERA,py_ctrm_fcws.distri_206,base.py,py_ctrm_fcws.state_py_15
cit_3854,3854,TANCO,py_ctrm_fcws.distri_206,base.py,py_ctrm_fcws.state_py_15
cit_3855,3855,TATARE,py_ctrm_fcws.distri_206,base.py,py_ctrm_fcws.state_py_15
cit_3856,3856,TOTO BLANCO,py_ctrm_fcws.distri_206,base.py,py_ctrm_fcws.state_py_15
cit_3857,3857,VALINOTTI CUE,py_ctrm_fcws.distri_206,base.py,py_ctrm_fcws.state_py_15
cit_3858,3858,VICTORIA,py_ctrm_fcws.distri_206,base.py,py_ctrm_fcws.state_py_15
cit_3859,3859,YASAWATHASLA,py_ctrm_fcws.distri_206,base.py,py_ctrm_fcws.state_py_15
cit_3860,3860,YUI,py_ctrm_fcws.distri_206,base.py,py_ctrm_fcws.state_py_15
cit_3861,3861,ZALAZAR,py_ctrm_fcws.distri_206,base.py,py_ctrm_fcws.state_py_15
cit_3862,3862,ZENTENO,py_ctrm_fcws.distri_206,base.py,py_ctrm_fcws.state_py_15
cit_3863,3863,ÑU PYAJHU,py_ctrm_fcws.distri_206,base.py,py_ctrm_fcws.state_py_15
cit_5768,5768,ARMONIA,py_ctrm_fcws.distri_206,base.py,py_ctrm_fcws.state_py_15
cit_5769,5769,CABAYU,py_ctrm_fcws.distri_206,base.py,py_ctrm_fcws.state_py_15
cit_5770,5770,CENTRAL,py_ctrm_fcws.distri_206,base.py,py_ctrm_fcws.state_py_15
cit_5771,5771,CUNU-U,py_ctrm_fcws.distri_206,base.py,py_ctrm_fcws.state_py_15
cit_4608,4608,JOSE FALCON,py_ctrm_fcws.distri_242,base.py,py_ctrm_fcws.state_py_15
cit_5506,5506,MCAL.ESTIGARRIBIA,py_ctrm_fcws.distri_192,base.py,py_ctrm_fcws.state_py_16
cit_5507,5507,AYURA,py_ctrm_fcws.distri_192,base.py,py_ctrm_fcws.state_py_16
cit_5508,5508,BOQUERON,py_ctrm_fcws.distri_192,base.py,py_ctrm_fcws.state_py_16
cit_5509,5509,CAMPO AROMA,py_ctrm_fcws.distri_192,base.py,py_ctrm_fcws.state_py_16
cit_5510,5510,CAMPO LOA,py_ctrm_fcws.distri_192,base.py,py_ctrm_fcws.state_py_16
cit_5511,5511,CAP.DEMATTEI,py_ctrm_fcws.distri_192,base.py,py_ctrm_fcws.state_py_16
cit_5512,5512,CAP.O.SEREBRIAKOF,py_ctrm_fcws.distri_192,base.py,py_ctrm_fcws.state_py_16
cit_5513,5513,CAÑADA CALAIS,py_ctrm_fcws.distri_192,base.py,py_ctrm_fcws.state_py_16
cit_5514,5514,CAÑADA ELISA,py_ctrm_fcws.distri_192,base.py,py_ctrm_fcws.state_py_16
cit_5515,5515,CNEL.HERMOSA (CARAYA),py_ctrm_fcws.distri_192,base.py,py_ctrm_fcws.state_py_16
cit_5516,5516,COL.FERNHEIN,py_ctrm_fcws.distri_192,base.py,py_ctrm_fcws.state_py_16
cit_5517,5517,COL.MENNO,py_ctrm_fcws.distri_192,base.py,py_ctrm_fcws.state_py_16
cit_5518,5518,COL.NEULAND,py_ctrm_fcws.distri_192,base.py,py_ctrm_fcws.state_py_16
cit_5519,5519,CORRALES,py_ctrm_fcws.distri_192,base.py,py_ctrm_fcws.state_py_16
cit_5520,5520,DOS BANDERAS,py_ctrm_fcws.distri_192,base.py,py_ctrm_fcws.state_py_16
cit_5521,5521,FILADELFIA,py_ctrm_fcws.distri_192,base.py,py_ctrm_fcws.state_py_16
cit_5522,5522,JARA TROCHE,py_ctrm_fcws.distri_192,base.py,py_ctrm_fcws.state_py_16
cit_5523,5523,LOMA PLATA,py_ctrm_fcws.distri_192,base.py,py_ctrm_fcws.state_py_16
cit_5524,5524,POTRERO PALMAS,py_ctrm_fcws.distri_192,base.py,py_ctrm_fcws.state_py_16
cit_5525,5525,POZO GRANDE,py_ctrm_fcws.distri_192,base.py,py_ctrm_fcws.state_py_16
cit_5526,5526,STA.TERESA,py_ctrm_fcws.distri_192,base.py,py_ctrm_fcws.state_py_16
cit_5527,5527,STO.DOMINGO,py_ctrm_fcws.distri_192,base.py,py_ctrm_fcws.state_py_16
cit_5528,5528,TOLEDO,py_ctrm_fcws.distri_192,base.py,py_ctrm_fcws.state_py_16
cit_5529,5529,TTE.C.A.RIVAROLA,py_ctrm_fcws.distri_192,base.py,py_ctrm_fcws.state_py_16
cit_5530,5530,TTE.DENIS ROA,py_ctrm_fcws.distri_192,base.py,py_ctrm_fcws.state_py_16
cit_5531,5531,TTE.F.DELGADO,py_ctrm_fcws.distri_192,base.py,py_ctrm_fcws.state_py_16
cit_5532,5532,YALVE SANGA,py_ctrm_fcws.distri_192,base.py,py_ctrm_fcws.state_py_16
cit_5879,5879,TTE.A.ESPINOLA,py_ctrm_fcws.distri_192,base.py,py_ctrm_fcws.state_py_16
cit_5533,5533,BOQUERON,py_ctrm_fcws.distri_193,base.py,py_ctrm_fcws.state_py_16
cit_4611,4611,SGTO.1RO.FELIX ZARACHO,py_ctrm_fcws.distri_194,base.py,py_ctrm_fcws.state_py_16
cit_4612,4612,STA.ROSA,py_ctrm_fcws.distri_194,base.py,py_ctrm_fcws.state_py_16
cit_4613,4613,TRES POZOS,py_ctrm_fcws.distri_194,base.py,py_ctrm_fcws.state_py_16
cit_4614,4614,TTE.1RO.ALFREDO STROESSNER,py_ctrm_fcws.distri_194,base.py,py_ctrm_fcws.state_py_16
cit_4615,4615,TTE.1RO.ANSELMO ESCOBAR,py_ctrm_fcws.distri_194,base.py,py_ctrm_fcws.state_py_16
cit_4616,4616,TTE.1RO.B.RUIZ,py_ctrm_fcws.distri_194,base.py,py_ctrm_fcws.state_py_16
cit_4617,4617,TTE.1RO.M.CABELLO,py_ctrm_fcws.distri_194,base.py,py_ctrm_fcws.state_py_16
cit_4618,4618,TTE.ACOSTA,py_ctrm_fcws.distri_194,base.py,py_ctrm_fcws.state_py_16
cit_4619,4619,TTE.MONTIEL,py_ctrm_fcws.distri_194,base.py,py_ctrm_fcws.state_py_16
cit_4620,4620,VICTORIA,py_ctrm_fcws.distri_194,base.py,py_ctrm_fcws.state_py_16
cit_4621,4621,VILLANUEVA,py_ctrm_fcws.distri_194,base.py,py_ctrm_fcws.state_py_16
cit_4622,4622,YAGUARETE,py_ctrm_fcws.distri_194,base.py,py_ctrm_fcws.state_py_16
cit_4623,4623,YTORORO,py_ctrm_fcws.distri_194,base.py,py_ctrm_fcws.state_py_16
cit_5534,5534,3 REYES,py_ctrm_fcws.distri_194,base.py,py_ctrm_fcws.state_py_16
cit_5535,5535,ALURRALDE,py_ctrm_fcws.distri_194,base.py,py_ctrm_fcws.state_py_16
cit_5536,5536,AMARILLO PERICOTE,py_ctrm_fcws.distri_194,base.py,py_ctrm_fcws.state_py_16
cit_5537,5537,ATAJADO,py_ctrm_fcws.distri_194,base.py,py_ctrm_fcws.state_py_16
cit_5538,5538,BUENOS AIRES,py_ctrm_fcws.distri_194,base.py,py_ctrm_fcws.state_py_16
cit_5539,5539,CAMPO AZUL,py_ctrm_fcws.distri_194,base.py,py_ctrm_fcws.state_py_16
cit_5540,5540,CAMPO LIMA,py_ctrm_fcws.distri_194,base.py,py_ctrm_fcws.state_py_16
cit_5541,5541,CAP.ESCOBAR,py_ctrm_fcws.distri_194,base.py,py_ctrm_fcws.state_py_16
cit_5542,5542,CAP.O.R.ORTELLADO,py_ctrm_fcws.distri_194,base.py,py_ctrm_fcws.state_py_16
cit_5543,5543,CAP.TORIBIO CASTRO,py_ctrm_fcws.distri_194,base.py,py_ctrm_fcws.state_py_16
cit_5544,5544,CASUARINA,py_ctrm_fcws.distri_194,base.py,py_ctrm_fcws.state_py_16
cit_5545,5545,CATAN,py_ctrm_fcws.distri_194,base.py,py_ctrm_fcws.state_py_16
cit_5546,5546,CODO CONONI,py_ctrm_fcws.distri_194,base.py,py_ctrm_fcws.state_py_16
cit_5547,5547,DOS TUCAS,py_ctrm_fcws.distri_194,base.py,py_ctrm_fcws.state_py_16
cit_5548,5548,EL QUEBRACHAL,py_ctrm_fcws.distri_194,base.py,py_ctrm_fcws.state_py_16
cit_5549,5549,EL RASTRO,py_ctrm_fcws.distri_194,base.py,py_ctrm_fcws.state_py_16
cit_5550,5550,ESTABLECIMIENTO MIL,py_ctrm_fcws.distri_194,base.py,py_ctrm_fcws.state_py_16
cit_5551,5551,FLORENTIN CUE,py_ctrm_fcws.distri_194,base.py,py_ctrm_fcws.state_py_16
cit_5552,5552,GANADERA PILCOMAYO,py_ctrm_fcws.distri_194,base.py,py_ctrm_fcws.state_py_16
cit_5553,5553,INFANTE RIVAROLA,py_ctrm_fcws.distri_194,base.py,py_ctrm_fcws.state_py_16
cit_5554,5554,KILOMETRO 20,py_ctrm_fcws.distri_194,base.py,py_ctrm_fcws.state_py_16
cit_5555,5555,LA CHAQUEÑA,py_ctrm_fcws.distri_194,base.py,py_ctrm_fcws.state_py_16
cit_5556,5556,LA DORADA,py_ctrm_fcws.distri_194,base.py,py_ctrm_fcws.state_py_16
cit_5557,5557,LAGUNA,py_ctrm_fcws.distri_194,base.py,py_ctrm_fcws.state_py_16
cit_5558,5558,LAS SEÑORAS,py_ctrm_fcws.distri_194,base.py,py_ctrm_fcws.state_py_16
cit_5559,5559,LEONARDO BRITOS,py_ctrm_fcws.distri_194,base.py,py_ctrm_fcws.state_py_16
cit_5560,5560,LEONIDA ESCOBAR,py_ctrm_fcws.distri_194,base.py,py_ctrm_fcws.state_py_16
cit_5561,5561,LOMA,py_ctrm_fcws.distri_194,base.py,py_ctrm_fcws.state_py_16
cit_5562,5562,LOS NARANJOS,py_ctrm_fcws.distri_194,base.py,py_ctrm_fcws.state_py_16
cit_5563,5563,LOS POZOS,py_ctrm_fcws.distri_194,base.py,py_ctrm_fcws.state_py_16
cit_5564,5564,LOS SAUCES,py_ctrm_fcws.distri_194,base.py,py_ctrm_fcws.state_py_16
cit_5565,5565,MARTA LIDIA,py_ctrm_fcws.distri_194,base.py,py_ctrm_fcws.state_py_16
cit_5566,5566,MAYOR RODRIGUEZ,py_ctrm_fcws.distri_194,base.py,py_ctrm_fcws.state_py_16
cit_5567,5567,MISTOLAR,py_ctrm_fcws.distri_194,base.py,py_ctrm_fcws.state_py_16
cit_5568,5568,PALMAR,py_ctrm_fcws.distri_194,base.py,py_ctrm_fcws.state_py_16
cit_5569,5569,PAMPA GRANDE,py_ctrm_fcws.distri_194,base.py,py_ctrm_fcws.state_py_16
cit_5570,5570,PICADA 14 DE MAYO,py_ctrm_fcws.distri_194,base.py,py_ctrm_fcws.state_py_16
cit_5571,5571,PIRIZAL,py_ctrm_fcws.distri_194,base.py,py_ctrm_fcws.state_py_16
cit_5572,5572,POZO ANTA,py_ctrm_fcws.distri_194,base.py,py_ctrm_fcws.state_py_16
cit_5573,5573,POZO BRILLANTE,py_ctrm_fcws.distri_194,base.py,py_ctrm_fcws.state_py_16
cit_5574,5574,POZO LEON,py_ctrm_fcws.distri_194,base.py,py_ctrm_fcws.state_py_16
cit_5575,5575,PRATTS GILL (BASE AEREA),py_ctrm_fcws.distri_194,base.py,py_ctrm_fcws.state_py_16
cit_5576,5576,PUESTO POZO HONDO,py_ctrm_fcws.distri_194,base.py,py_ctrm_fcws.state_py_16
cit_5577,5577,RIVERA PORVENIR,py_ctrm_fcws.distri_194,base.py,py_ctrm_fcws.state_py_16
cit_5578,5578,SAFARI,py_ctrm_fcws.distri_194,base.py,py_ctrm_fcws.state_py_16
cit_5579,5579,SAN ANTONIO,py_ctrm_fcws.distri_194,base.py,py_ctrm_fcws.state_py_16
cit_5580,5580,SAN JOSE ESTERO,py_ctrm_fcws.distri_194,base.py,py_ctrm_fcws.state_py_16
cit_5880,5880,PEDRO P.PEÑA,py_ctrm_fcws.distri_194,base.py,py_ctrm_fcws.state_py_16
cit_5881,5881,BELLA VISTA,py_ctrm_fcws.distri_194,base.py,py_ctrm_fcws.state_py_16
cit_5882,5882,CAP.MAZZEI,py_ctrm_fcws.distri_194,base.py,py_ctrm_fcws.state_py_16
cit_5883,5883,CELINA,py_ctrm_fcws.distri_194,base.py,py_ctrm_fcws.state_py_16
cit_5884,5884,ESPERANZA,py_ctrm_fcws.distri_194,base.py,py_ctrm_fcws.state_py_16
cit_5885,5885,JABALI,py_ctrm_fcws.distri_194,base.py,py_ctrm_fcws.state_py_16
cit_5886,5886,LA LECHIGUANA,py_ctrm_fcws.distri_194,base.py,py_ctrm_fcws.state_py_16
cit_5887,5887,LINARES VIEJO,py_ctrm_fcws.distri_194,base.py,py_ctrm_fcws.state_py_16
cit_5888,5888,MAYOR A.GARDEL,py_ctrm_fcws.distri_194,base.py,py_ctrm_fcws.state_py_16
cit_5889,5889,PASO DE LOS TOBAS,py_ctrm_fcws.distri_194,base.py,py_ctrm_fcws.state_py_16
cit_5890,5890,POZO MILICO,py_ctrm_fcws.distri_194,base.py,py_ctrm_fcws.state_py_16
cit_5663,5663,GRAL.EUGENIO A.GARAY.........,py_ctrm_fcws.distri_234,base.py,py_ctrm_fcws.state_py_16
cit_5664,5664,10 DE octubre,py_ctrm_fcws.distri_234,base.py,py_ctrm_fcws.state_py_16
cit_5665,5665,AURORA,py_ctrm_fcws.distri_234,base.py,py_ctrm_fcws.state_py_16
cit_5666,5666,B.AEREA NVA.ASUNCION (PICUIBA),py_ctrm_fcws.distri_234,base.py,py_ctrm_fcws.state_py_16
cit_5667,5667,CARLOS A.LOPEZ (PITIANTUTA),py_ctrm_fcws.distri_234,base.py,py_ctrm_fcws.state_py_16
cit_5668,5668,COL.PYAJHU,py_ctrm_fcws.distri_234,base.py,py_ctrm_fcws.state_py_16
cit_5669,5669,CURUPAYTY,py_ctrm_fcws.distri_234,base.py,py_ctrm_fcws.state_py_16
cit_5670,5670,DORADO,py_ctrm_fcws.distri_234,base.py,py_ctrm_fcws.state_py_16
cit_5671,5671,ESTRELLAS,py_ctrm_fcws.distri_234,base.py,py_ctrm_fcws.state_py_16
cit_5672,5672,FARO MORO,py_ctrm_fcws.distri_234,base.py,py_ctrm_fcws.state_py_16
cit_5673,5673,GUARANI,py_ctrm_fcws.distri_234,base.py,py_ctrm_fcws.state_py_16
cit_5674,5674,HERNANDARIAS,py_ctrm_fcws.distri_234,base.py,py_ctrm_fcws.state_py_16
cit_5675,5675,INDEPENDENCIA,py_ctrm_fcws.distri_234,base.py,py_ctrm_fcws.state_py_16
cit_5676,5676,LA FAYE,py_ctrm_fcws.distri_234,base.py,py_ctrm_fcws.state_py_16
cit_5677,5677,MISTER LONG,py_ctrm_fcws.distri_234,base.py,py_ctrm_fcws.state_py_16
cit_5678,5678,NUEVA ASUNCION,py_ctrm_fcws.distri_234,base.py,py_ctrm_fcws.state_py_16
cit_5679,5679,PARQUE CUE,py_ctrm_fcws.distri_234,base.py,py_ctrm_fcws.state_py_16
cit_5680,5680,PASO 15 DE ABRIL,py_ctrm_fcws.distri_234,base.py,py_ctrm_fcws.state_py_16
cit_5681,5681,SGTO.B.FIGUEREDO,py_ctrm_fcws.distri_234,base.py,py_ctrm_fcws.state_py_16
cit_5682,5682,SGTO.RODRIGUEZ,py_ctrm_fcws.distri_234,base.py,py_ctrm_fcws.state_py_16
cit_5683,5683,TTE.1RO.RAMIRO ESPINOLA,py_ctrm_fcws.distri_234,base.py,py_ctrm_fcws.state_py_16
cit_5684,5684,TTE.AGRIPINO ENCISO,py_ctrm_fcws.distri_234,base.py,py_ctrm_fcws.state_py_16
cit_5685,5685,TTE.E.OCHOA,py_ctrm_fcws.distri_234,base.py,py_ctrm_fcws.state_py_16
cit_5686,5686,TTE.G.TROVATTO,py_ctrm_fcws.distri_234,base.py,py_ctrm_fcws.state_py_16
cit_5687,5687,TTE.JUAN E.LOPEZ,py_ctrm_fcws.distri_234,base.py,py_ctrm_fcws.state_py_16
cit_5688,5688,TTE.MONTANIA (KM.220),py_ctrm_fcws.distri_234,base.py,py_ctrm_fcws.state_py_16
cit_5689,5689,TTE.R.RUEDA,py_ctrm_fcws.distri_234,base.py,py_ctrm_fcws.state_py_16
cit_5690,5690,VALINOTTI,py_ctrm_fcws.distri_234,base.py,py_ctrm_fcws.state_py_16
cit_5691,5691,YATEBU-I,py_ctrm_fcws.distri_234,base.py,py_ctrm_fcws.state_py_16
cit_6413,6413,COL.FERNHEIN,py_ctrm_fcws.distri_259,base.py,py_ctrm_fcws.state_py_16
cit_6430,6430,LOMA PLATA,py_ctrm_fcws.distri_260,base.py,py_ctrm_fcws.state_py_16
cit_4624,4624,FUERTE OLIMPO,py_ctrm_fcws.distri_195,base.py,py_ctrm_fcws.state_py_17
cit_4625,4625,14 DE mayo,py_ctrm_fcws.distri_195,base.py,py_ctrm_fcws.state_py_17
cit_4626,4626,3 TORITOS,py_ctrm_fcws.distri_195,base.py,py_ctrm_fcws.state_py_17
cit_4627,4627,ALGARROBAL,py_ctrm_fcws.distri_195,base.py,py_ctrm_fcws.state_py_17
cit_4628,4628,BARRERO,py_ctrm_fcws.distri_195,base.py,py_ctrm_fcws.state_py_17
cit_4629,4629,BARRERO GRANDE,py_ctrm_fcws.distri_195,base.py,py_ctrm_fcws.state_py_17
cit_4630,4630,CAMPAMENTO,py_ctrm_fcws.distri_195,base.py,py_ctrm_fcws.state_py_17
cit_4631,4631,CAMPICHUELO,py_ctrm_fcws.distri_195,base.py,py_ctrm_fcws.state_py_17
cit_4632,4632,CAMPO TORO,py_ctrm_fcws.distri_195,base.py,py_ctrm_fcws.state_py_17
cit_4633,4633,CAP.BADO,py_ctrm_fcws.distri_195,base.py,py_ctrm_fcws.state_py_17
cit_4634,4634,CAÑADITA,py_ctrm_fcws.distri_195,base.py,py_ctrm_fcws.state_py_17
cit_4635,4635,COL.CARMELO,py_ctrm_fcws.distri_195,base.py,py_ctrm_fcws.state_py_17
cit_4636,4636,COL.MARIA AUXILIADORA,py_ctrm_fcws.distri_195,base.py,py_ctrm_fcws.state_py_17
cit_4637,4637,CORRALON,py_ctrm_fcws.distri_195,base.py,py_ctrm_fcws.state_py_17
cit_4638,4638,CUARENTA,py_ctrm_fcws.distri_195,base.py,py_ctrm_fcws.state_py_17
cit_4639,4639,CUÑATAI,py_ctrm_fcws.distri_195,base.py,py_ctrm_fcws.state_py_17
cit_4640,4640,DON FELIPE FELTES,py_ctrm_fcws.distri_195,base.py,py_ctrm_fcws.state_py_17
cit_4641,4641,EL TRIUNFO,py_ctrm_fcws.distri_195,base.py,py_ctrm_fcws.state_py_17
cit_4642,4642,ESPERANZA,py_ctrm_fcws.distri_195,base.py,py_ctrm_fcws.state_py_17
cit_4643,4643,ESTRELLA,py_ctrm_fcws.distri_195,base.py,py_ctrm_fcws.state_py_17
cit_4644,4644,GRAL.DIAZ,py_ctrm_fcws.distri_195,base.py,py_ctrm_fcws.state_py_17
cit_4645,4645,GOMEZ,py_ctrm_fcws.distri_195,base.py,py_ctrm_fcws.state_py_17
cit_4646,4646,IMAKATA,py_ctrm_fcws.distri_195,base.py,py_ctrm_fcws.state_py_17
cit_4647,4647,ISLA CACA,py_ctrm_fcws.distri_195,base.py,py_ctrm_fcws.state_py_17
cit_4648,4648,ISLA MARGARITA,py_ctrm_fcws.distri_195,base.py,py_ctrm_fcws.state_py_17
cit_4649,4649,JOSE ZAVAN,py_ctrm_fcws.distri_195,base.py,py_ctrm_fcws.state_py_17
cit_4650,4650,LA AMERICANA,py_ctrm_fcws.distri_195,base.py,py_ctrm_fcws.state_py_17
cit_4651,4651,LAGUNA BLANCA,py_ctrm_fcws.distri_195,base.py,py_ctrm_fcws.state_py_17
cit_4652,4652,M.PIRU,py_ctrm_fcws.distri_195,base.py,py_ctrm_fcws.state_py_17
cit_4653,4653,MANDUVIRA,py_ctrm_fcws.distri_195,base.py,py_ctrm_fcws.state_py_17
cit_4654,4654,MEDANO,py_ctrm_fcws.distri_195,base.py,py_ctrm_fcws.state_py_17
cit_4655,4655,MOREL CUE,py_ctrm_fcws.distri_195,base.py,py_ctrm_fcws.state_py_17
cit_4656,4656,NECESIDAD,py_ctrm_fcws.distri_195,base.py,py_ctrm_fcws.state_py_17
cit_4657,4657,PERALTA,py_ctrm_fcws.distri_195,base.py,py_ctrm_fcws.state_py_17
cit_4658,4658,PORVENIR,py_ctrm_fcws.distri_195,base.py,py_ctrm_fcws.state_py_17
cit_4659,4659,POTRILLO,py_ctrm_fcws.distri_195,base.py,py_ctrm_fcws.state_py_17
cit_4660,4660,PRIMAVERA,py_ctrm_fcws.distri_195,base.py,py_ctrm_fcws.state_py_17
cit_4661,4661,PUERTO ESTHER,py_ctrm_fcws.distri_195,base.py,py_ctrm_fcws.state_py_17
cit_4662,4662,PUERTO GUARANI,py_ctrm_fcws.distri_195,base.py,py_ctrm_fcws.state_py_17
cit_4663,4663,PUERTO LEDA,py_ctrm_fcws.distri_195,base.py,py_ctrm_fcws.state_py_17
cit_4664,4664,PUERTO LIDIA,py_ctrm_fcws.distri_195,base.py,py_ctrm_fcws.state_py_17
cit_4665,4665,PUERTO MARIA AUXILIADORA,py_ctrm_fcws.distri_195,base.py,py_ctrm_fcws.state_py_17
cit_4666,4666,PUERTO NUEVO,py_ctrm_fcws.distri_195,base.py,py_ctrm_fcws.state_py_17
cit_4667,4667,PUERTO ROA,py_ctrm_fcws.distri_195,base.py,py_ctrm_fcws.state_py_17
cit_4668,4668,PUERTO TRES PALMAS,py_ctrm_fcws.distri_195,base.py,py_ctrm_fcws.state_py_17
cit_4669,4669,PUERTO VOLUNTAD,py_ctrm_fcws.distri_195,base.py,py_ctrm_fcws.state_py_17
cit_4670,4670,PUERTO YBAPOBO,py_ctrm_fcws.distri_195,base.py,py_ctrm_fcws.state_py_17
cit_4671,4671,PUESTO LATA,py_ctrm_fcws.distri_195,base.py,py_ctrm_fcws.state_py_17
cit_4672,4672,QUEBRACHOS,py_ctrm_fcws.distri_195,base.py,py_ctrm_fcws.state_py_17
cit_4673,4673,RANCHO QUEMADO,py_ctrm_fcws.distri_195,base.py,py_ctrm_fcws.state_py_17
cit_4674,4674,RETIRO CERRITO,py_ctrm_fcws.distri_195,base.py,py_ctrm_fcws.state_py_17
cit_4675,4675,RETIRO GAZURIAGA,py_ctrm_fcws.distri_195,base.py,py_ctrm_fcws.state_py_17
cit_4676,4676,RETIRO KM.8,py_ctrm_fcws.distri_195,base.py,py_ctrm_fcws.state_py_17
cit_4677,4677,RETIRO MARIA,py_ctrm_fcws.distri_195,base.py,py_ctrm_fcws.state_py_17
cit_4678,4678,RETIRO PANTANAL,py_ctrm_fcws.distri_195,base.py,py_ctrm_fcws.state_py_17
cit_4679,4679,RETIRO SAN MIGUEL,py_ctrm_fcws.distri_195,base.py,py_ctrm_fcws.state_py_17
cit_4680,4680,RETIRO YBYCUI,py_ctrm_fcws.distri_195,base.py,py_ctrm_fcws.state_py_17
cit_4681,4681,RIVAROLA CUE,py_ctrm_fcws.distri_195,base.py,py_ctrm_fcws.state_py_17
cit_4682,4682,SAN ANTONIO,py_ctrm_fcws.distri_195,base.py,py_ctrm_fcws.state_py_17
cit_4683,4683,SAN CARLOS,py_ctrm_fcws.distri_195,base.py,py_ctrm_fcws.state_py_17
cit_4684,4684,SAN FRANCISCO,py_ctrm_fcws.distri_195,base.py,py_ctrm_fcws.state_py_17
cit_4685,4685,SAN JORGE,py_ctrm_fcws.distri_195,base.py,py_ctrm_fcws.state_py_17
cit_4686,4686,SAN JOSE,py_ctrm_fcws.distri_195,base.py,py_ctrm_fcws.state_py_17
cit_4687,4687,SAN JUAN,py_ctrm_fcws.distri_195,base.py,py_ctrm_fcws.state_py_17
cit_4688,4688,SAN MARCO,py_ctrm_fcws.distri_195,base.py,py_ctrm_fcws.state_py_17
cit_4689,4689,SAN SALVADOR,py_ctrm_fcws.distri_195,base.py,py_ctrm_fcws.state_py_17
cit_4690,4690,SOL.NACIENTE,py_ctrm_fcws.distri_195,base.py,py_ctrm_fcws.state_py_17
cit_4691,4691,STA.EULALIA,py_ctrm_fcws.distri_195,base.py,py_ctrm_fcws.state_py_17
cit_4692,4692,STA.GABRIELA,py_ctrm_fcws.distri_195,base.py,py_ctrm_fcws.state_py_17
cit_4693,4693,STA.ISABEL,py_ctrm_fcws.distri_195,base.py,py_ctrm_fcws.state_py_17
cit_4694,4694,STA.RUFINA,py_ctrm_fcws.distri_195,base.py,py_ctrm_fcws.state_py_17
cit_4695,4695,TAYI COTY,py_ctrm_fcws.distri_195,base.py,py_ctrm_fcws.state_py_17
cit_4696,4696,TIMBO,py_ctrm_fcws.distri_195,base.py,py_ctrm_fcws.state_py_17
cit_4697,4697,TOROVAL,py_ctrm_fcws.distri_195,base.py,py_ctrm_fcws.state_py_17
cit_4698,4698,TORRES,py_ctrm_fcws.distri_195,base.py,py_ctrm_fcws.state_py_17
cit_4699,4699,BAHIA NEGRA,py_ctrm_fcws.distri_196,base.py,py_ctrm_fcws.state_py_17
cit_4700,4700,14 DE mayo,py_ctrm_fcws.distri_196,base.py,py_ctrm_fcws.state_py_17
cit_4701,4701,BLANQUITA,py_ctrm_fcws.distri_196,base.py,py_ctrm_fcws.state_py_17
cit_4702,4702,BUENA VISTA,py_ctrm_fcws.distri_196,base.py,py_ctrm_fcws.state_py_17
cit_4703,4703,CAACUPE,py_ctrm_fcws.distri_196,base.py,py_ctrm_fcws.state_py_17
cit_4704,4704,CABARA-I,py_ctrm_fcws.distri_196,base.py,py_ctrm_fcws.state_py_17
cit_4705,4705,CAP.CARMELO PERALTA,py_ctrm_fcws.distri_196,base.py,py_ctrm_fcws.state_py_17
cit_4706,4706,CAVICHUI,py_ctrm_fcws.distri_196,base.py,py_ctrm_fcws.state_py_17
cit_4707,4707,CERRITO JARA,py_ctrm_fcws.distri_196,base.py,py_ctrm_fcws.state_py_17
cit_4708,4708,CERRITOS,py_ctrm_fcws.distri_196,base.py,py_ctrm_fcws.state_py_17
cit_4709,4709,CERRO CORA,py_ctrm_fcws.distri_196,base.py,py_ctrm_fcws.state_py_17
cit_4710,4710,CURUPAYTY,py_ctrm_fcws.distri_196,base.py,py_ctrm_fcws.state_py_17
cit_4711,4711,GALPON,py_ctrm_fcws.distri_196,base.py,py_ctrm_fcws.state_py_17
cit_4712,4712,ISIRIA,py_ctrm_fcws.distri_196,base.py,py_ctrm_fcws.state_py_17
cit_4713,4713,LECHUZA,py_ctrm_fcws.distri_196,base.py,py_ctrm_fcws.state_py_17
cit_4714,4714,PALOMAR,py_ctrm_fcws.distri_196,base.py,py_ctrm_fcws.state_py_17
cit_4715,4715,PATRIA (EX. EN.),py_ctrm_fcws.distri_196,base.py,py_ctrm_fcws.state_py_17
cit_4716,4716,PATRIA I,py_ctrm_fcws.distri_196,base.py,py_ctrm_fcws.state_py_17
cit_4717,4717,PORFIRIA,py_ctrm_fcws.distri_196,base.py,py_ctrm_fcws.state_py_17
cit_4718,4718,POZO AZUL,py_ctrm_fcws.distri_196,base.py,py_ctrm_fcws.state_py_17
cit_4719,4719,PUERTO 14 DE MAYO,py_ctrm_fcws.distri_196,base.py,py_ctrm_fcws.state_py_17
cit_4720,4720,PUERTO ALVARENGA,py_ctrm_fcws.distri_196,base.py,py_ctrm_fcws.state_py_17
cit_4721,4721,PUERTO CABALLO,py_ctrm_fcws.distri_196,base.py,py_ctrm_fcws.state_py_17
cit_4722,4722,PUERTO ESPERANZA,py_ctrm_fcws.distri_196,base.py,py_ctrm_fcws.state_py_17
cit_4723,4723,PUERTO MERCEDES,py_ctrm_fcws.distri_196,base.py,py_ctrm_fcws.state_py_17
cit_4724,4724,PUERTO RAMOS,py_ctrm_fcws.distri_196,base.py,py_ctrm_fcws.state_py_17
cit_4725,4725,RANCHO PALOMA,py_ctrm_fcws.distri_196,base.py,py_ctrm_fcws.state_py_17
cit_4726,4726,SAMUHU Y CABANILLAS,py_ctrm_fcws.distri_196,base.py,py_ctrm_fcws.state_py_17
cit_4727,4727,SAN LUIS,py_ctrm_fcws.distri_196,base.py,py_ctrm_fcws.state_py_17
cit_4728,4728,SAN PABLO,py_ctrm_fcws.distri_196,base.py,py_ctrm_fcws.state_py_17
cit_4729,4729,SAN SILVANO,py_ctrm_fcws.distri_196,base.py,py_ctrm_fcws.state_py_17
cit_4730,4730,STA.CATALINA,py_ctrm_fcws.distri_196,base.py,py_ctrm_fcws.state_py_17
cit_4731,4731,YUQUERI,py_ctrm_fcws.distri_196,base.py,py_ctrm_fcws.state_py_17
cit_5822,5822,MALDONADO,py_ctrm_fcws.distri_196,base.py,py_ctrm_fcws.state_py_17
cit_5823,5823,POTRERITO,py_ctrm_fcws.distri_196,base.py,py_ctrm_fcws.state_py_17
cit_5824,5824,PUERTO DIANA,py_ctrm_fcws.distri_196,base.py,py_ctrm_fcws.state_py_17
cit_5825,5825,RIACHO ALEGRE,py_ctrm_fcws.distri_196,base.py,py_ctrm_fcws.state_py_17
cit_5826,5826,STA.ANA,py_ctrm_fcws.distri_196,base.py,py_ctrm_fcws.state_py_17
cit_4732,4732,CAMPAMENTO,py_ctrm_fcws.distri_218,base.py,py_ctrm_fcws.state_py_17
cit_4733,4733,CAMPO SASTRE-PTO.SASTRE,py_ctrm_fcws.distri_218,base.py,py_ctrm_fcws.state_py_17
cit_4734,4734,JUAN CUE,py_ctrm_fcws.distri_218,base.py,py_ctrm_fcws.state_py_17
cit_4735,4735,MINAS CUE,py_ctrm_fcws.distri_218,base.py,py_ctrm_fcws.state_py_17
cit_4736,4736,PUERTO CASADO,py_ctrm_fcws.distri_218,base.py,py_ctrm_fcws.state_py_17
cit_4737,4737,PUERTO PAGANI CUE,py_ctrm_fcws.distri_218,base.py,py_ctrm_fcws.state_py_17
cit_5827,5827,CASILLA,py_ctrm_fcws.distri_218,base.py,py_ctrm_fcws.state_py_17
cit_5828,5828,STO.DOMINGO,py_ctrm_fcws.distri_218,base.py,py_ctrm_fcws.state_py_17
cit_4598,4598,PTO.GUARANI,py_ctrm_fcws.distri_223,base.py,py_ctrm_fcws.state_py_17
cit_5638,5638,MAYOR PABLO LAGERENZA,py_ctrm_fcws.distri_233,base.py,py_ctrm_fcws.state_py_17
cit_5639,5639,ALAMBIQUE,py_ctrm_fcws.distri_233,base.py,py_ctrm_fcws.state_py_17
cit_5640,5640,BAPTISTA,py_ctrm_fcws.distri_233,base.py,py_ctrm_fcws.state_py_17
cit_5641,5641,BARBARO,py_ctrm_fcws.distri_233,base.py,py_ctrm_fcws.state_py_17
cit_5642,5642,CABO GIMENEZ,py_ctrm_fcws.distri_233,base.py,py_ctrm_fcws.state_py_17
cit_5643,5643,CHOVORECA (BASE AEREA),py_ctrm_fcws.distri_233,base.py,py_ctrm_fcws.state_py_17
cit_5644,5644,CNEL.BOGADO,py_ctrm_fcws.distri_233,base.py,py_ctrm_fcws.state_py_17
cit_5645,5645,CNEL.SANCHEZ,py_ctrm_fcws.distri_233,base.py,py_ctrm_fcws.state_py_17
cit_5646,5646,FLORIDA,py_ctrm_fcws.distri_233,base.py,py_ctrm_fcws.state_py_17
cit_5647,5647,JOSE M.LOPEZ,py_ctrm_fcws.distri_233,base.py,py_ctrm_fcws.state_py_17
cit_5648,5648,LAGERENZA-I,py_ctrm_fcws.distri_233,base.py,py_ctrm_fcws.state_py_17
cit_5649,5649,MADREJON,py_ctrm_fcws.distri_233,base.py,py_ctrm_fcws.state_py_17
cit_5650,5650,MADREJONCITO,py_ctrm_fcws.distri_233,base.py,py_ctrm_fcws.state_py_17
cit_5651,5651,MAYOR R.SANTACRUZ,py_ctrm_fcws.distri_233,base.py,py_ctrm_fcws.state_py_17
cit_5652,5652,NUEVA TRIBU,py_ctrm_fcws.distri_233,base.py,py_ctrm_fcws.state_py_17
cit_5653,5653,PALMAR DE LAS ISLAS,py_ctrm_fcws.distri_233,base.py,py_ctrm_fcws.state_py_17
cit_5654,5654,PIKYRENDA,py_ctrm_fcws.distri_233,base.py,py_ctrm_fcws.state_py_17
cit_5655,5655,SAN JOSE,py_ctrm_fcws.distri_233,base.py,py_ctrm_fcws.state_py_17
cit_5656,5656,TAPACARE,py_ctrm_fcws.distri_233,base.py,py_ctrm_fcws.state_py_17
cit_5657,5657,TRES LAGUNAS,py_ctrm_fcws.distri_233,base.py,py_ctrm_fcws.state_py_17
cit_5658,5658,TTE.1RO. H.MENDOZA,py_ctrm_fcws.distri_233,base.py,py_ctrm_fcws.state_py_17
cit_5659,5659,TTE.AMERICO PICCO,py_ctrm_fcws.distri_233,base.py,py_ctrm_fcws.state_py_17
cit_5660,5660,TTE.GABINO MENDOZA,py_ctrm_fcws.distri_233,base.py,py_ctrm_fcws.state_py_17
cit_5661,5661,TTE.MARTINEZ,py_ctrm_fcws.distri_233,base.py,py_ctrm_fcws.state_py_17
cit_5662,5662,TTE. R.COCO RIVEROS,py_ctrm_fcws.distri_233,base.py,py_ctrm_fcws.state_py_17
cit_4860,4860,SAN ISIDRO DEL CURUGUATY,py_ctrm_fcws.distri_197,base.py,py_ctrm_fcws.state_py_18
cit_4861,4861,5A.REGION MILITAR,py_ctrm_fcws.distri_197,base.py,py_ctrm_fcws.state_py_18
cit_4862,4862,8 DE DICIMBRE,py_ctrm_fcws.distri_197,base.py,py_ctrm_fcws.state_py_18
cit_4863,4863,AGUAHE,py_ctrm_fcws.distri_197,base.py,py_ctrm_fcws.state_py_18
cit_4864,4864,AGUARA,py_ctrm_fcws.distri_197,base.py,py_ctrm_fcws.state_py_18
cit_4865,4865,ALCARAZ CUE,py_ctrm_fcws.distri_197,base.py,py_ctrm_fcws.state_py_18
cit_4866,4866,ARROYO CAA-Y,py_ctrm_fcws.distri_197,base.py,py_ctrm_fcws.state_py_18
cit_4867,4867,ARROYO CHAPI,py_ctrm_fcws.distri_197,base.py,py_ctrm_fcws.state_py_18
cit_4868,4868,ARROYO GUAZU,py_ctrm_fcws.distri_197,base.py,py_ctrm_fcws.state_py_18
cit_4869,4869,ARROYO ITA,py_ctrm_fcws.distri_197,base.py,py_ctrm_fcws.state_py_18
cit_4870,4870,ARROYO PINDO,py_ctrm_fcws.distri_197,base.py,py_ctrm_fcws.state_py_18
cit_4871,4871,ARROYO YBYCUI,py_ctrm_fcws.distri_197,base.py,py_ctrm_fcws.state_py_18
cit_4872,4872,ARROYO YBYRA PYTA,py_ctrm_fcws.distri_197,base.py,py_ctrm_fcws.state_py_18
cit_4873,4873,ASUNCION PAIVA,py_ctrm_fcws.distri_197,base.py,py_ctrm_fcws.state_py_18
cit_4874,4874,AVIACION,py_ctrm_fcws.distri_197,base.py,py_ctrm_fcws.state_py_18
cit_4875,4875,BARRERO VILLAR (BARRERO),py_ctrm_fcws.distri_197,base.py,py_ctrm_fcws.state_py_18
cit_4876,4876,CAMBA,py_ctrm_fcws.distri_197,base.py,py_ctrm_fcws.state_py_18
cit_4877,4877,CAMPAMENTO,py_ctrm_fcws.distri_197,base.py,py_ctrm_fcws.state_py_18
cit_4878,4878,CAÑADITA,py_ctrm_fcws.distri_197,base.py,py_ctrm_fcws.state_py_18
cit_4879,4879,CERRITO,py_ctrm_fcws.distri_197,base.py,py_ctrm_fcws.state_py_18
cit_4880,4880,COL.FORTUNA,py_ctrm_fcws.distri_197,base.py,py_ctrm_fcws.state_py_18
cit_4881,4881,CURUGUATY (MUNICIPIO),py_ctrm_fcws.distri_197,base.py,py_ctrm_fcws.state_py_18
cit_4881,4881,CURUGUATY (MUNICIPIO),py_ctrm_fcws.distri_197,base.py,py_ctrm_fcws.state_py_18
cit_4881,4881,CURUGUATY (MUNICIPIO),py_ctrm_fcws.distri_197,base.py,py_ctrm_fcws.state_py_18
cit_4881,4881,CURUGUATY (MUNICIPIO),py_ctrm_fcws.distri_197,base.py,py_ctrm_fcws.state_py_18
cit_4881,4881,CURUGUATY (MUNICIPIO),py_ctrm_fcws.distri_197,base.py,py_ctrm_fcws.state_py_18
cit_4881,4881,CURUGUATY (MUNICIPIO),py_ctrm_fcws.distri_197,base.py,py_ctrm_fcws.state_py_18
cit_4881,4881,CURUGUATY (MUNICIPIO),py_ctrm_fcws.distri_197,base.py,py_ctrm_fcws.state_py_18
cit_4882,4882,DANIEL MARTINEZ,py_ctrm_fcws.distri_197,base.py,py_ctrm_fcws.state_py_18
cit_4883,4883,DESTACAMENTO PUNTO 4A.NA.1,py_ctrm_fcws.distri_197,base.py,py_ctrm_fcws.state_py_18
cit_4884,4884,ESTANCIA GOLONDRINA,py_ctrm_fcws.distri_197,base.py,py_ctrm_fcws.state_py_18
cit_4885,4885,ESTANCIA SAN BLAS,py_ctrm_fcws.distri_197,base.py,py_ctrm_fcws.state_py_18
cit_4886,4886,FORTUNA,py_ctrm_fcws.distri_197,base.py,py_ctrm_fcws.state_py_18
cit_4887,4887,GUAYAKI,py_ctrm_fcws.distri_197,base.py,py_ctrm_fcws.state_py_18
cit_4888,4888,GUAI-GUE PARAMI,py_ctrm_fcws.distri_197,base.py,py_ctrm_fcws.state_py_18
cit_4889,4889,JHUGUA GUAZU,py_ctrm_fcws.distri_197,base.py,py_ctrm_fcws.state_py_18
cit_4890,4890,KARUPERA,py_ctrm_fcws.distri_197,base.py,py_ctrm_fcws.state_py_18
cit_4891,4891,LAGUNITA,py_ctrm_fcws.distri_197,base.py,py_ctrm_fcws.state_py_18
cit_4892,4892,SAN JUAN MI,py_ctrm_fcws.distri_197,base.py,py_ctrm_fcws.state_py_18
cit_4893,4893,SANTO DOMINGO,py_ctrm_fcws.distri_197,base.py,py_ctrm_fcws.state_py_18
cit_4894,4894,TROCHE CUE,py_ctrm_fcws.distri_197,base.py,py_ctrm_fcws.state_py_18
cit_4895,4895,YATAITY,py_ctrm_fcws.distri_197,base.py,py_ctrm_fcws.state_py_18
cit_4896,4896,YBYCUI,py_ctrm_fcws.distri_197,base.py,py_ctrm_fcws.state_py_18
cit_4897,4897,YCUA PORA,py_ctrm_fcws.distri_197,base.py,py_ctrm_fcws.state_py_18
cit_4898,4898,YERUTI,py_ctrm_fcws.distri_197,base.py,py_ctrm_fcws.state_py_18
cit_4899,4899,YUQUERI,py_ctrm_fcws.distri_197,base.py,py_ctrm_fcws.state_py_18
cit_5834,5834,CAPII-TINDY,py_ctrm_fcws.distri_197,base.py,py_ctrm_fcws.state_py_18
cit_5835,5835,CURE CUA,py_ctrm_fcws.distri_197,base.py,py_ctrm_fcws.state_py_18
cit_5836,5836,ESTANCIA SAN ERNESTO,py_ctrm_fcws.distri_197,base.py,py_ctrm_fcws.state_py_18
cit_5837,5837,SAN JUAN,py_ctrm_fcws.distri_197,base.py,py_ctrm_fcws.state_py_18
cit_5838,5838,VARELA CAFETAL,py_ctrm_fcws.distri_197,base.py,py_ctrm_fcws.state_py_18
cit_4900,4900,ARROYO MOROTI,py_ctrm_fcws.distri_198,base.py,py_ctrm_fcws.state_py_18
cit_4901,4901,CAPIITINDY,py_ctrm_fcws.distri_198,base.py,py_ctrm_fcws.state_py_18
cit_4902,4902,CERRO GUACUE,py_ctrm_fcws.distri_198,base.py,py_ctrm_fcws.state_py_18
cit_4903,4903,CRUCE YBYRAROBANA,py_ctrm_fcws.distri_198,base.py,py_ctrm_fcws.state_py_18
cit_4904,4904,HORQUETA MI,py_ctrm_fcws.distri_198,base.py,py_ctrm_fcws.state_py_18
cit_4905,4905,ITACURUBI,py_ctrm_fcws.distri_198,base.py,py_ctrm_fcws.state_py_18
cit_4906,4906,ITANARA,py_ctrm_fcws.distri_198,base.py,py_ctrm_fcws.state_py_18
cit_4907,4907,ITANARA MI,py_ctrm_fcws.distri_198,base.py,py_ctrm_fcws.state_py_18
cit_4908,4908,KARUPERAMI,py_ctrm_fcws.distri_198,base.py,py_ctrm_fcws.state_py_18
cit_4909,4909,KILOMETRO 15 (CMIA),py_ctrm_fcws.distri_198,base.py,py_ctrm_fcws.state_py_18
cit_4910,4910,LAGUNA PACOBA,py_ctrm_fcws.distri_198,base.py,py_ctrm_fcws.state_py_18
cit_4911,4911,LAGUNA PACOBA 2A.LINEA,py_ctrm_fcws.distri_198,base.py,py_ctrm_fcws.state_py_18
cit_4912,4912,LAGUNA VERA,py_ctrm_fcws.distri_198,base.py,py_ctrm_fcws.state_py_18
cit_4913,4913,LAGUNA YERE,py_ctrm_fcws.distri_198,base.py,py_ctrm_fcws.state_py_18
cit_4914,4914,LEON CUE,py_ctrm_fcws.distri_198,base.py,py_ctrm_fcws.state_py_18
cit_4915,4915,LOMADA,py_ctrm_fcws.distri_198,base.py,py_ctrm_fcws.state_py_18
cit_4916,4916,LUCIO CUE,py_ctrm_fcws.distri_198,base.py,py_ctrm_fcws.state_py_18
cit_4917,4917,MBOI YAGUA,py_ctrm_fcws.distri_198,base.py,py_ctrm_fcws.state_py_18
cit_4918,4918,MBUYTY,py_ctrm_fcws.distri_198,base.py,py_ctrm_fcws.state_py_18
cit_4919,4919,MONTE SINAI,py_ctrm_fcws.distri_198,base.py,py_ctrm_fcws.state_py_18
cit_4920,4920,NACIENTE,py_ctrm_fcws.distri_198,base.py,py_ctrm_fcws.state_py_18
cit_4921,4921,NARANJITO,py_ctrm_fcws.distri_198,base.py,py_ctrm_fcws.state_py_18
cit_4922,4922,OBRAJE 7 MONTES,py_ctrm_fcws.distri_198,base.py,py_ctrm_fcws.state_py_18
cit_4923,4923,OBRAJE ARROYO GUAZU,py_ctrm_fcws.distri_198,base.py,py_ctrm_fcws.state_py_18
cit_4924,4924,OBRAJE ARROYO MOCOI,py_ctrm_fcws.distri_198,base.py,py_ctrm_fcws.state_py_18
cit_4925,4925,OBRAJE CANELA,py_ctrm_fcws.distri_198,base.py,py_ctrm_fcws.state_py_18
cit_4926,4926,OBRAJE PAR-Y,py_ctrm_fcws.distri_198,base.py,py_ctrm_fcws.state_py_18
cit_4927,4927,OBRAJE PINDOTY,py_ctrm_fcws.distri_198,base.py,py_ctrm_fcws.state_py_18
cit_4928,4928,OBRAJE SAN ANTONIO,py_ctrm_fcws.distri_198,base.py,py_ctrm_fcws.state_py_18
cit_4929,4929,OBRAJE SOLAECHE,py_ctrm_fcws.distri_198,base.py,py_ctrm_fcws.state_py_18
cit_4930,4930,OBRAJE TACUAPI,py_ctrm_fcws.distri_198,base.py,py_ctrm_fcws.state_py_18
cit_4931,4931,OBRAJE URBINA,py_ctrm_fcws.distri_198,base.py,py_ctrm_fcws.state_py_18
cit_4932,4932,OBRAJE YBYRA PYTA,py_ctrm_fcws.distri_198,base.py,py_ctrm_fcws.state_py_18
cit_4933,4933,OBRAJE YUKERI,py_ctrm_fcws.distri_198,base.py,py_ctrm_fcws.state_py_18
cit_4934,4934,PARAJE LUISA,py_ctrm_fcws.distri_198,base.py,py_ctrm_fcws.state_py_18
cit_4935,4935,PASITO,py_ctrm_fcws.distri_198,base.py,py_ctrm_fcws.state_py_18
cit_4936,4936,PASO ITA,py_ctrm_fcws.distri_198,base.py,py_ctrm_fcws.state_py_18
cit_4937,4937,PASO PARODI,py_ctrm_fcws.distri_198,base.py,py_ctrm_fcws.state_py_18
cit_4938,4938,PASO REAL,py_ctrm_fcws.distri_198,base.py,py_ctrm_fcws.state_py_18
cit_4939,4939,PASO ROMERO,py_ctrm_fcws.distri_198,base.py,py_ctrm_fcws.state_py_18
cit_4940,4940,PIRACAI,py_ctrm_fcws.distri_198,base.py,py_ctrm_fcws.state_py_18
cit_4941,4941,POTRERITO,py_ctrm_fcws.distri_198,base.py,py_ctrm_fcws.state_py_18
cit_4942,4942,POTRERO BAEZ,py_ctrm_fcws.distri_198,base.py,py_ctrm_fcws.state_py_18
cit_4943,4943,POTRERO TACUARA,py_ctrm_fcws.distri_198,base.py,py_ctrm_fcws.state_py_18
cit_4944,4944,POTRERO VAI,py_ctrm_fcws.distri_198,base.py,py_ctrm_fcws.state_py_18
cit_4945,4945,PRIMAVERA,py_ctrm_fcws.distri_198,base.py,py_ctrm_fcws.state_py_18
cit_4946,4946,PUENTE CAVETI,py_ctrm_fcws.distri_198,base.py,py_ctrm_fcws.state_py_18
cit_4947,4947,PUERTO JHU,py_ctrm_fcws.distri_198,base.py,py_ctrm_fcws.state_py_18
cit_4948,4948,PUERTO MOROMBI,py_ctrm_fcws.distri_198,base.py,py_ctrm_fcws.state_py_18
cit_4949,4949,PUESTO ACARAY-MI,py_ctrm_fcws.distri_198,base.py,py_ctrm_fcws.state_py_18
cit_4950,4950,PUESTO SANDOVAL,py_ctrm_fcws.distri_198,base.py,py_ctrm_fcws.state_py_18
cit_4951,4951,PUESTO YSAU,py_ctrm_fcws.distri_198,base.py,py_ctrm_fcws.state_py_18
cit_4952,4952,QUEREU,py_ctrm_fcws.distri_198,base.py,py_ctrm_fcws.state_py_18
cit_4953,4953,RIO CORRIENTES,py_ctrm_fcws.distri_198,base.py,py_ctrm_fcws.state_py_18
cit_4954,4954,RIO VERDE,py_ctrm_fcws.distri_198,base.py,py_ctrm_fcws.state_py_18
cit_4955,4955,SAN ANTONIO,py_ctrm_fcws.distri_198,base.py,py_ctrm_fcws.state_py_18
cit_4956,4956,SAN JUAN,py_ctrm_fcws.distri_198,base.py,py_ctrm_fcws.state_py_18
cit_4957,4957,SAN RAFAEL,py_ctrm_fcws.distri_198,base.py,py_ctrm_fcws.state_py_18
cit_4958,4958,TACUARA TY,py_ctrm_fcws.distri_198,base.py,py_ctrm_fcws.state_py_18
cit_4959,4959,TACUAREMBOY,py_ctrm_fcws.distri_198,base.py,py_ctrm_fcws.state_py_18
cit_4960,4960,TENDAL,py_ctrm_fcws.distri_198,base.py,py_ctrm_fcws.state_py_18
cit_4961,4961,VILLA YGATIMI (MUNICIPIO),py_ctrm_fcws.distri_198,base.py,py_ctrm_fcws.state_py_18
cit_4962,4962,YBYBUCUA,py_ctrm_fcws.distri_198,base.py,py_ctrm_fcws.state_py_18
cit_4963,4963,YBYRAROBANA,py_ctrm_fcws.distri_198,base.py,py_ctrm_fcws.state_py_18
cit_4964,4964,YBU 1A.,py_ctrm_fcws.distri_198,base.py,py_ctrm_fcws.state_py_18
cit_4965,4965,YBU 2A.,py_ctrm_fcws.distri_198,base.py,py_ctrm_fcws.state_py_18
cit_4966,4966,YUICAI,py_ctrm_fcws.distri_198,base.py,py_ctrm_fcws.state_py_18
cit_4967,4967,ÑAMBY,py_ctrm_fcws.distri_198,base.py,py_ctrm_fcws.state_py_18
cit_4968,4968,ÑANDUROCAI,py_ctrm_fcws.distri_198,base.py,py_ctrm_fcws.state_py_18
cit_5839,5839,VILLA YGATIMI,py_ctrm_fcws.distri_198,base.py,py_ctrm_fcws.state_py_18
cit_5840,5840,ESCALERA,py_ctrm_fcws.distri_198,base.py,py_ctrm_fcws.state_py_18
cit_5841,5841,JEJUI-MI,py_ctrm_fcws.distri_198,base.py,py_ctrm_fcws.state_py_18
cit_5842,5842,LAGUNA PACOBA 3A.LINEA,py_ctrm_fcws.distri_198,base.py,py_ctrm_fcws.state_py_18
cit_5843,5843,MBARIGUIY,py_ctrm_fcws.distri_198,base.py,py_ctrm_fcws.state_py_18
cit_4969,4969,YPEJHU,py_ctrm_fcws.distri_199,base.py,py_ctrm_fcws.state_py_18
cit_4970,4970,AGUARA YARTHE,py_ctrm_fcws.distri_199,base.py,py_ctrm_fcws.state_py_18
cit_4971,4971,CAAGUY PORA,py_ctrm_fcws.distri_199,base.py,py_ctrm_fcws.state_py_18
cit_4972,4972,CALI-CUE,py_ctrm_fcws.distri_199,base.py,py_ctrm_fcws.state_py_18
cit_4973,4973,CARAPA-I,py_ctrm_fcws.distri_199,base.py,py_ctrm_fcws.state_py_18
cit_4974,4974,CARAPE,py_ctrm_fcws.distri_199,base.py,py_ctrm_fcws.state_py_18
cit_4975,4975,COFISA,py_ctrm_fcws.distri_199,base.py,py_ctrm_fcws.state_py_18
cit_4976,4976,COL.INDIGENA CAZAL,py_ctrm_fcws.distri_199,base.py,py_ctrm_fcws.state_py_18
cit_4977,4977,COL.INDIGENA PARIRI,py_ctrm_fcws.distri_199,base.py,py_ctrm_fcws.state_py_18
cit_4978,4978,CURUZU,py_ctrm_fcws.distri_199,base.py,py_ctrm_fcws.state_py_18
cit_4979,4979,GUAYAIBI,py_ctrm_fcws.distri_199,base.py,py_ctrm_fcws.state_py_18
cit_4980,4980,ITANARA,py_ctrm_fcws.distri_199,base.py,py_ctrm_fcws.state_py_18
cit_4981,4981,LAGUNITA,py_ctrm_fcws.distri_199,base.py,py_ctrm_fcws.state_py_18
cit_4982,4982,LOPEZ CUE,py_ctrm_fcws.distri_199,base.py,py_ctrm_fcws.state_py_18
cit_4983,4983,MENCHACA CUE,py_ctrm_fcws.distri_199,base.py,py_ctrm_fcws.state_py_18
cit_4984,4984,MOJON,py_ctrm_fcws.distri_199,base.py,py_ctrm_fcws.state_py_18
cit_4985,4985,0BRAJE PINDOTY,py_ctrm_fcws.distri_199,base.py,py_ctrm_fcws.state_py_18
cit_4986,4986,OBRAJE ROTELA,py_ctrm_fcws.distri_199,base.py,py_ctrm_fcws.state_py_18
cit_4987,4987,PASO JHU,py_ctrm_fcws.distri_199,base.py,py_ctrm_fcws.state_py_18
cit_4988,4988,PASTAJE CERRO,py_ctrm_fcws.distri_199,base.py,py_ctrm_fcws.state_py_18
cit_4989,4989,SAN ROQUE,py_ctrm_fcws.distri_199,base.py,py_ctrm_fcws.state_py_18
cit_4990,4990,TACUARA,py_ctrm_fcws.distri_199,base.py,py_ctrm_fcws.state_py_18
cit_4991,4991,TACUARATY,py_ctrm_fcws.distri_199,base.py,py_ctrm_fcws.state_py_18
cit_4992,4992,YBYCUI,py_ctrm_fcws.distri_199,base.py,py_ctrm_fcws.state_py_18
cit_4993,4993,YBU,py_ctrm_fcws.distri_199,base.py,py_ctrm_fcws.state_py_18
cit_4994,4994,YPAU,py_ctrm_fcws.distri_199,base.py,py_ctrm_fcws.state_py_18
cit_4995,4995,YPEJHU (MUNICIPIO),py_ctrm_fcws.distri_199,base.py,py_ctrm_fcws.state_py_18
cit_4995,4995,YPEJHU (MUNICIPIO),py_ctrm_fcws.distri_199,base.py,py_ctrm_fcws.state_py_18
cit_4995,4995,YPEJHU (MUNICIPIO),py_ctrm_fcws.distri_199,base.py,py_ctrm_fcws.state_py_18
cit_4995,4995,YPEJHU (MUNICIPIO),py_ctrm_fcws.distri_199,base.py,py_ctrm_fcws.state_py_18
cit_4996,4996,ÑUA-I,py_ctrm_fcws.distri_199,base.py,py_ctrm_fcws.state_py_18
cit_4997,4997,CORPUS CHRISTI,py_ctrm_fcws.distri_200,base.py,py_ctrm_fcws.state_py_18
cit_4998,4998,11 DE SETIEMBRE,py_ctrm_fcws.distri_200,base.py,py_ctrm_fcws.state_py_18
cit_4999,4999,3 NACIENTES,py_ctrm_fcws.distri_200,base.py,py_ctrm_fcws.state_py_18
cit_5000,5000,ADMINISTRACION CUE,py_ctrm_fcws.distri_200,base.py,py_ctrm_fcws.state_py_18
cit_5001,5001,AMERICANA CARAPE,py_ctrm_fcws.distri_200,base.py,py_ctrm_fcws.state_py_18
cit_5002,5002,ARROYO ITA,py_ctrm_fcws.distri_200,base.py,py_ctrm_fcws.state_py_18
cit_5003,5003,ARROYO PALOMBO,py_ctrm_fcws.distri_200,base.py,py_ctrm_fcws.state_py_18
cit_5004,5004,ARROYO PORA,py_ctrm_fcws.distri_200,base.py,py_ctrm_fcws.state_py_18
cit_5005,5005,ARROYO ROYSA,py_ctrm_fcws.distri_200,base.py,py_ctrm_fcws.state_py_18
cit_5006,5006,BUEN VIAJE,py_ctrm_fcws.distri_200,base.py,py_ctrm_fcws.state_py_18
cit_5007,5007,CADETE CUE,py_ctrm_fcws.distri_200,base.py,py_ctrm_fcws.state_py_18
cit_5008,5008,CALLE CERRO PORTEÑO,py_ctrm_fcws.distri_200,base.py,py_ctrm_fcws.state_py_18
cit_5009,5009,CANEAN,py_ctrm_fcws.distri_200,base.py,py_ctrm_fcws.state_py_18
cit_5010,5010,CARAPA,py_ctrm_fcws.distri_200,base.py,py_ctrm_fcws.state_py_18
cit_5011,5011,CAYE CUE (ÑUMI),py_ctrm_fcws.distri_200,base.py,py_ctrm_fcws.state_py_18
cit_5012,5012,CERRO PYTA,py_ctrm_fcws.distri_200,base.py,py_ctrm_fcws.state_py_18
cit_5013,5013,CERRO DE ORO,py_ctrm_fcws.distri_200,base.py,py_ctrm_fcws.state_py_18
cit_5014,5014,CHACRA SAN LUIS,py_ctrm_fcws.distri_200,base.py,py_ctrm_fcws.state_py_18
cit_5015,5015,CHACRA DOMINGO,py_ctrm_fcws.distri_200,base.py,py_ctrm_fcws.state_py_18
cit_5016,5016,CLEVAS CARAPA,py_ctrm_fcws.distri_200,base.py,py_ctrm_fcws.state_py_18
cit_5017,5017,CLEVAS CATUETE,py_ctrm_fcws.distri_200,base.py,py_ctrm_fcws.state_py_18
cit_5018,5018,CLEVAS GUARANI,py_ctrm_fcws.distri_200,base.py,py_ctrm_fcws.state_py_18
cit_5019,5019,CLEVAS OLIMPIA,py_ctrm_fcws.distri_200,base.py,py_ctrm_fcws.state_py_18
cit_5020,5020,CLEVAS SAN FRANCISCO,py_ctrm_fcws.distri_200,base.py,py_ctrm_fcws.state_py_18
cit_5021,5021,CLEVAS SAN JUAN,py_ctrm_fcws.distri_200,base.py,py_ctrm_fcws.state_py_18
cit_5022,5022,CORPUS CRISTI (RURAL),py_ctrm_fcws.distri_200,base.py,py_ctrm_fcws.state_py_18
cit_5023,5023,CORPUS CHRISTI (MUNICIPIO),py_ctrm_fcws.distri_200,base.py,py_ctrm_fcws.state_py_18
cit_5024,5024,DESTACAMENTO MILITAR,py_ctrm_fcws.distri_200,base.py,py_ctrm_fcws.state_py_18
cit_5025,5025,DISTRITO MILITAR,py_ctrm_fcws.distri_200,base.py,py_ctrm_fcws.state_py_18
cit_5026,5026,DON PEDRO,py_ctrm_fcws.distri_200,base.py,py_ctrm_fcws.state_py_18
cit_5027,5027,ESPADIN YAJHE-O,py_ctrm_fcws.distri_200,base.py,py_ctrm_fcws.state_py_18
cit_5028,5028,FAZENDA 22 DE SETIEMBRE,py_ctrm_fcws.distri_200,base.py,py_ctrm_fcws.state_py_18
cit_5029,5029,FAZENDA BACHIRAS,py_ctrm_fcws.distri_200,base.py,py_ctrm_fcws.state_py_18
cit_5030,5030,FAZENDA BUENA ESPERANZA,py_ctrm_fcws.distri_200,base.py,py_ctrm_fcws.state_py_18
cit_5031,5031,FAZENDA DON RAUL,py_ctrm_fcws.distri_200,base.py,py_ctrm_fcws.state_py_18
cit_5032,5032,FAZENDA ESPAÑA,py_ctrm_fcws.distri_200,base.py,py_ctrm_fcws.state_py_18
cit_5033,5033,FAZENDA ESPAÑA 2A.,py_ctrm_fcws.distri_200,base.py,py_ctrm_fcws.state_py_18
cit_5034,5034,FAZENDA NTRA.SRA.ASUNCION,py_ctrm_fcws.distri_200,base.py,py_ctrm_fcws.state_py_18
cit_5035,5035,FAZENDA SAN JOSE,py_ctrm_fcws.distri_200,base.py,py_ctrm_fcws.state_py_18
cit_5036,5036,FELICIDAD LA FUENTE,py_ctrm_fcws.distri_200,base.py,py_ctrm_fcws.state_py_18
cit_5037,5037,FRANCISCO PALOMBO,py_ctrm_fcws.distri_200,base.py,py_ctrm_fcws.state_py_18
cit_5038,5038,FRANCISCO PALOMBO 2A.,py_ctrm_fcws.distri_200,base.py,py_ctrm_fcws.state_py_18
cit_5039,5039,GORRA PYTA,py_ctrm_fcws.distri_200,base.py,py_ctrm_fcws.state_py_18
cit_5040,5040,GUARANI AMERICANA,py_ctrm_fcws.distri_200,base.py,py_ctrm_fcws.state_py_18
cit_5041,5041,GUEMBE VERA,py_ctrm_fcws.distri_200,base.py,py_ctrm_fcws.state_py_18
cit_5042,5042,HITO 86,py_ctrm_fcws.distri_200,base.py,py_ctrm_fcws.state_py_18
cit_5043,5043,INFIERNO CUE,py_ctrm_fcws.distri_200,base.py,py_ctrm_fcws.state_py_18
cit_5581,5581,ITABO CUBAS,py_ctrm_fcws.distri_200,base.py,py_ctrm_fcws.state_py_18
cit_5582,5582,KILOMETRO 41,py_ctrm_fcws.distri_200,base.py,py_ctrm_fcws.state_py_18
cit_5583,5583,LALI CUE,py_ctrm_fcws.distri_200,base.py,py_ctrm_fcws.state_py_18
cit_5584,5584,MIMBY CUE,py_ctrm_fcws.distri_200,base.py,py_ctrm_fcws.state_py_18
cit_5585,5585,NUEVA ASUNCION 1A.,py_ctrm_fcws.distri_200,base.py,py_ctrm_fcws.state_py_18
cit_5586,5586,NUEVA ASUNCION 2A.,py_ctrm_fcws.distri_200,base.py,py_ctrm_fcws.state_py_18
cit_5587,5587,OBRAJE AMERICANO,py_ctrm_fcws.distri_200,base.py,py_ctrm_fcws.state_py_18
cit_5588,5588,OBRAJE GUERRILLERO,py_ctrm_fcws.distri_200,base.py,py_ctrm_fcws.state_py_18
cit_5589,5589,OBRAJE ITABO,py_ctrm_fcws.distri_200,base.py,py_ctrm_fcws.state_py_18
cit_5590,5590,OBRAJE SANTA CLARA,py_ctrm_fcws.distri_200,base.py,py_ctrm_fcws.state_py_18
cit_5591,5591,PACOBA,py_ctrm_fcws.distri_200,base.py,py_ctrm_fcws.state_py_18
cit_5592,5592,PACOBA 1A.,py_ctrm_fcws.distri_200,base.py,py_ctrm_fcws.state_py_18
cit_5593,5593,PACOBA 27,py_ctrm_fcws.distri_200,base.py,py_ctrm_fcws.state_py_18
cit_5594,5594,PACOBA 2A.,py_ctrm_fcws.distri_200,base.py,py_ctrm_fcws.state_py_18
cit_5595,5595,PALMITAL,py_ctrm_fcws.distri_200,base.py,py_ctrm_fcws.state_py_18
cit_5596,5596,PALMITAL CARAPA,py_ctrm_fcws.distri_200,base.py,py_ctrm_fcws.state_py_18
cit_5597,5597,PALMITAL IBEL,py_ctrm_fcws.distri_200,base.py,py_ctrm_fcws.state_py_18
cit_5598,5598,PALMITAL SAN ONOFRE,py_ctrm_fcws.distri_200,base.py,py_ctrm_fcws.state_py_18
cit_5599,5599,PALMITAL YAJHAPE,py_ctrm_fcws.distri_200,base.py,py_ctrm_fcws.state_py_18
cit_5600,5600,PIQUIÑO CUE,py_ctrm_fcws.distri_200,base.py,py_ctrm_fcws.state_py_18
cit_5601,5601,PLANCHADA LA NOVIA,py_ctrm_fcws.distri_200,base.py,py_ctrm_fcws.state_py_18
cit_5602,5602,PORTON NRO.1,py_ctrm_fcws.distri_200,base.py,py_ctrm_fcws.state_py_18
cit_5603,5603,PORTON NRO.2,py_ctrm_fcws.distri_200,base.py,py_ctrm_fcws.state_py_18
cit_5604,5604,PORTON NRO.3,py_ctrm_fcws.distri_200,base.py,py_ctrm_fcws.state_py_18
cit_5605,5605,PUENTE GUAYAKI,py_ctrm_fcws.distri_200,base.py,py_ctrm_fcws.state_py_18
cit_5606,5606,PUENTE ONOFRE,py_ctrm_fcws.distri_200,base.py,py_ctrm_fcws.state_py_18
cit_5607,5607,PUENTE PERO,py_ctrm_fcws.distri_200,base.py,py_ctrm_fcws.state_py_18
cit_5608,5608,RAMONITA,py_ctrm_fcws.distri_200,base.py,py_ctrm_fcws.state_py_18
cit_5609,5609,RANCHO DOS HERMANAS,py_ctrm_fcws.distri_200,base.py,py_ctrm_fcws.state_py_18
cit_5610,5610,RANCHO MARIA,py_ctrm_fcws.distri_200,base.py,py_ctrm_fcws.state_py_18
cit_5611,5611,RANCHO TUYU,py_ctrm_fcws.distri_200,base.py,py_ctrm_fcws.state_py_18
cit_5612,5612,SAN ALCIDES,py_ctrm_fcws.distri_200,base.py,py_ctrm_fcws.state_py_18
cit_5613,5613,SAN LUIS,py_ctrm_fcws.distri_200,base.py,py_ctrm_fcws.state_py_18
cit_5614,5614,SITIO 4 HERMANOS,py_ctrm_fcws.distri_200,base.py,py_ctrm_fcws.state_py_18
cit_5615,5615,VILLA IBEL,py_ctrm_fcws.distri_200,base.py,py_ctrm_fcws.state_py_18
cit_5616,5616,Y-JHOVY,py_ctrm_fcws.distri_200,base.py,py_ctrm_fcws.state_py_18
cit_5617,5617,YNAMBU Y-GUA,py_ctrm_fcws.distri_200,base.py,py_ctrm_fcws.state_py_18
cit_5618,5618,YUQUERI,py_ctrm_fcws.distri_200,base.py,py_ctrm_fcws.state_py_18
cit_5619,5619,YUQUERI 2A.,py_ctrm_fcws.distri_200,base.py,py_ctrm_fcws.state_py_18
cit_5620,5620,ZANJA PYTA,py_ctrm_fcws.distri_200,base.py,py_ctrm_fcws.state_py_18
cit_5621,5621,ÑASAINDY,py_ctrm_fcws.distri_200,base.py,py_ctrm_fcws.state_py_18
cit_5844,5844,FAZENDA PROGRESO,py_ctrm_fcws.distri_200,base.py,py_ctrm_fcws.state_py_18
cit_5845,5845,GUARANI AMERICANA 2A.,py_ctrm_fcws.distri_200,base.py,py_ctrm_fcws.state_py_18
cit_5622,5622,ITANARA,py_ctrm_fcws.distri_201,base.py,py_ctrm_fcws.state_py_18
cit_5623,5623,CAZAL CUE,py_ctrm_fcws.distri_201,base.py,py_ctrm_fcws.state_py_18
cit_5624,5624,COL.ITANARA,py_ctrm_fcws.distri_201,base.py,py_ctrm_fcws.state_py_18
cit_5625,5625,PARIRI,py_ctrm_fcws.distri_201,base.py,py_ctrm_fcws.state_py_18
cit_5626,5626,FRANCISCO CABALLERO ALVAREZ,py_ctrm_fcws.distri_202,base.py,py_ctrm_fcws.state_py_18
cit_5627,5627,6 DE enero,py_ctrm_fcws.distri_202,base.py,py_ctrm_fcws.state_py_18
cit_5628,5628,CRUCE PUENTE,py_ctrm_fcws.distri_202,base.py,py_ctrm_fcws.state_py_18
cit_5629,5629,ESTANCIA ITAKYRY,py_ctrm_fcws.distri_202,base.py,py_ctrm_fcws.state_py_18
cit_5630,5630,GUALIPANGO,py_ctrm_fcws.distri_202,base.py,py_ctrm_fcws.state_py_18
cit_5631,5631,KATUETE,py_ctrm_fcws.distri_202,base.py,py_ctrm_fcws.state_py_18
cit_5632,5632,LA PALOMA,py_ctrm_fcws.distri_202,base.py,py_ctrm_fcws.state_py_18
cit_5633,5633,MBARACAYU,py_ctrm_fcws.distri_202,base.py,py_ctrm_fcws.state_py_18
cit_5634,5634,PUENTE KYJHA,py_ctrm_fcws.distri_202,base.py,py_ctrm_fcws.state_py_18
cit_5635,5635,SAN FELIPE,py_ctrm_fcws.distri_202,base.py,py_ctrm_fcws.state_py_18
cit_5636,5636,SANTA CLARA,py_ctrm_fcws.distri_202,base.py,py_ctrm_fcws.state_py_18
cit_5637,5637,SANTA MARIA,py_ctrm_fcws.distri_202,base.py,py_ctrm_fcws.state_py_18
cit_4738,4738,SALTO DEL GUAIRA,py_ctrm_fcws.distri_207,base.py,py_ctrm_fcws.state_py_18
cit_4739,4739,22 MBARACAYU,py_ctrm_fcws.distri_207,base.py,py_ctrm_fcws.state_py_18
cit_4740,4740,6 DE enero,py_ctrm_fcws.distri_207,base.py,py_ctrm_fcws.state_py_18
cit_4741,4741,ALICA-I,py_ctrm_fcws.distri_207,base.py,py_ctrm_fcws.state_py_18
cit_4742,4742,ARROYO GUAZU,py_ctrm_fcws.distri_207,base.py,py_ctrm_fcws.state_py_18
cit_4743,4743,ARROYO GUAZU 2DO.,py_ctrm_fcws.distri_207,base.py,py_ctrm_fcws.state_py_18
cit_4744,4744,ARROYO ITAMBEY I,py_ctrm_fcws.distri_207,base.py,py_ctrm_fcws.state_py_18
cit_4745,4745,ARROYO ITA BLANCA CUE,py_ctrm_fcws.distri_207,base.py,py_ctrm_fcws.state_py_18
cit_4746,4746,ARROYO PERO,py_ctrm_fcws.distri_207,base.py,py_ctrm_fcws.state_py_18
cit_4747,4747,ARROYO SAN FRANCISCO,py_ctrm_fcws.distri_207,base.py,py_ctrm_fcws.state_py_18
cit_4748,4748,ARROYO YUQUERI,py_ctrm_fcws.distri_207,base.py,py_ctrm_fcws.state_py_18
cit_4749,4749,ASERRADERO ANGELITO,py_ctrm_fcws.distri_207,base.py,py_ctrm_fcws.state_py_18
cit_4750,4750,AUDIBER CUE,py_ctrm_fcws.distri_207,base.py,py_ctrm_fcws.state_py_18
cit_4751,4751,BAJADA GUAZU,py_ctrm_fcws.distri_207,base.py,py_ctrm_fcws.state_py_18
cit_4752,4752,BUEN DESTINO,py_ctrm_fcws.distri_207,base.py,py_ctrm_fcws.state_py_18
cit_4753,4753,CAMPAMENTO IBEL,py_ctrm_fcws.distri_207,base.py,py_ctrm_fcws.state_py_18
cit_4754,4754,CANINDEYU,py_ctrm_fcws.distri_207,base.py,py_ctrm_fcws.state_py_18
cit_4755,4755,CARAPA COLONIA GUARANI,py_ctrm_fcws.distri_207,base.py,py_ctrm_fcws.state_py_18
cit_4756,4756,CARAPA KM.3 MBARACAYU,py_ctrm_fcws.distri_207,base.py,py_ctrm_fcws.state_py_18
cit_4757,4757,CARAPA PARANA,py_ctrm_fcws.distri_207,base.py,py_ctrm_fcws.state_py_18
cit_4758,4758,CAÑADA SAN VICENTE,py_ctrm_fcws.distri_207,base.py,py_ctrm_fcws.state_py_18
cit_4759,4759,COL.GUARANI 4 Y 6,py_ctrm_fcws.distri_207,base.py,py_ctrm_fcws.state_py_18
cit_4760,4760,COL.MARANGATU,py_ctrm_fcws.distri_207,base.py,py_ctrm_fcws.state_py_18
cit_4761,4761,COL.MBARACAYU GUARANI,py_ctrm_fcws.distri_207,base.py,py_ctrm_fcws.state_py_18
cit_4762,4762,COL.SALTOS DEL GUAIRA (MUNIC),py_ctrm_fcws.distri_207,base.py,py_ctrm_fcws.state_py_18
cit_4762,4762,COL.SALTOS DEL GUAIRA (MUNIC),py_ctrm_fcws.distri_207,base.py,py_ctrm_fcws.state_py_18
cit_4762,4762,COL.SALTOS DEL GUAIRA (MUNIC),py_ctrm_fcws.distri_207,base.py,py_ctrm_fcws.state_py_18
cit_4762,4762,COL.SALTOS DEL GUAIRA (MUNIC),py_ctrm_fcws.distri_207,base.py,py_ctrm_fcws.state_py_18
cit_4762,4762,COL.SALTOS DEL GUAIRA (MUNIC),py_ctrm_fcws.distri_207,base.py,py_ctrm_fcws.state_py_18
cit_4762,4762,COL.SALTOS DEL GUAIRA (MUNIC),py_ctrm_fcws.distri_207,base.py,py_ctrm_fcws.state_py_18
cit_4762,4762,COL.SALTOS DEL GUAIRA (MUNIC),py_ctrm_fcws.distri_207,base.py,py_ctrm_fcws.state_py_18
cit_4762,4762,COL.SALTOS DEL GUAIRA (MUNIC),py_ctrm_fcws.distri_207,base.py,py_ctrm_fcws.state_py_18
cit_4762,4762,COL.SALTOS DEL GUAIRA (MUNIC),py_ctrm_fcws.distri_207,base.py,py_ctrm_fcws.state_py_18
cit_4762,4762,COL.SALTOS DEL GUAIRA (MUNIC),py_ctrm_fcws.distri_207,base.py,py_ctrm_fcws.state_py_18
cit_4762,4762,COL.SALTOS DEL GUAIRA (MUNIC),py_ctrm_fcws.distri_207,base.py,py_ctrm_fcws.state_py_18
cit_4763,4763,COL.SAN LUIS BORBA,py_ctrm_fcws.distri_207,base.py,py_ctrm_fcws.state_py_18
cit_4764,4764,CRUCE PUENTE KYJHA,py_ctrm_fcws.distri_207,base.py,py_ctrm_fcws.state_py_18
cit_4765,4765,CRUCE PUENTE KYJHA 2A.LINEA,py_ctrm_fcws.distri_207,base.py,py_ctrm_fcws.state_py_18
cit_4766,4766,EL HUASIPONGO,py_ctrm_fcws.distri_207,base.py,py_ctrm_fcws.state_py_18
cit_4767,4767,ESTANCIA ALTO PARANA,py_ctrm_fcws.distri_207,base.py,py_ctrm_fcws.state_py_18
cit_4768,4768,ESTANCIA ITA BLANCA,py_ctrm_fcws.distri_207,base.py,py_ctrm_fcws.state_py_18
cit_4769,4769,ESTANCIA MALDONADO,py_ctrm_fcws.distri_207,base.py,py_ctrm_fcws.state_py_18
cit_4770,4770,ESTANCIA MACAEMBU KM.29,py_ctrm_fcws.distri_207,base.py,py_ctrm_fcws.state_py_18
cit_4771,4771,ESTANCIA SAN BERNARDO,py_ctrm_fcws.distri_207,base.py,py_ctrm_fcws.state_py_18
cit_4772,4772,ESTANCIA SAN LUIS,py_ctrm_fcws.distri_207,base.py,py_ctrm_fcws.state_py_18
cit_4773,4773,ESTANCIA SANTA TERESA,py_ctrm_fcws.distri_207,base.py,py_ctrm_fcws.state_py_18
cit_4774,4774,FAZENDA 47,py_ctrm_fcws.distri_207,base.py,py_ctrm_fcws.state_py_18
cit_4775,4775,FAZENDA 5 DE SETIEMBRE,py_ctrm_fcws.distri_207,base.py,py_ctrm_fcws.state_py_18
cit_4776,4776,FAZENDA ALBORADA,py_ctrm_fcws.distri_207,base.py,py_ctrm_fcws.state_py_18
cit_4777,4777,FAZENDA BEATRIZ LOPEZ,py_ctrm_fcws.distri_207,base.py,py_ctrm_fcws.state_py_18
cit_4778,4778,FAZENDA BELLA FLOR,py_ctrm_fcws.distri_207,base.py,py_ctrm_fcws.state_py_18
cit_4779,4779,FAZENDA EBRAIN,py_ctrm_fcws.distri_207,base.py,py_ctrm_fcws.state_py_18
cit_4780,4780,FAZENDA FIDELINO ROSA,py_ctrm_fcws.distri_207,base.py,py_ctrm_fcws.state_py_18
cit_4781,4781,FAZENDA GARCIA,py_ctrm_fcws.distri_207,base.py,py_ctrm_fcws.state_py_18
cit_4782,4782,FAZENDA GENTIL MACHADO,py_ctrm_fcws.distri_207,base.py,py_ctrm_fcws.state_py_18
cit_4783,4783,FAZENDA GUAVIRA POTY,py_ctrm_fcws.distri_207,base.py,py_ctrm_fcws.state_py_18
cit_4784,4784,FAZENDA JOSE,py_ctrm_fcws.distri_207,base.py,py_ctrm_fcws.state_py_18
cit_4785,4785,FAZENDA MALDONADO (HACIENDA),py_ctrm_fcws.distri_207,base.py,py_ctrm_fcws.state_py_18
cit_4786,4786,FAZENDA MINEROS,py_ctrm_fcws.distri_207,base.py,py_ctrm_fcws.state_py_18
cit_4787,4787,FAZENDA MOISES BERNARDO,py_ctrm_fcws.distri_207,base.py,py_ctrm_fcws.state_py_18
cit_4788,4788,FAZENDA NANAWA,py_ctrm_fcws.distri_207,base.py,py_ctrm_fcws.state_py_18
cit_4789,4789,FAZENDA SERRATI,py_ctrm_fcws.distri_207,base.py,py_ctrm_fcws.state_py_18
cit_4790,4790,FAZENDA TACUARA,py_ctrm_fcws.distri_207,base.py,py_ctrm_fcws.state_py_18
cit_4791,4791,FAZENDA TACUARA 2A.,py_ctrm_fcws.distri_207,base.py,py_ctrm_fcws.state_py_18
cit_4792,4792,FAZENDA VILINA KELVIN,py_ctrm_fcws.distri_207,base.py,py_ctrm_fcws.state_py_18
cit_4793,4793,GAZOTY 2A.,py_ctrm_fcws.distri_207,base.py,py_ctrm_fcws.state_py_18
cit_4794,4794,GRANJA SERRATI,py_ctrm_fcws.distri_207,base.py,py_ctrm_fcws.state_py_18
cit_4795,4795,GUATA PORA (KM.39),py_ctrm_fcws.distri_207,base.py,py_ctrm_fcws.state_py_18
cit_4796,4796,GUAVIRA,py_ctrm_fcws.distri_207,base.py,py_ctrm_fcws.state_py_18
cit_4797,4797,GUAVIRA 2A.(GUAVIRA-I),py_ctrm_fcws.distri_207,base.py,py_ctrm_fcws.state_py_18
cit_4798,4798,GUAZURY KM.16,py_ctrm_fcws.distri_207,base.py,py_ctrm_fcws.state_py_18
cit_4799,4799,GUAZURY PARANA,py_ctrm_fcws.distri_207,base.py,py_ctrm_fcws.state_py_18
cit_4800,4800,GUAZU YCUA,py_ctrm_fcws.distri_207,base.py,py_ctrm_fcws.state_py_18
cit_4801,4801,ITABO-MI,py_ctrm_fcws.distri_207,base.py,py_ctrm_fcws.state_py_18
cit_4802,4802,ITABO TACUARA,py_ctrm_fcws.distri_207,base.py,py_ctrm_fcws.state_py_18
cit_4803,4803,ITACURUBI,py_ctrm_fcws.distri_207,base.py,py_ctrm_fcws.state_py_18
cit_4804,4804,KILOMETRO 10 GUARANI,py_ctrm_fcws.distri_207,base.py,py_ctrm_fcws.state_py_18
cit_4805,4805,KILOMETRO 14 MBARACAYU,py_ctrm_fcws.distri_207,base.py,py_ctrm_fcws.state_py_18
cit_4806,4806,KILOMETRO 23 PRADO,py_ctrm_fcws.distri_207,base.py,py_ctrm_fcws.state_py_18
cit_4807,4807,KILOMETRO 24 MBARACAYU,py_ctrm_fcws.distri_207,base.py,py_ctrm_fcws.state_py_18
cit_4808,4808,KILOMETRO 29 MBARACAYU,py_ctrm_fcws.distri_207,base.py,py_ctrm_fcws.state_py_18
cit_4809,4809,KILOMETRO 30,py_ctrm_fcws.distri_207,base.py,py_ctrm_fcws.state_py_18
cit_4810,4810,KILOMETRO 4 CARAPA,py_ctrm_fcws.distri_207,base.py,py_ctrm_fcws.state_py_18
cit_4811,4811,KILOMETRO 4 MBARACAYU,py_ctrm_fcws.distri_207,base.py,py_ctrm_fcws.state_py_18
cit_4812,4812,KILOMETRO 40,py_ctrm_fcws.distri_207,base.py,py_ctrm_fcws.state_py_18
cit_4813,4813,KILOMETRO 40 GUARANI,py_ctrm_fcws.distri_207,base.py,py_ctrm_fcws.state_py_18
cit_4814,4814,KILOMETRO 40 MBARACAYU,py_ctrm_fcws.distri_207,base.py,py_ctrm_fcws.state_py_18
cit_4815,4815,KILOMETRO 41 BORBA,py_ctrm_fcws.distri_207,base.py,py_ctrm_fcws.state_py_18
cit_4816,4816,KILOMETRO 42 BORBA,py_ctrm_fcws.distri_207,base.py,py_ctrm_fcws.state_py_18
cit_4817,4817,KILOMETRO 47 BORBA,py_ctrm_fcws.distri_207,base.py,py_ctrm_fcws.state_py_18
cit_4818,4818,KILOMETRO 5 MBARACAYU,py_ctrm_fcws.distri_207,base.py,py_ctrm_fcws.state_py_18
cit_4819,4819,KILOMETRO 53 Y PATRIMONIO PORA,py_ctrm_fcws.distri_207,base.py,py_ctrm_fcws.state_py_18
cit_4820,4820,KILOMETRO 6,py_ctrm_fcws.distri_207,base.py,py_ctrm_fcws.state_py_18
cit_4821,4821,KILOMETRO 8,py_ctrm_fcws.distri_207,base.py,py_ctrm_fcws.state_py_18
cit_4822,4822,LA REINA,py_ctrm_fcws.distri_207,base.py,py_ctrm_fcws.state_py_18
cit_4823,4823,LA REINA 2A.,py_ctrm_fcws.distri_207,base.py,py_ctrm_fcws.state_py_18
cit_4824,4824,LA REINA 3A.,py_ctrm_fcws.distri_207,base.py,py_ctrm_fcws.state_py_18
cit_4825,4825,MAINUMBY,py_ctrm_fcws.distri_207,base.py,py_ctrm_fcws.state_py_18
cit_4826,4826,NUESTRA SRA.APARECIDA,py_ctrm_fcws.distri_207,base.py,py_ctrm_fcws.state_py_18
cit_4827,4827,ORO VERDE,py_ctrm_fcws.distri_207,base.py,py_ctrm_fcws.state_py_18
cit_4828,4828,PALMITAL M.AMORE,py_ctrm_fcws.distri_207,base.py,py_ctrm_fcws.state_py_18
cit_4829,4829,PALMITAL SAN MIGUEL,py_ctrm_fcws.distri_207,base.py,py_ctrm_fcws.state_py_18
cit_4830,4830,PANAMBI VERA KM.34 GUARANI,py_ctrm_fcws.distri_207,base.py,py_ctrm_fcws.state_py_18
cit_4831,4831,PATRIMONIO YACY PORA,py_ctrm_fcws.distri_207,base.py,py_ctrm_fcws.state_py_18
cit_4832,4832,PATRIMONIO YBY PORA,py_ctrm_fcws.distri_207,base.py,py_ctrm_fcws.state_py_18
cit_4833,4833,PORTON NRO.4,py_ctrm_fcws.distri_207,base.py,py_ctrm_fcws.state_py_18
cit_4834,4834,PORTON NRO.5,py_ctrm_fcws.distri_207,base.py,py_ctrm_fcws.state_py_18
cit_4835,4835,POSUELO,py_ctrm_fcws.distri_207,base.py,py_ctrm_fcws.state_py_18
cit_4836,4836,PUENTE CARAPA,py_ctrm_fcws.distri_207,base.py,py_ctrm_fcws.state_py_18
cit_4837,4837,PUENTE KYJHA,py_ctrm_fcws.distri_207,base.py,py_ctrm_fcws.state_py_18
cit_4838,4838,PUENTE KYJHA 2A.,py_ctrm_fcws.distri_207,base.py,py_ctrm_fcws.state_py_18
cit_4839,4839,PUERTO ADELA,py_ctrm_fcws.distri_207,base.py,py_ctrm_fcws.state_py_18
cit_4840,4840,PUERTO MARANGATU,py_ctrm_fcws.distri_207,base.py,py_ctrm_fcws.state_py_18
cit_4841,4841,PUERTO TEMBEY,py_ctrm_fcws.distri_207,base.py,py_ctrm_fcws.state_py_18
cit_4842,4842,RANCHO ALEGRE,py_ctrm_fcws.distri_207,base.py,py_ctrm_fcws.state_py_18
cit_4843,4843,RANCHO CORONEL,py_ctrm_fcws.distri_207,base.py,py_ctrm_fcws.state_py_18
cit_4844,4844,RANCHO MARTINEZ KM.30,py_ctrm_fcws.distri_207,base.py,py_ctrm_fcws.state_py_18
cit_4845,4845,RANCHO PALMITO,py_ctrm_fcws.distri_207,base.py,py_ctrm_fcws.state_py_18
cit_4846,4846,RANCHO SANTA ISABEL,py_ctrm_fcws.distri_207,base.py,py_ctrm_fcws.state_py_18
cit_4847,4847,REINA BETTI,py_ctrm_fcws.distri_207,base.py,py_ctrm_fcws.state_py_18
cit_4848,4848,RESERVADO 29,py_ctrm_fcws.distri_207,base.py,py_ctrm_fcws.state_py_18
cit_4849,4849,RIVEROS PARANA,py_ctrm_fcws.distri_207,base.py,py_ctrm_fcws.state_py_18
cit_4850,4850,ROSENDO PALMITAL,py_ctrm_fcws.distri_207,base.py,py_ctrm_fcws.state_py_18
cit_4851,4851,SALTOS DEL GUAIRA,py_ctrm_fcws.distri_207,base.py,py_ctrm_fcws.state_py_18
cit_4852,4852,SAN JUAN,py_ctrm_fcws.distri_207,base.py,py_ctrm_fcws.state_py_18
cit_4853,4853,SANTO DOMINGO,py_ctrm_fcws.distri_207,base.py,py_ctrm_fcws.state_py_18
cit_4854,4854,SITIO SANTANA,py_ctrm_fcws.distri_207,base.py,py_ctrm_fcws.state_py_18
cit_4855,4855,SITIO YBY CATU,py_ctrm_fcws.distri_207,base.py,py_ctrm_fcws.state_py_18
cit_4856,4856,TACUARA,py_ctrm_fcws.distri_207,base.py,py_ctrm_fcws.state_py_18
cit_4857,4857,TUNA,py_ctrm_fcws.distri_207,base.py,py_ctrm_fcws.state_py_18
cit_4858,4858,YAJHAPE SANTA CRUZ,py_ctrm_fcws.distri_207,base.py,py_ctrm_fcws.state_py_18
cit_4859,4859,YUKYRYBIY,py_ctrm_fcws.distri_207,base.py,py_ctrm_fcws.state_py_18
cit_5829,5829,ARROYO BLANCO,py_ctrm_fcws.distri_207,base.py,py_ctrm_fcws.state_py_18
cit_5830,5830,ARROYO LA REINA,py_ctrm_fcws.distri_207,base.py,py_ctrm_fcws.state_py_18
cit_5831,5831,AZUCA,py_ctrm_fcws.distri_207,base.py,py_ctrm_fcws.state_py_18
cit_5832,5832,CAMPAMENTO ZATO,py_ctrm_fcws.distri_207,base.py,py_ctrm_fcws.state_py_18
cit_5833,5833,CERRO VERA,py_ctrm_fcws.distri_207,base.py,py_ctrm_fcws.state_py_18
cit_4602,4602,LA PALOMA,py_ctrm_fcws.distri_235,base.py,py_ctrm_fcws.state_py_18
cit_4599,4599,KATUETE,py_ctrm_fcws.distri_236,base.py,py_ctrm_fcws.state_py_18
cit_4603,4603,NUEVA ESPERANZA,py_ctrm_fcws.distri_238,base.py,py_ctrm_fcws.state_py_18
cit_4607,4607,YASY KAÑY,py_ctrm_fcws.distri_241,base.py,py_ctrm_fcws.state_py_18
cit_6424,6424,YBYRAROBANA,py_ctrm_fcws.distri_271,base.py,py_ctrm_fcws.state_py_18
cit_6426,6426,YBY PYTA (MUNICIPIO),py_ctrm_fcws.distri_274,base.py,py_ctrm_fcws.state_py_18
cit_6431,6431,MARACANA,py_ctrm_fcws.distri_283,base.py,py_ctrm_fcws.state_py_18
